[20:07:40] [main/INFO]: Loading tweak class name net.minecraftforge.fml.common.launcher.FMLTweaker
[20:07:40] [main/INFO]: Using primary tweak class name net.minecraftforge.fml.common.launcher.FMLTweaker
[20:07:40] [main/INFO]: Calling tweak class net.minecraftforge.fml.common.launcher.FMLTweaker
[20:07:40] [main/INFO]: Forge Mod Loader version 11.15.1.2318 for Minecraft 1.8.9 loading
[20:07:40] [main/INFO]: Java is Java HotSpot(TM) 64-Bit Server VM, version 1.8.0_51, running on Windows 10:amd64:10.0, installed at C:\Users\matts\curseforge\minecraft\Install\runtime\jre-legacy\windows-x64\jre-legacy
[20:07:40] [main/INFO]: Loading tweaker info.varden.chatlog.CLTweaker from ChatLog_V1.jar
[20:07:40] [main/INFO]: Loading tweaker cc.polyfrost.oneconfig.loader.stage0.LaunchWrapperTweaker from EvergreenHUD-1.8.9-forge-2.1.7.jar
[20:07:40] [main/INFO]: Loading tweak class name net.minecraftforge.fml.common.launcher.FMLInjectionAndSortingTweaker
[20:07:40] [main/INFO]: Loading tweak class name info.varden.chatlog.CLTweaker
[20:07:40] [main/INFO]: Loading tweak class name cc.polyfrost.oneconfig.loader.stage0.LaunchWrapperTweaker
[20:07:40] [main/INFO]: [cc.polyfrost.oneconfig.loader.stage0.OneConfigWrapperBase:addSSLStore:258]: Attempting to load Polyfrost certificate.
[20:07:40] [main/INFO]: [cc.polyfrost.oneconfig.loader.stage0.OneConfigWrapperBase:<init>:49]: OneConfig has detected the version 1.8.9. If this is false, report this at https://inv.wtf/polyfrost
[20:07:40] [main/INFO]: [cc.polyfrost.oneconfig.loader.OneConfigWrapperBase:<init>:49]: OneConfig has detected the version 1.8.9. If this is false, report this at https://inv.wtf/polyfrost
[20:07:40] [main/INFO]: [cc.polyfrost.oneconfig.internal.plugin.asm.OneConfigTweaker:injectMixinTweaker:186]: Injecting MixinTweaker from EssentialSetupTweaker
[20:07:40] [main/INFO]: SpongePowered MIXIN Subsystem Version=0.7.11 Source=file:/C:/Users/matts/curseforge/minecraft/Instances/test%20chatlog/./OneConfig/OneConfig%20(1.8.9-forge).jar Service=LaunchWrapper Env=CLIENT
[20:07:40] [main/INFO]: [cc.polyfrost.oneconfig.loader.OneConfigLoaderBase:<init>:44]: OneConfig has detected the version 1.8.9. If this is false, report this at https://inv.wtf/polyfrost
[20:07:40] [main/INFO]: Loading tweak class name net.minecraftforge.fml.common.launcher.FMLDeobfTweaker
[20:07:40] [main/INFO]: Calling tweak class net.minecraftforge.fml.common.launcher.FMLInjectionAndSortingTweaker
[20:07:40] [main/INFO]: Calling tweak class net.minecraftforge.fml.common.launcher.FMLInjectionAndSortingTweaker
[20:07:40] [main/INFO]: Calling tweak class net.minecraftforge.fml.relauncher.CoreModManager$FMLPluginWrapper
[20:07:40] [main/DEBUG]: Injecting coremod FMLCorePlugin {net.minecraftforge.fml.relauncher.FMLCorePlugin} class transformers
[20:07:40] [main/TRACE]: Registering transformer net.minecraftforge.fml.common.asm.transformers.BlamingTransformer
[20:07:40] [main/TRACE]: Registering transformer net.minecraftforge.fml.common.asm.transformers.SideTransformer
[20:07:40] [main/TRACE]: Registering transformer net.minecraftforge.fml.common.asm.transformers.EventSubscriptionTransformer
[20:07:40] [main/TRACE]: Registering transformer net.minecraftforge.fml.common.asm.transformers.EventSubscriberTransformer
[20:07:40] [main/DEBUG]: Injection complete
[20:07:40] [main/DEBUG]: Running coremod plugin for FMLCorePlugin {net.minecraftforge.fml.relauncher.FMLCorePlugin}
[20:07:40] [main/DEBUG]: Running coremod plugin FMLCorePlugin
[20:07:41] [main/DEBUG]: Read 825 binary patches
[20:07:41] [main/DEBUG]: Loading deobfuscation resource /deobfuscation_data-1.8.9.lzma with 27891 records
[20:07:41] [main/INFO]: Found valid fingerprint for Minecraft Forge. Certificate fingerprint e3c3d50c7c986df74c645c0ac54639741c90a557
[20:07:41] [main/INFO]: Found valid fingerprint for Minecraft. Certificate fingerprint cd99959656f753dc28d863b46769f7f8fbaefcfc
[20:07:41] [main/DEBUG]: Coremod plugin class FMLCorePlugin run successfully
[20:07:41] [main/INFO]: Calling tweak class net.minecraftforge.fml.relauncher.CoreModManager$FMLPluginWrapper
[20:07:41] [main/DEBUG]: Injecting coremod FMLForgePlugin {net.minecraftforge.classloading.FMLForgePlugin} class transformers
[20:07:41] [main/DEBUG]: Injection complete
[20:07:41] [main/DEBUG]: Running coremod plugin for FMLForgePlugin {net.minecraftforge.classloading.FMLForgePlugin}
[20:07:41] [main/DEBUG]: Running coremod plugin FMLForgePlugin
[20:07:41] [main/DEBUG]: Coremod plugin class FMLForgePlugin run successfully
[20:07:41] [main/INFO]: Calling tweak class info.varden.chatlog.CLTweaker
[20:07:41] [main/INFO]: Calling tweak class org.spongepowered.asm.launch.MixinTweaker
[20:07:41] [main/INFO]: Compatibility level set to JAVA_8
[20:07:41] [main/INFO]: Initialised Mixin FML Remapper Adapter with net.minecraftforge.fml.common.asm.transformers.deobf.FMLDeobfuscatingRemapper@705202d1
[20:07:41] [main/INFO]: Calling tweak class cc.polyfrost.oneconfig.loader.stage0.LaunchWrapperTweaker
[20:07:41] [main/INFO]: Calling tweak class net.minecraftforge.fml.common.launcher.FMLDeobfTweaker
[20:07:41] [main/DEBUG]: Loaded 165 rules from AccessTransformer config file forge_at.cfg
[20:07:41] [main/DEBUG]: Validating minecraft
[20:07:41] [main/INFO]: Loading tweak class name net.minecraftforge.fml.common.launcher.TerminalTweaker
[20:07:41] [main/INFO]: Loading tweak class name org.spongepowered.asm.mixin.EnvironmentStateTweaker
[20:07:41] [main/INFO]: Calling tweak class net.minecraftforge.fml.common.launcher.TerminalTweaker
[20:07:41] [main/INFO]: Calling tweak class org.spongepowered.asm.mixin.EnvironmentStateTweaker
[20:07:41] [main/WARN]: Error loading class: Config (java.lang.ClassNotFoundException: The specified class 'Config' was not found)
[20:07:41] [main/WARN]: Error loading class: net/wyvest/redaction/features/NameHighlight (java.lang.ClassNotFoundException: The specified class 'net.wyvest.redaction.features.NameHighlight' was not found)
[20:07:41] [main/WARN]: Error loading class: org/polyfrost/redaction/features/NameHighlight (java.lang.ClassNotFoundException: The specified class 'org.polyfrost.redaction.features.NameHighlight' was not found)
[20:07:41] [main/WARN]: Error loading class: mynameisjeff/skyblockclientupdater/UpdateChecker (java.lang.ClassNotFoundException: The specified class 'mynameisjeff.skyblockclientupdater.UpdateChecker' was not found)
[20:07:41] [main/WARN]: Error loading class: club/sk1er/mods/levelhead/render/AboveHeadRender (java.lang.ClassNotFoundException: The specified class 'club.sk1er.mods.levelhead.render.AboveHeadRender' was not found)
[20:07:41] [main/INFO]: Mixing MainMixin from mixins.evergreenhud.json into net.minecraft.client.main.Main
[20:07:41] [main/INFO]: Launching wrapped minecraft {net.minecraft.client.main.Main}
[20:07:41] [main/INFO]: Mixing MinecraftMixin from mixins.oneconfig.json into net.minecraft.client.Minecraft
[20:07:41] [main/INFO]: Mixing GuiScreenMixin from mixins.oneconfig.json into net.minecraft.client.gui.GuiScreen
[20:07:41] [main/INFO]: Mixing EntityPlayerMixin from mixins.evergreenhud.json into net.minecraft.entity.player.EntityPlayer
[20:07:41] [main/INFO]: Mixing EntityPlayerSPMixin from mixins.oneconfig.json into net.minecraft.client.entity.EntityPlayerSP
[20:07:41] [main/INFO]: Mixing WorldClientMixin from mixins.oneconfig.json into net.minecraft.client.multiplayer.WorldClient
[20:07:42] [main/INFO]: Mixing GuiIngameAccessor from mixins.evergreenhud.json into net.minecraft.client.gui.GuiIngame
[20:07:42] [main/INFO]: Mixing GuiIngameForgeMixin from mixins.oneconfig.json into net.minecraftforge.client.GuiIngameForge
[20:07:42] [main/ERROR]: The jar file C:\Users\matts\curseforge\minecraft\Install\libraries\org\lwjgl\lwjgl\lwjgl\2.9.4-nightly-20150209\lwjgl-2.9.4-nightly-20150209.jar has a security seal for path org.lwjgl.opengl, but that path is defined and not secure
[20:07:42] [main/ERROR]: The jar file C:\Users\matts\curseforge\minecraft\Install\libraries\org\lwjgl\lwjgl\lwjgl\2.9.4-nightly-20150209\lwjgl-2.9.4-nightly-20150209.jar has a security seal for path org.lwjgl, but that path is defined and not secure
[20:07:42] [main/ERROR]: The jar file C:\Users\matts\curseforge\minecraft\Install\libraries\org\lwjgl\lwjgl\lwjgl\2.9.4-nightly-20150209\lwjgl-2.9.4-nightly-20150209.jar has a security seal for path org.lwjgl, but that path is defined and not secure
[20:07:42] [main/ERROR]: The jar file C:\Users\matts\curseforge\minecraft\Install\libraries\org\lwjgl\lwjgl\lwjgl\2.9.4-nightly-20150209\lwjgl-2.9.4-nightly-20150209.jar has a security seal for path org.lwjgl, but that path is defined and not secure
[20:07:42] [main/ERROR]: The jar file C:\Users\matts\curseforge\minecraft\Install\libraries\org\lwjgl\lwjgl\lwjgl\2.9.4-nightly-20150209\lwjgl-2.9.4-nightly-20150209.jar has a security seal for path org.lwjgl, but that path is defined and not secure
[20:07:42] [main/ERROR]: The jar file C:\Users\matts\curseforge\minecraft\Install\libraries\org\lwjgl\lwjgl\lwjgl\2.9.4-nightly-20150209\lwjgl-2.9.4-nightly-20150209.jar has a security seal for path org.lwjgl, but that path is defined and not secure
[20:07:42] [main/ERROR]: The jar file C:\Users\matts\curseforge\minecraft\Install\libraries\org\lwjgl\lwjgl\lwjgl\2.9.4-nightly-20150209\lwjgl-2.9.4-nightly-20150209.jar has a security seal for path org.lwjgl, but that path is defined and not secure
[20:07:42] [main/ERROR]: The jar file C:\Users\matts\curseforge\minecraft\Install\libraries\org\lwjgl\lwjgl\lwjgl\2.9.4-nightly-20150209\lwjgl-2.9.4-nightly-20150209.jar has a security seal for path org.lwjgl, but that path is defined and not secure
[20:07:42] [main/ERROR]: The jar file C:\Users\matts\curseforge\minecraft\Install\libraries\org\lwjgl\lwjgl\lwjgl\2.9.4-nightly-20150209\lwjgl-2.9.4-nightly-20150209.jar has a security seal for path org.lwjgl, but that path is defined and not secure
[20:07:42] [main/ERROR]: The jar file C:\Users\matts\curseforge\minecraft\Install\libraries\org\lwjgl\lwjgl\lwjgl\2.9.4-nightly-20150209\lwjgl-2.9.4-nightly-20150209.jar has a security seal for path org.lwjgl, but that path is defined and not secure
[20:07:42] [main/ERROR]: The jar file C:\Users\matts\curseforge\minecraft\Install\libraries\org\lwjgl\lwjgl\lwjgl\2.9.4-nightly-20150209\lwjgl-2.9.4-nightly-20150209.jar has a security seal for path org.lwjgl, but that path is defined and not secure
[20:07:42] [Client thread/INFO]: Setting user: mayorie
[20:07:42] [Client thread/INFO]: Mixing EventBusMixin from mixins.oneconfig.json into net.minecraftforge.fml.common.eventhandler.EventBus
[20:07:42] [Client thread/INFO]: LWJGL Version: 2.9.4
[20:07:42] [Client thread/ERROR]: The jar file C:\Users\matts\curseforge\minecraft\Install\libraries\org\lwjgl\lwjgl\lwjgl\2.9.4-nightly-20150209\lwjgl-2.9.4-nightly-20150209.jar has a security seal for path org.lwjgl.opengl, but that path is defined and not secure
[20:07:42] [Client thread/ERROR]: The jar file C:\Users\matts\curseforge\minecraft\Install\libraries\org\lwjgl\lwjgl\lwjgl\2.9.4-nightly-20150209\lwjgl-2.9.4-nightly-20150209.jar has a security seal for path org.lwjgl.opengl, but that path is defined and not secure
[20:07:42] [Client thread/ERROR]: The jar file C:\Users\matts\curseforge\minecraft\Install\libraries\org\lwjgl\lwjgl\lwjgl\2.9.4-nightly-20150209\lwjgl-2.9.4-nightly-20150209.jar has a security seal for path org.lwjgl.opengl, but that path is defined and not secure
[20:07:42] [Client thread/ERROR]: The jar file C:\Users\matts\curseforge\minecraft\Install\libraries\org\lwjgl\lwjgl\lwjgl\2.9.4-nightly-20150209\lwjgl-2.9.4-nightly-20150209.jar has a security seal for path org.lwjgl.opengl, but that path is defined and not secure
[20:07:42] [Client thread/ERROR]: The jar file C:\Users\matts\curseforge\minecraft\Install\libraries\org\lwjgl\lwjgl\lwjgl\2.9.4-nightly-20150209\lwjgl-2.9.4-nightly-20150209.jar has a security seal for path org.lwjgl.opengl, but that path is defined and not secure
[20:07:42] [Client thread/ERROR]: The jar file C:\Users\matts\curseforge\minecraft\Install\libraries\org\lwjgl\lwjgl\lwjgl\2.9.4-nightly-20150209\lwjgl-2.9.4-nightly-20150209.jar has a security seal for path org.lwjgl.opengl, but that path is defined and not secure
[20:07:42] [Client thread/ERROR]: The jar file C:\Users\matts\curseforge\minecraft\Install\libraries\org\lwjgl\lwjgl\lwjgl\2.9.4-nightly-20150209\lwjgl-2.9.4-nightly-20150209.jar has a security seal for path org.lwjgl.opengl, but that path is defined and not secure
[20:07:42] [Client thread/ERROR]: The jar file C:\Users\matts\curseforge\minecraft\Install\libraries\org\lwjgl\lwjgl\lwjgl\2.9.4-nightly-20150209\lwjgl-2.9.4-nightly-20150209.jar has a security seal for path org.lwjgl.opengl, but that path is defined and not secure
[20:07:42] [Client thread/ERROR]: The jar file C:\Users\matts\curseforge\minecraft\Install\libraries\org\lwjgl\lwjgl\lwjgl\2.9.4-nightly-20150209\lwjgl-2.9.4-nightly-20150209.jar has a security seal for path org.lwjgl.opengl, but that path is defined and not secure
[20:07:42] [Client thread/ERROR]: The jar file C:\Users\matts\curseforge\minecraft\Install\libraries\org\lwjgl\lwjgl\lwjgl\2.9.4-nightly-20150209\lwjgl-2.9.4-nightly-20150209.jar has a security seal for path org.lwjgl.opengl, but that path is defined and not secure
[20:07:42] [Client thread/ERROR]: The jar file C:\Users\matts\curseforge\minecraft\Install\libraries\org\lwjgl\lwjgl\lwjgl\2.9.4-nightly-20150209\lwjgl-2.9.4-nightly-20150209.jar has a security seal for path org.lwjgl.opengl, but that path is defined and not secure
[20:07:42] [Client thread/ERROR]: The jar file C:\Users\matts\curseforge\minecraft\Install\libraries\org\lwjgl\lwjgl\lwjgl\2.9.4-nightly-20150209\lwjgl-2.9.4-nightly-20150209.jar has a security seal for path org.lwjgl.opengl, but that path is defined and not secure
[20:07:42] [Client thread/ERROR]: The jar file C:\Users\matts\curseforge\minecraft\Install\libraries\org\lwjgl\lwjgl\lwjgl\2.9.4-nightly-20150209\lwjgl-2.9.4-nightly-20150209.jar has a security seal for path org.lwjgl.opengl, but that path is defined and not secure
[20:07:42] [Client thread/ERROR]: The jar file C:\Users\matts\curseforge\minecraft\Install\libraries\org\lwjgl\lwjgl\lwjgl\2.9.4-nightly-20150209\lwjgl-2.9.4-nightly-20150209.jar has a security seal for path org.lwjgl.opengl, but that path is defined and not secure
[20:07:42] [Client thread/ERROR]: The jar file C:\Users\matts\curseforge\minecraft\Install\libraries\org\lwjgl\lwjgl\lwjgl\2.9.4-nightly-20150209\lwjgl-2.9.4-nightly-20150209.jar has a security seal for path org.lwjgl.opengl, but that path is defined and not secure
[20:07:42] [Client thread/ERROR]: The jar file C:\Users\matts\curseforge\minecraft\Install\libraries\org\lwjgl\lwjgl\lwjgl\2.9.4-nightly-20150209\lwjgl-2.9.4-nightly-20150209.jar has a security seal for path org.lwjgl.opengl, but that path is defined and not secure
[20:07:42] [Client thread/ERROR]: The jar file C:\Users\matts\curseforge\minecraft\Install\libraries\org\lwjgl\lwjgl\lwjgl\2.9.4-nightly-20150209\lwjgl-2.9.4-nightly-20150209.jar has a security seal for path org.lwjgl.opengl, but that path is defined and not secure
[20:07:42] [Client thread/ERROR]: The jar file C:\Users\matts\curseforge\minecraft\Install\libraries\org\lwjgl\lwjgl\lwjgl\2.9.4-nightly-20150209\lwjgl-2.9.4-nightly-20150209.jar has a security seal for path org.lwjgl.opengl, but that path is defined and not secure
[20:07:42] [Client thread/ERROR]: The jar file C:\Users\matts\curseforge\minecraft\Install\libraries\org\lwjgl\lwjgl\lwjgl\2.9.4-nightly-20150209\lwjgl-2.9.4-nightly-20150209.jar has a security seal for path org.lwjgl.opengl, but that path is defined and not secure
[20:07:42] [Client thread/ERROR]: The jar file C:\Users\matts\curseforge\minecraft\Install\libraries\org\lwjgl\lwjgl\lwjgl\2.9.4-nightly-20150209\lwjgl-2.9.4-nightly-20150209.jar has a security seal for path org.lwjgl.opengl, but that path is defined and not secure
[20:07:42] [Client thread/ERROR]: The jar file C:\Users\matts\curseforge\minecraft\Install\libraries\org\lwjgl\lwjgl\lwjgl\2.9.4-nightly-20150209\lwjgl-2.9.4-nightly-20150209.jar has a security seal for path org.lwjgl.opengl, but that path is defined and not secure
[20:07:42] [Client thread/ERROR]: The jar file C:\Users\matts\curseforge\minecraft\Install\libraries\org\lwjgl\lwjgl\lwjgl\2.9.4-nightly-20150209\lwjgl-2.9.4-nightly-20150209.jar has a security seal for path org.lwjgl.opengl, but that path is defined and not secure
[20:07:42] [Client thread/ERROR]: The jar file C:\Users\matts\curseforge\minecraft\Install\libraries\org\lwjgl\lwjgl\lwjgl\2.9.4-nightly-20150209\lwjgl-2.9.4-nightly-20150209.jar has a security seal for path org.lwjgl.opengl, but that path is defined and not secure
[20:07:42] [Client thread/ERROR]: The jar file C:\Users\matts\curseforge\minecraft\Install\libraries\org\lwjgl\lwjgl\lwjgl\2.9.4-nightly-20150209\lwjgl-2.9.4-nightly-20150209.jar has a security seal for path org.lwjgl.opengl, but that path is defined and not secure
[20:07:42] [Client thread/ERROR]: The jar file C:\Users\matts\curseforge\minecraft\Install\libraries\org\lwjgl\lwjgl\lwjgl\2.9.4-nightly-20150209\lwjgl-2.9.4-nightly-20150209.jar has a security seal for path org.lwjgl.opengl, but that path is defined and not secure
[20:07:42] [Client thread/ERROR]: The jar file C:\Users\matts\curseforge\minecraft\Install\libraries\org\lwjgl\lwjgl\lwjgl\2.9.4-nightly-20150209\lwjgl-2.9.4-nightly-20150209.jar has a security seal for path org.lwjgl.opengl, but that path is defined and not secure
[20:07:42] [Client thread/ERROR]: The jar file C:\Users\matts\curseforge\minecraft\Install\libraries\org\lwjgl\lwjgl\lwjgl\2.9.4-nightly-20150209\lwjgl-2.9.4-nightly-20150209.jar has a security seal for path org.lwjgl.opengl, but that path is defined and not secure
[20:07:42] [Client thread/ERROR]: The jar file C:\Users\matts\curseforge\minecraft\Install\libraries\org\lwjgl\lwjgl\lwjgl\2.9.4-nightly-20150209\lwjgl-2.9.4-nightly-20150209.jar has a security seal for path org.lwjgl.opengl, but that path is defined and not secure
[20:07:42] [Client thread/ERROR]: The jar file C:\Users\matts\curseforge\minecraft\Install\libraries\org\lwjgl\lwjgl\lwjgl\2.9.4-nightly-20150209\lwjgl-2.9.4-nightly-20150209.jar has a security seal for path org.lwjgl.opengl, but that path is defined and not secure
[20:07:43] [Client thread/ERROR]: The jar file C:\Users\matts\curseforge\minecraft\Install\libraries\org\lwjgl\lwjgl\lwjgl\2.9.4-nightly-20150209\lwjgl-2.9.4-nightly-20150209.jar has a security seal for path org.lwjgl, but that path is defined and not secure
[20:07:43] [Client thread/ERROR]: The jar file C:\Users\matts\curseforge\minecraft\Install\libraries\org\lwjgl\lwjgl\lwjgl\2.9.4-nightly-20150209\lwjgl-2.9.4-nightly-20150209.jar has a security seal for path org.lwjgl, but that path is defined and not secure
[20:07:43] [Client thread/ERROR]: The jar file C:\Users\matts\curseforge\minecraft\Install\libraries\org\lwjgl\lwjgl\lwjgl\2.9.4-nightly-20150209\lwjgl-2.9.4-nightly-20150209.jar has a security seal for path org.lwjgl, but that path is defined and not secure
[20:07:43] [Client thread/ERROR]: The jar file C:\Users\matts\curseforge\minecraft\Install\libraries\org\lwjgl\lwjgl\lwjgl\2.9.4-nightly-20150209\lwjgl-2.9.4-nightly-20150209.jar has a security seal for path org.lwjgl, but that path is defined and not secure
[20:07:43] [Client thread/ERROR]: The jar file C:\Users\matts\curseforge\minecraft\Install\libraries\org\lwjgl\lwjgl\lwjgl\2.9.4-nightly-20150209\lwjgl-2.9.4-nightly-20150209.jar has a security seal for path org.lwjgl, but that path is defined and not secure
[20:07:43] [Client thread/ERROR]: The jar file C:\Users\matts\curseforge\minecraft\Install\libraries\org\lwjgl\lwjgl\lwjgl\2.9.4-nightly-20150209\lwjgl-2.9.4-nightly-20150209.jar has a security seal for path org.lwjgl, but that path is defined and not secure
[20:07:43] [Client thread/ERROR]: The jar file C:\Users\matts\curseforge\minecraft\Install\libraries\org\lwjgl\lwjgl\lwjgl\2.9.4-nightly-20150209\lwjgl-2.9.4-nightly-20150209.jar has a security seal for path org.lwjgl.input, but that path is defined and not secure
[20:07:43] [Client thread/ERROR]: The jar file C:\Users\matts\curseforge\minecraft\Install\libraries\org\lwjgl\lwjgl\lwjgl\2.9.4-nightly-20150209\lwjgl-2.9.4-nightly-20150209.jar has a security seal for path org.lwjgl.input, but that path is defined and not secure
[20:07:43] [Client thread/ERROR]: The jar file C:\Users\matts\curseforge\minecraft\Install\libraries\org\lwjgl\lwjgl\lwjgl\2.9.4-nightly-20150209\lwjgl-2.9.4-nightly-20150209.jar has a security seal for path org.lwjgl.input, but that path is defined and not secure
[20:07:43] [Client thread/ERROR]: The jar file C:\Users\matts\curseforge\minecraft\Install\libraries\org\lwjgl\lwjgl\lwjgl\2.9.4-nightly-20150209\lwjgl-2.9.4-nightly-20150209.jar has a security seal for path org.lwjgl.input, but that path is defined and not secure
[20:07:43] [Client thread/ERROR]: The jar file C:\Users\matts\curseforge\minecraft\Install\libraries\org\lwjgl\lwjgl\lwjgl\2.9.4-nightly-20150209\lwjgl-2.9.4-nightly-20150209.jar has a security seal for path org.lwjgl.opengl, but that path is defined and not secure
[20:07:43] [Client thread/ERROR]: The jar file C:\Users\matts\curseforge\minecraft\Install\libraries\org\lwjgl\lwjgl\lwjgl\2.9.4-nightly-20150209\lwjgl-2.9.4-nightly-20150209.jar has a security seal for path org.lwjgl.opengl, but that path is defined and not secure
[20:07:43] [Client thread/ERROR]: The jar file C:\Users\matts\curseforge\minecraft\Install\libraries\org\lwjgl\lwjgl\lwjgl\2.9.4-nightly-20150209\lwjgl-2.9.4-nightly-20150209.jar has a security seal for path org.lwjgl.input, but that path is defined and not secure
[20:07:43] [Client thread/ERROR]: The jar file C:\Users\matts\curseforge\minecraft\Install\libraries\org\lwjgl\lwjgl\lwjgl\2.9.4-nightly-20150209\lwjgl-2.9.4-nightly-20150209.jar has a security seal for path org.lwjgl.input, but that path is defined and not secure
[20:07:43] [Client thread/ERROR]: The jar file C:\Users\matts\curseforge\minecraft\Install\libraries\org\lwjgl\lwjgl\lwjgl\2.9.4-nightly-20150209\lwjgl-2.9.4-nightly-20150209.jar has a security seal for path org.lwjgl.opengl, but that path is defined and not secure
[20:07:43] [Client thread/ERROR]: The jar file C:\Users\matts\curseforge\minecraft\Install\libraries\org\lwjgl\lwjgl\lwjgl\2.9.4-nightly-20150209\lwjgl-2.9.4-nightly-20150209.jar has a security seal for path org.lwjgl.opengl, but that path is defined and not secure
[20:07:43] [Client thread/ERROR]: The jar file C:\Users\matts\curseforge\minecraft\Install\libraries\org\lwjgl\lwjgl\lwjgl\2.9.4-nightly-20150209\lwjgl-2.9.4-nightly-20150209.jar has a security seal for path org.lwjgl.opengl, but that path is defined and not secure
[20:07:43] [Client thread/ERROR]: The jar file C:\Users\matts\curseforge\minecraft\Install\libraries\org\lwjgl\lwjgl\lwjgl\2.9.4-nightly-20150209\lwjgl-2.9.4-nightly-20150209.jar has a security seal for path org.lwjgl.opengl, but that path is defined and not secure
[20:07:43] [Client thread/ERROR]: The jar file C:\Users\matts\curseforge\minecraft\Install\libraries\org\lwjgl\lwjgl\lwjgl\2.9.4-nightly-20150209\lwjgl-2.9.4-nightly-20150209.jar has a security seal for path org.lwjgl.opengl, but that path is defined and not secure
[20:07:43] [Client thread/ERROR]: The jar file C:\Users\matts\curseforge\minecraft\Install\libraries\org\lwjgl\lwjgl\lwjgl\2.9.4-nightly-20150209\lwjgl-2.9.4-nightly-20150209.jar has a security seal for path org.lwjgl.opengl, but that path is defined and not secure
[20:07:43] [Client thread/ERROR]: The jar file C:\Users\matts\curseforge\minecraft\Install\libraries\org\lwjgl\lwjgl\lwjgl\2.9.4-nightly-20150209\lwjgl-2.9.4-nightly-20150209.jar has a security seal for path org.lwjgl.opengl, but that path is defined and not secure
[20:07:43] [Client thread/ERROR]: The jar file C:\Users\matts\curseforge\minecraft\Install\libraries\org\lwjgl\lwjgl\lwjgl\2.9.4-nightly-20150209\lwjgl-2.9.4-nightly-20150209.jar has a security seal for path org.lwjgl.opengl, but that path is defined and not secure
[20:07:43] [Client thread/ERROR]: The jar file C:\Users\matts\curseforge\minecraft\Install\libraries\org\lwjgl\lwjgl\lwjgl\2.9.4-nightly-20150209\lwjgl-2.9.4-nightly-20150209.jar has a security seal for path org.lwjgl.opengl, but that path is defined and not secure
[20:07:43] [Client thread/ERROR]: The jar file C:\Users\matts\curseforge\minecraft\Install\libraries\org\lwjgl\lwjgl\lwjgl\2.9.4-nightly-20150209\lwjgl-2.9.4-nightly-20150209.jar has a security seal for path org.lwjgl.opengl, but that path is defined and not secure
[20:07:43] [Client thread/ERROR]: The jar file C:\Users\matts\curseforge\minecraft\Install\libraries\org\lwjgl\lwjgl\lwjgl\2.9.4-nightly-20150209\lwjgl-2.9.4-nightly-20150209.jar has a security seal for path org.lwjgl.opengl, but that path is defined and not secure
[20:07:43] [Client thread/ERROR]: The jar file C:\Users\matts\curseforge\minecraft\Install\libraries\org\lwjgl\lwjgl\lwjgl\2.9.4-nightly-20150209\lwjgl-2.9.4-nightly-20150209.jar has a security seal for path org.lwjgl.opengl, but that path is defined and not secure
[20:07:43] [Client thread/ERROR]: The jar file C:\Users\matts\curseforge\minecraft\Install\libraries\org\lwjgl\lwjgl\lwjgl\2.9.4-nightly-20150209\lwjgl-2.9.4-nightly-20150209.jar has a security seal for path org.lwjgl.opengl, but that path is defined and not secure
[20:07:43] [Client thread/ERROR]: The jar file C:\Users\matts\curseforge\minecraft\Install\libraries\org\lwjgl\lwjgl\lwjgl\2.9.4-nightly-20150209\lwjgl-2.9.4-nightly-20150209.jar has a security seal for path org.lwjgl, but that path is defined and not secure
[20:07:43] [Client thread/ERROR]: The jar file C:\Users\matts\curseforge\minecraft\Install\libraries\org\lwjgl\lwjgl\lwjgl\2.9.4-nightly-20150209\lwjgl-2.9.4-nightly-20150209.jar has a security seal for path org.lwjgl.opengl, but that path is defined and not secure
[20:07:43] [Client thread/ERROR]: The jar file C:\Users\matts\curseforge\minecraft\Install\libraries\org\lwjgl\lwjgl\lwjgl\2.9.4-nightly-20150209\lwjgl-2.9.4-nightly-20150209.jar has a security seal for path org.lwjgl.opengl, but that path is defined and not secure
[20:07:43] [Client thread/ERROR]: The jar file C:\Users\matts\curseforge\minecraft\Install\libraries\org\lwjgl\lwjgl\lwjgl\2.9.4-nightly-20150209\lwjgl-2.9.4-nightly-20150209.jar has a security seal for path org.lwjgl.opengl, but that path is defined and not secure
[20:07:43] [Client thread/ERROR]: The jar file C:\Users\matts\curseforge\minecraft\Install\libraries\org\lwjgl\lwjgl\lwjgl\2.9.4-nightly-20150209\lwjgl-2.9.4-nightly-20150209.jar has a security seal for path org.lwjgl.opengl, but that path is defined and not secure
[20:07:43] [Client thread/ERROR]: The jar file C:\Users\matts\curseforge\minecraft\Install\libraries\org\lwjgl\lwjgl\lwjgl\2.9.4-nightly-20150209\lwjgl-2.9.4-nightly-20150209.jar has a security seal for path org.lwjgl.input, but that path is defined and not secure
[20:07:43] [Client thread/WARN]: =============================================================
[20:07:43] [Client thread/WARN]: MOD HAS DIRECT REFERENCE System.exit() THIS IS NOT ALLOWED REROUTING TO FML!
[20:07:43] [Client thread/WARN]: Offendor: com/sun/jna/Native.main([Ljava/lang/String;)V
[20:07:43] [Client thread/WARN]: Use FMLCommonHandler.exitJava instead
[20:07:43] [Client thread/WARN]: =============================================================
[20:07:43] [Client thread/ERROR]: The jar file C:\Users\matts\curseforge\minecraft\Install\libraries\org\lwjgl\lwjgl\lwjgl\2.9.4-nightly-20150209\lwjgl-2.9.4-nightly-20150209.jar has a security seal for path org.lwjgl.opengl, but that path is defined and not secure
[20:07:43] [Client thread/INFO]: [net.minecraftforge.fml.client.SplashProgress:start:246]: ---- Minecraft Crash Report ----

WARNING: coremods are present:
Contact their authors BEFORE contacting forge

// Hey, that tickles! Hehehe!

Time: 8/23/25 8:07 PM
Description: Loading screen debug info

This is just a prompt for computer specs to be printed. THIS IS NOT A ERROR


A detailed walkthrough of the error, its code path and all known details is as follows:
---------------------------------------------------------------------------------------

-- System Details --
Details:
	Minecraft Version: 1.8.9
	Operating System: Windows 10 (amd64) version 10.0
	Java Version: 1.8.0_51, Oracle Corporation
	Java VM Version: Java HotSpot(TM) 64-Bit Server VM (mixed mode), Oracle Corporation
	Memory: 381491600 bytes (363 MB) / 740294656 bytes (706 MB) up to 14913372160 bytes (14222 MB)
	JVM Flags: 3 total; -XX:HeapDumpPath=MojangTricksIntelDriversForPerformance_javaw.exe_minecraft.exe.heapdump -Xmx16000m -Xms256m
	IntCache: cache: 0, tcache: 0, allocated: 0, tallocated: 0
	FML: 
	Loaded coremods (and transformers): 
	GL info: ' Vendor: 'NVIDIA Corporation' Version: '4.6.0 NVIDIA 577.00' Renderer: 'NVIDIA GeForce RTX 4070 Ti SUPER/PCIe/SSE2'
[20:07:43] [Client thread/ERROR]: The jar file C:\Users\matts\curseforge\minecraft\Install\libraries\org\lwjgl\lwjgl\lwjgl\2.9.4-nightly-20150209\lwjgl-2.9.4-nightly-20150209.jar has a security seal for path org.lwjgl.opengl, but that path is defined and not secure
[20:07:43] [Client thread/INFO]: MinecraftForge v11.15.1.2318 Initialized
[20:07:43] [Client thread/INFO]: Replaced 229 ore recipies
[20:07:43] [Thread-8/ERROR]: The jar file C:\Users\matts\curseforge\minecraft\Install\libraries\org\lwjgl\lwjgl\lwjgl\2.9.4-nightly-20150209\lwjgl-2.9.4-nightly-20150209.jar has a security seal for path org.lwjgl.opengl, but that path is defined and not secure
[20:07:43] [Thread-8/ERROR]: The jar file C:\Users\matts\curseforge\minecraft\Install\libraries\org\lwjgl\lwjgl\lwjgl\2.9.4-nightly-20150209\lwjgl-2.9.4-nightly-20150209.jar has a security seal for path org.lwjgl.opengl, but that path is defined and not secure
[20:07:43] [Thread-8/ERROR]: The jar file C:\Users\matts\curseforge\minecraft\Install\libraries\org\lwjgl\lwjgl\lwjgl\2.9.4-nightly-20150209\lwjgl-2.9.4-nightly-20150209.jar has a security seal for path org.lwjgl.opengl, but that path is defined and not secure
[20:07:43] [Client thread/INFO]: Found 0 mods from the command line. Injecting into mod discoverer
[20:07:43] [Client thread/INFO]: Searching C:\Users\matts\curseforge\minecraft\Instances\test chatlog\mods for mods
[20:07:44] [Client thread/WARN]: Mod MumbleLink is missing the required element 'version' and a version.properties file could not be found. Falling back to metadata version 1.8.9-4.1.4
[20:07:44] [Client thread/WARN]: Mod ExtendedPASupport is missing the required element 'version' and a version.properties file could not be found. Falling back to metadata version 1.0.0
[20:07:44] [Client thread/INFO]: Forge Mod Loader has identified 7 mods to load
[20:07:44] [Client thread/INFO]: Attempting connection with missing mods [mcp, FML, Forge, oneconfig, evergreenhud, MumbleLink, ExtendedPASupport] at CLIENT
[20:07:44] [Client thread/INFO]: Attempting connection with missing mods [mcp, FML, Forge, oneconfig, evergreenhud, MumbleLink, ExtendedPASupport] at SERVER
[20:07:44] [Client thread/INFO]: Reloading ResourceManager: Default, FMLFileResourcePack:Forge Mod Loader, FMLFileResourcePack:Minecraft Forge, FMLFileResourcePack:OneConfig, FMLFileResourcePack:EvergreenHUD, FMLFileResourcePack:MumbleLink for Forge, FMLFileResourcePack:ExtendedPASupport for MumbleLink, ! §cRose Revamp §7[32x].zip, Fullbright 1.8 (1).zip
[20:07:45] [Client thread/INFO]: Processing ObjectHolder annotations
[20:07:45] [Client thread/INFO]: Found 384 ObjectHolder annotations
[20:07:45] [Client thread/INFO]: Identifying ItemStackHolder annotations
[20:07:45] [Client thread/INFO]: Found 0 ItemStackHolder annotations
[20:07:45] [Client thread/INFO]: Configured a dormant chunk cache size of 0
[20:07:45] [Forge Version Check/INFO]: [Forge] Starting version check at http://files.minecraftforge.net/maven/net/minecraftforge/forge/promotions_slim.json
[20:07:45] [Client thread/INFO]: Applying holder lookups
[20:07:45] [Client thread/INFO]: Holder lookups applied
[20:07:45] [Client thread/INFO]: Injecting itemstacks
[20:07:45] [Client thread/INFO]: Itemstack injection complete
[20:07:45] [Sound Library Loader/INFO]: Starting up SoundSystem...
[20:07:45] [Thread-10/INFO]: Initializing LWJGL OpenAL
[20:07:45] [Thread-10/INFO]: (The LWJGL binding of OpenAL.  For more information, see http://www.lwjgl.org)
[20:07:45] [Thread-10/ERROR]: The jar file C:\Users\matts\curseforge\minecraft\Install\libraries\org\lwjgl\lwjgl\lwjgl\2.9.4-nightly-20150209\lwjgl-2.9.4-nightly-20150209.jar has a security seal for path org.lwjgl, but that path is defined and not secure
[20:07:45] [Thread-10/ERROR]: The jar file C:\Users\matts\curseforge\minecraft\Install\libraries\org\lwjgl\lwjgl\lwjgl\2.9.4-nightly-20150209\lwjgl-2.9.4-nightly-20150209.jar has a security seal for path org.lwjgl.openal, but that path is defined and not secure
[20:07:45] [Thread-10/ERROR]: The jar file C:\Users\matts\curseforge\minecraft\Install\libraries\org\lwjgl\lwjgl\lwjgl\2.9.4-nightly-20150209\lwjgl-2.9.4-nightly-20150209.jar has a security seal for path org.lwjgl.openal, but that path is defined and not secure
[20:07:45] [Thread-10/ERROR]: The jar file C:\Users\matts\curseforge\minecraft\Install\libraries\org\lwjgl\lwjgl\lwjgl\2.9.4-nightly-20150209\lwjgl-2.9.4-nightly-20150209.jar has a security seal for path org.lwjgl.openal, but that path is defined and not secure
[20:07:45] [Thread-10/ERROR]: The jar file C:\Users\matts\curseforge\minecraft\Install\libraries\org\lwjgl\lwjgl\lwjgl\2.9.4-nightly-20150209\lwjgl-2.9.4-nightly-20150209.jar has a security seal for path org.lwjgl.openal, but that path is defined and not secure
[20:07:45] [Thread-10/ERROR]: The jar file C:\Users\matts\curseforge\minecraft\Install\libraries\org\lwjgl\lwjgl\lwjgl\2.9.4-nightly-20150209\lwjgl-2.9.4-nightly-20150209.jar has a security seal for path org.lwjgl.openal, but that path is defined and not secure
[20:07:45] [Thread-10/ERROR]: The jar file C:\Users\matts\curseforge\minecraft\Install\libraries\org\lwjgl\lwjgl\lwjgl\2.9.4-nightly-20150209\lwjgl-2.9.4-nightly-20150209.jar has a security seal for path org.lwjgl.openal, but that path is defined and not secure
[20:07:45] [Thread-10/ERROR]: The jar file C:\Users\matts\curseforge\minecraft\Install\libraries\org\lwjgl\lwjgl\lwjgl\2.9.4-nightly-20150209\lwjgl-2.9.4-nightly-20150209.jar has a security seal for path org.lwjgl.openal, but that path is defined and not secure
[20:07:45] [Thread-10/ERROR]: The jar file C:\Users\matts\curseforge\minecraft\Install\libraries\org\lwjgl\lwjgl\lwjgl\2.9.4-nightly-20150209\lwjgl-2.9.4-nightly-20150209.jar has a security seal for path org.lwjgl.openal, but that path is defined and not secure
[20:07:45] [Thread-10/ERROR]: The jar file C:\Users\matts\curseforge\minecraft\Install\libraries\org\lwjgl\lwjgl\lwjgl\2.9.4-nightly-20150209\lwjgl-2.9.4-nightly-20150209.jar has a security seal for path org.lwjgl.openal, but that path is defined and not secure
[20:07:45] [Thread-10/INFO]: OpenAL initialized.
[20:07:45] [Sound Library Loader/INFO]: Sound engine started
[20:07:46] [Client thread/INFO]: Max texture size: 16384
[20:07:46] [Client thread/INFO]: Created: 16x16 textures-atlas
[20:07:46] [Client thread/INFO]: Mixing RendererLivingEntityMixin from mixins.evergreenhud.json into net.minecraft.client.renderer.entity.RendererLivingEntity
[20:07:46] [Client thread/INFO]: Mixing EntityRendererMixin from mixins.oneconfig.json into net.minecraft.client.renderer.EntityRenderer
[20:07:46] [Client thread/INFO]: Mixing HUDUtilsMixin from mixins.evergreenhud.json into cc.polyfrost.oneconfig.hud.HUDUtils
[20:07:46] [Client thread/INFO]: Loading library 'LinkAPI' from: C:\Users\matts\AppData\Local\Temp\MumbleLink921829659278375861native
[20:07:46] [Client thread/INFO]: Injecting itemstacks
[20:07:46] [Client thread/INFO]: Itemstack injection complete
[20:07:46] [Client thread/INFO]: Forge Mod Loader has successfully loaded 7 mods
[20:07:46] [Client thread/INFO]: Reloading ResourceManager: Default, FMLFileResourcePack:Forge Mod Loader, FMLFileResourcePack:Minecraft Forge, FMLFileResourcePack:OneConfig, FMLFileResourcePack:EvergreenHUD, FMLFileResourcePack:MumbleLink for Forge, FMLFileResourcePack:ExtendedPASupport for MumbleLink, ! §cRose Revamp §7[32x].zip, Fullbright 1.8 (1).zip
[20:07:46] [Client thread/INFO]: SoundSystem shutting down...
[20:07:46] [Client thread/WARN]: Author: Paul Lamb, www.paulscode.com
[20:07:46] [Sound Library Loader/INFO]: Starting up SoundSystem...
[20:07:47] [Thread-14/INFO]: Initializing LWJGL OpenAL
[20:07:47] [Thread-14/INFO]: (The LWJGL binding of OpenAL.  For more information, see http://www.lwjgl.org)
[20:07:47] [Thread-14/INFO]: OpenAL initialized.
[20:07:47] [Client thread/INFO]: Max texture size: 16384
[20:07:47] [Sound Library Loader/INFO]: Sound engine started
[20:07:47] [Client thread/INFO]: Created: 1024x1024 textures-atlas
[20:07:47] [Client thread/INFO]: [ChatLog/TWK]Transformer called for class avt
[20:07:47] [Client thread/INFO]: [ChatLog/TWK]Initialized. Now looking through methods...
[20:07:47] [Client thread/INFO]: [ChatLog/TWK]Found method a(Leu;I)V
[20:07:47] [Client thread/INFO]: [ChatLog/TWK]Found a return in above method, creating instruction list
[20:07:47] [Client thread/INFO]: [ChatLog/TWK]Injecting instructions into method...
[20:07:47] [Client thread/INFO]: [ChatLog/TWK]Instructions successfully injected!
[20:07:47] [Client thread/INFO]: [ChatLog/TWK]Preparing class writer...
[20:07:47] [Client thread/INFO]: [ChatLog/TWK]Returning modified class to the game tweaker
[20:07:47] [Client thread/INFO]: Mixing ShaderGroupAccessor from mixins.oneconfig.json into net.minecraft.client.shader.ShaderGroup
[20:07:47] [Client thread/ERROR]: The jar file C:\Users\matts\curseforge\minecraft\Install\libraries\org\lwjgl\lwjgl\lwjgl\2.9.4-nightly-20150209\lwjgl-2.9.4-nightly-20150209.jar has a security seal for path org.lwjgl.opengl, but that path is defined and not secure
[20:07:47] [Client thread/ERROR]: The jar file C:\Users\matts\curseforge\minecraft\Install\libraries\org\lwjgl\lwjgl\lwjgl\2.9.4-nightly-20150209\lwjgl-2.9.4-nightly-20150209.jar has a security seal for path org.lwjgl.opengl, but that path is defined and not secure
[20:07:47] [Client thread/ERROR]: The jar file C:\Users\matts\curseforge\minecraft\Install\libraries\org\lwjgl\lwjgl\lwjgl\2.9.4-nightly-20150209\lwjgl-2.9.4-nightly-20150209.jar has a security seal for path org.lwjgl.opengl, but that path is defined and not secure
[20:07:50] [Server Pinger #0/INFO]: Mixing NetworkManagerMixin from mixins.oneconfig.json into net.minecraft.network.NetworkManager
[20:07:51] [Netty Client IO #0/INFO]: Attempting connection with missing mods [mcp, FML, Forge, oneconfig, evergreenhud, MumbleLink, ExtendedPASupport] at SERVER
[20:07:54] [Client thread/INFO]: Connecting to mc.uhcworld.fr, 25565
[20:07:56] [Netty Client IO #1/INFO]: Unexpected packet during modded negotiation - assuming vanilla or keepalives : net.minecraft.network.play.server.S47PacketPlayerListHeaderFooter
[20:07:56] [Netty Client IO #1/INFO]: Aborting client handshake "VANILLA"
[20:07:56] [Netty Client IO #1/INFO]: [Netty Client IO #1] Client side vanilla connection established
[20:07:56] [Client thread/INFO]: [CHAT] ? ? Il est encore temps de vous reconnecter à votre précédente partie !
[SE RECONNECTER]
[20:07:56] [Client thread/INFO]: [ChatLog/TWK]Initializing ChatLog...
[20:07:56] [Client thread/INFO]: [ChatLog/TWK]Initializing themes...
[20:07:56] [Client thread/INFO]: [ChatLog/TWK]Themes initialized.
[20:07:56] [Client thread/INFO]: [ChatLog/TWK]Reading configuration file...
[20:07:56] [Client thread/INFO]: [ChatLog/TWK]Initialized.
[20:07:56] [Thread-12/INFO]: [CHAT] Mumble linked.
[20:07:56] [Client thread/INFO]: Mixing ForgeHooksMixin from mixins.evergreenhud.json into net.minecraftforge.common.ForgeHooks
[20:07:56] [Client thread/FATAL]: Error executing task
java.util.concurrent.ExecutionException: java.lang.NullPointerException
	at java.util.concurrent.FutureTask.report(FutureTask.java:122) ~[?:1.8.0_51]
	at java.util.concurrent.FutureTask.get(FutureTask.java:192) ~[?:1.8.0_51]
	at net.minecraft.util.Util.func_181617_a(SourceFile:45) [g.class:?]
	at net.minecraft.client.Minecraft.func_71411_J(Minecraft.java:1014) [ave.class:?]
	at net.minecraft.client.Minecraft.func_99999_d(Minecraft.java:349) [ave.class:?]
	at net.minecraft.client.main.Main.main(SourceFile:124) [Main.class:?]
	at sun.reflect.NativeMethodAccessorImpl.invoke0(Native Method) ~[?:1.8.0_51]
	at sun.reflect.NativeMethodAccessorImpl.invoke(NativeMethodAccessorImpl.java:62) ~[?:1.8.0_51]
	at sun.reflect.DelegatingMethodAccessorImpl.invoke(DelegatingMethodAccessorImpl.java:43) ~[?:1.8.0_51]
	at java.lang.reflect.Method.invoke(Method.java:497) ~[?:1.8.0_51]
	at net.minecraft.launchwrapper.Launch.launch(Launch.java:135) [launchwrapper-1.12.jar:?]
	at net.minecraft.launchwrapper.Launch.main(Launch.java:28) [launchwrapper-1.12.jar:?]
Caused by: java.lang.NullPointerException
	at net.minecraft.network.play.server.S0CPacketSpawnPlayer.func_148944_c(SourceFile:80) ~[fp.class:?]
	at net.minecraft.client.network.NetHandlerPlayClient.func_147237_a(NetHandlerPlayClient.java:501) ~[bcy.class:?]
	at net.minecraft.network.play.server.S0CPacketSpawnPlayer.func_148833_a(SourceFile:75) ~[fp.class:?]
	at net.minecraft.network.play.server.S0CPacketSpawnPlayer.func_148833_a(SourceFile:16) ~[fp.class:?]
	at net.minecraft.network.PacketThreadUtil$1.run(SourceFile:13) ~[fh$1.class:?]
	at java.util.concurrent.Executors$RunnableAdapter.call(Executors.java:511) ~[?:1.8.0_51]
	at java.util.concurrent.FutureTask.run(FutureTask.java:266) ~[?:1.8.0_51]
	at net.minecraft.util.Util.func_181617_a(SourceFile:44) ~[g.class:?]
	... 9 more
[20:07:56] [Client thread/FATAL]: Error executing task
java.util.concurrent.ExecutionException: java.lang.IllegalArgumentException: A team with the name 'citizen_team' already exists!
	at java.util.concurrent.FutureTask.report(FutureTask.java:122) ~[?:1.8.0_51]
	at java.util.concurrent.FutureTask.get(FutureTask.java:192) ~[?:1.8.0_51]
	at net.minecraft.util.Util.func_181617_a(SourceFile:45) [g.class:?]
	at net.minecraft.client.Minecraft.func_71411_J(Minecraft.java:1014) [ave.class:?]
	at net.minecraft.client.Minecraft.func_99999_d(Minecraft.java:349) [ave.class:?]
	at net.minecraft.client.main.Main.main(SourceFile:124) [Main.class:?]
	at sun.reflect.NativeMethodAccessorImpl.invoke0(Native Method) ~[?:1.8.0_51]
	at sun.reflect.NativeMethodAccessorImpl.invoke(NativeMethodAccessorImpl.java:62) ~[?:1.8.0_51]
	at sun.reflect.DelegatingMethodAccessorImpl.invoke(DelegatingMethodAccessorImpl.java:43) ~[?:1.8.0_51]
	at java.lang.reflect.Method.invoke(Method.java:497) ~[?:1.8.0_51]
	at net.minecraft.launchwrapper.Launch.launch(Launch.java:135) [launchwrapper-1.12.jar:?]
	at net.minecraft.launchwrapper.Launch.main(Launch.java:28) [launchwrapper-1.12.jar:?]
Caused by: java.lang.IllegalArgumentException: A team with the name 'citizen_team' already exists!
	at net.minecraft.scoreboard.Scoreboard.func_96527_f(SourceFile:218) ~[auo.class:?]
	at net.minecraft.client.network.NetHandlerPlayClient.func_147247_a(NetHandlerPlayClient.java:1773) ~[bcy.class:?]
	at net.minecraft.network.play.server.S3EPacketTeams.func_148833_a(SourceFile:113) ~[hr.class:?]
	at net.minecraft.network.play.server.S3EPacketTeams.func_148833_a(SourceFile:13) ~[hr.class:?]
	at net.minecraft.network.PacketThreadUtil$1.run(SourceFile:13) ~[fh$1.class:?]
	at java.util.concurrent.Executors$RunnableAdapter.call(Executors.java:511) ~[?:1.8.0_51]
	at java.util.concurrent.FutureTask.run(FutureTask.java:266) ~[?:1.8.0_51]
	at net.minecraft.util.Util.func_181617_a(SourceFile:44) ~[g.class:?]
	... 9 more
[20:07:56] [Client thread/FATAL]: Error executing task
java.util.concurrent.ExecutionException: java.lang.NullPointerException
	at java.util.concurrent.FutureTask.report(FutureTask.java:122) ~[?:1.8.0_51]
	at java.util.concurrent.FutureTask.get(FutureTask.java:192) ~[?:1.8.0_51]
	at net.minecraft.util.Util.func_181617_a(SourceFile:45) [g.class:?]
	at net.minecraft.client.Minecraft.func_71411_J(Minecraft.java:1014) [ave.class:?]
	at net.minecraft.client.Minecraft.func_99999_d(Minecraft.java:349) [ave.class:?]
	at net.minecraft.client.main.Main.main(SourceFile:124) [Main.class:?]
	at sun.reflect.NativeMethodAccessorImpl.invoke0(Native Method) ~[?:1.8.0_51]
	at sun.reflect.NativeMethodAccessorImpl.invoke(NativeMethodAccessorImpl.java:62) ~[?:1.8.0_51]
	at sun.reflect.DelegatingMethodAccessorImpl.invoke(DelegatingMethodAccessorImpl.java:43) ~[?:1.8.0_51]
	at java.lang.reflect.Method.invoke(Method.java:497) ~[?:1.8.0_51]
	at net.minecraft.launchwrapper.Launch.launch(Launch.java:135) [launchwrapper-1.12.jar:?]
	at net.minecraft.launchwrapper.Launch.main(Launch.java:28) [launchwrapper-1.12.jar:?]
Caused by: java.lang.NullPointerException
	at net.minecraft.network.play.server.S0CPacketSpawnPlayer.func_148944_c(SourceFile:80) ~[fp.class:?]
	at net.minecraft.client.network.NetHandlerPlayClient.func_147237_a(NetHandlerPlayClient.java:501) ~[bcy.class:?]
	at net.minecraft.network.play.server.S0CPacketSpawnPlayer.func_148833_a(SourceFile:75) ~[fp.class:?]
	at net.minecraft.network.play.server.S0CPacketSpawnPlayer.func_148833_a(SourceFile:16) ~[fp.class:?]
	at net.minecraft.network.PacketThreadUtil$1.run(SourceFile:13) ~[fh$1.class:?]
	at java.util.concurrent.Executors$RunnableAdapter.call(Executors.java:511) ~[?:1.8.0_51]
	at java.util.concurrent.FutureTask.run(FutureTask.java:266) ~[?:1.8.0_51]
	at net.minecraft.util.Util.func_181617_a(SourceFile:44) ~[g.class:?]
	... 9 more
[20:07:56] [Client thread/FATAL]: Error executing task
java.util.concurrent.ExecutionException: java.lang.NullPointerException
	at java.util.concurrent.FutureTask.report(FutureTask.java:122) ~[?:1.8.0_51]
	at java.util.concurrent.FutureTask.get(FutureTask.java:192) ~[?:1.8.0_51]
	at net.minecraft.util.Util.func_181617_a(SourceFile:45) [g.class:?]
	at net.minecraft.client.Minecraft.func_71411_J(Minecraft.java:1014) [ave.class:?]
	at net.minecraft.client.Minecraft.func_99999_d(Minecraft.java:349) [ave.class:?]
	at net.minecraft.client.main.Main.main(SourceFile:124) [Main.class:?]
	at sun.reflect.NativeMethodAccessorImpl.invoke0(Native Method) ~[?:1.8.0_51]
	at sun.reflect.NativeMethodAccessorImpl.invoke(NativeMethodAccessorImpl.java:62) ~[?:1.8.0_51]
	at sun.reflect.DelegatingMethodAccessorImpl.invoke(DelegatingMethodAccessorImpl.java:43) ~[?:1.8.0_51]
	at java.lang.reflect.Method.invoke(Method.java:497) ~[?:1.8.0_51]
	at net.minecraft.launchwrapper.Launch.launch(Launch.java:135) [launchwrapper-1.12.jar:?]
	at net.minecraft.launchwrapper.Launch.main(Launch.java:28) [launchwrapper-1.12.jar:?]
Caused by: java.lang.NullPointerException
	at net.minecraft.network.play.server.S0FPacketSpawnMob.func_149027_c(SourceFile:114) ~[fn.class:?]
	at net.minecraft.client.network.NetHandlerPlayClient.func_147281_a(NetHandlerPlayClient.java:840) ~[bcy.class:?]
	at net.minecraft.network.play.server.S0FPacketSpawnMob.func_148833_a(SourceFile:109) ~[fn.class:?]
	at net.minecraft.network.play.server.S0FPacketSpawnMob.func_148833_a(SourceFile:15) ~[fn.class:?]
	at net.minecraft.network.PacketThreadUtil$1.run(SourceFile:13) ~[fh$1.class:?]
	at java.util.concurrent.Executors$RunnableAdapter.call(Executors.java:511) ~[?:1.8.0_51]
	at java.util.concurrent.FutureTask.run(FutureTask.java:266) ~[?:1.8.0_51]
	at net.minecraft.util.Util.func_181617_a(SourceFile:44) ~[g.class:?]
	... 9 more
[20:07:58] [Client thread/ERROR]: The jar file C:\Users\matts\curseforge\minecraft\Install\libraries\org\lwjgl\lwjgl\lwjgl\2.9.4-nightly-20150209\lwjgl-2.9.4-nightly-20150209.jar has a security seal for path org.lwjgl.opengl, but that path is defined and not secure
[20:08:02] [Client thread/ERROR]: The jar file C:\Users\matts\curseforge\minecraft\Install\libraries\org\lwjgl\lwjgl\lwjgl\2.9.4-nightly-20150209\lwjgl-2.9.4-nightly-20150209.jar has a security seal for path org.lwjgl.input, but that path is defined and not secure
[20:08:06] [Client thread/FATAL]: Error executing task
java.util.concurrent.ExecutionException: java.lang.NullPointerException
	at java.util.concurrent.FutureTask.report(FutureTask.java:122) ~[?:1.8.0_51]
	at java.util.concurrent.FutureTask.get(FutureTask.java:192) ~[?:1.8.0_51]
	at net.minecraft.util.Util.func_181617_a(SourceFile:45) [g.class:?]
	at net.minecraft.client.Minecraft.func_71411_J(Minecraft.java:1014) [ave.class:?]
	at net.minecraft.client.Minecraft.func_99999_d(Minecraft.java:349) [ave.class:?]
	at net.minecraft.client.main.Main.main(SourceFile:124) [Main.class:?]
	at sun.reflect.NativeMethodAccessorImpl.invoke0(Native Method) ~[?:1.8.0_51]
	at sun.reflect.NativeMethodAccessorImpl.invoke(NativeMethodAccessorImpl.java:62) ~[?:1.8.0_51]
	at sun.reflect.DelegatingMethodAccessorImpl.invoke(DelegatingMethodAccessorImpl.java:43) ~[?:1.8.0_51]
	at java.lang.reflect.Method.invoke(Method.java:497) ~[?:1.8.0_51]
	at net.minecraft.launchwrapper.Launch.launch(Launch.java:135) [launchwrapper-1.12.jar:?]
	at net.minecraft.launchwrapper.Launch.main(Launch.java:28) [launchwrapper-1.12.jar:?]
Caused by: java.lang.NullPointerException
	at net.minecraft.network.play.server.S0FPacketSpawnMob.func_149027_c(SourceFile:114) ~[fn.class:?]
	at net.minecraft.client.network.NetHandlerPlayClient.func_147281_a(NetHandlerPlayClient.java:840) ~[bcy.class:?]
	at net.minecraft.network.play.server.S0FPacketSpawnMob.func_148833_a(SourceFile:109) ~[fn.class:?]
	at net.minecraft.network.play.server.S0FPacketSpawnMob.func_148833_a(SourceFile:15) ~[fn.class:?]
	at net.minecraft.network.PacketThreadUtil$1.run(SourceFile:13) ~[fh$1.class:?]
	at java.util.concurrent.Executors$RunnableAdapter.call(Executors.java:511) ~[?:1.8.0_51]
	at java.util.concurrent.FutureTask.run(FutureTask.java:266) ~[?:1.8.0_51]
	at net.minecraft.util.Util.func_181617_a(SourceFile:44) ~[g.class:?]
	... 9 more
[20:08:09] [Client thread/INFO]: [cc.polyfrost.oneconfig.events.EventManager$OneConfigExceptionHandler:handle:108]: java.lang.IndexOutOfBoundsException: Index: 0, Size: 0
[20:08:09] [Client thread/INFO]: [cc.polyfrost.oneconfig.events.EventManager$OneConfigExceptionHandler:handle:108]: 	at java.util.ArrayList.rangeCheck(ArrayList.java:653)
[20:08:09] [Client thread/INFO]: [cc.polyfrost.oneconfig.events.EventManager$OneConfigExceptionHandler:handle:108]: 	at java.util.ArrayList.get(ArrayList.java:429)
[20:08:09] [Client thread/INFO]: [cc.polyfrost.oneconfig.events.EventManager$OneConfigExceptionHandler:handle:108]: 	at cc.polyfrost.oneconfig.hud.SingleTextHud.draw(SingleTextHud.java:104)
[20:08:09] [Client thread/INFO]: [cc.polyfrost.oneconfig.events.EventManager$OneConfigExceptionHandler:handle:108]: 	at cc.polyfrost.oneconfig.hud.BasicHud.drawAll(BasicHud.java:119)
[20:08:09] [Client thread/INFO]: [cc.polyfrost.oneconfig.events.EventManager$OneConfigExceptionHandler:handle:108]: 	at cc.polyfrost.oneconfig.internal.hud.HudCore.onRender(HudCore.java:59)
[20:08:09] [Client thread/INFO]: [cc.polyfrost.oneconfig.events.EventManager$OneConfigExceptionHandler:handle:108]: 	at cc.polyfrost.oneconfig.internal.hud.HudCore$$Lambda$140/364993184.invoke(Unknown Source)
[20:08:09] [Client thread/INFO]: [cc.polyfrost.oneconfig.events.EventManager$OneConfigExceptionHandler:handle:108]: 	at cc.polyfrost.oneconfig.libs.eventbus.EventBus$Subscriber.invoke(eventbus.kt:29)
[20:08:09] [Client thread/INFO]: [cc.polyfrost.oneconfig.events.EventManager$OneConfigExceptionHandler:handle:108]: 	at cc.polyfrost.oneconfig.libs.eventbus.EventBus.post(eventbus.kt:98)
[20:08:09] [Client thread/INFO]: [cc.polyfrost.oneconfig.events.EventManager$OneConfigExceptionHandler:handle:108]: 	at cc.polyfrost.oneconfig.events.EventManager.post(EventManager.java:93)
[20:08:09] [Client thread/INFO]: [cc.polyfrost.oneconfig.events.EventManager$OneConfigExceptionHandler:handle:108]: 	at net.minecraftforge.client.GuiIngameForge.handler$onRenderGameOverlay$zzc000(GuiIngameForge.java:952)
[20:08:09] [Client thread/INFO]: [cc.polyfrost.oneconfig.events.EventManager$OneConfigExceptionHandler:handle:108]: 	at net.minecraftforge.client.GuiIngameForge.func_175180_a(GuiIngameForge.java:180)
[20:08:09] [Client thread/INFO]: [cc.polyfrost.oneconfig.events.EventManager$OneConfigExceptionHandler:handle:108]: 	at net.minecraft.client.renderer.EntityRenderer.func_181560_a(EntityRenderer.java:1082)
[20:08:09] [Client thread/INFO]: [cc.polyfrost.oneconfig.events.EventManager$OneConfigExceptionHandler:handle:108]: 	at net.minecraft.client.Minecraft.func_71411_J(Minecraft.java:1051)
[20:08:09] [Client thread/INFO]: [cc.polyfrost.oneconfig.events.EventManager$OneConfigExceptionHandler:handle:108]: 	at net.minecraft.client.Minecraft.func_99999_d(Minecraft.java:349)
[20:08:09] [Client thread/INFO]: [cc.polyfrost.oneconfig.events.EventManager$OneConfigExceptionHandler:handle:108]: 	at net.minecraft.client.main.Main.main(SourceFile:124)
[20:08:09] [Client thread/INFO]: [cc.polyfrost.oneconfig.events.EventManager$OneConfigExceptionHandler:handle:108]: 	at sun.reflect.NativeMethodAccessorImpl.invoke0(Native Method)
[20:08:09] [Client thread/INFO]: [cc.polyfrost.oneconfig.events.EventManager$OneConfigExceptionHandler:handle:108]: 	at sun.reflect.NativeMethodAccessorImpl.invoke(NativeMethodAccessorImpl.java:62)
[20:08:09] [Client thread/INFO]: [cc.polyfrost.oneconfig.events.EventManager$OneConfigExceptionHandler:handle:108]: 	at sun.reflect.DelegatingMethodAccessorImpl.invoke(DelegatingMethodAccessorImpl.java:43)
[20:08:09] [Client thread/INFO]: [cc.polyfrost.oneconfig.events.EventManager$OneConfigExceptionHandler:handle:108]: 	at java.lang.reflect.Method.invoke(Method.java:497)
[20:08:09] [Client thread/INFO]: [cc.polyfrost.oneconfig.events.EventManager$OneConfigExceptionHandler:handle:108]: 	at net.minecraft.launchwrapper.Launch.launch(Launch.java:135)
[20:08:09] [Client thread/INFO]: [cc.polyfrost.oneconfig.events.EventManager$OneConfigExceptionHandler:handle:108]: 	at net.minecraft.launchwrapper.Launch.main(Launch.java:28)
[20:08:09] [Client thread/INFO]: [cc.polyfrost.oneconfig.events.EventManager$OneConfigExceptionHandler:handle:108]: java.lang.IndexOutOfBoundsException: Index: 0, Size: 0
[20:08:09] [Client thread/INFO]: [cc.polyfrost.oneconfig.events.EventManager$OneConfigExceptionHandler:handle:108]: 	at java.util.ArrayList.rangeCheck(ArrayList.java:653)
[20:08:09] [Client thread/INFO]: [cc.polyfrost.oneconfig.events.EventManager$OneConfigExceptionHandler:handle:108]: 	at java.util.ArrayList.get(ArrayList.java:429)
[20:08:09] [Client thread/INFO]: [cc.polyfrost.oneconfig.events.EventManager$OneConfigExceptionHandler:handle:108]: 	at cc.polyfrost.oneconfig.hud.SingleTextHud.draw(SingleTextHud.java:104)
[20:08:09] [Client thread/INFO]: [cc.polyfrost.oneconfig.events.EventManager$OneConfigExceptionHandler:handle:108]: 	at cc.polyfrost.oneconfig.hud.BasicHud.drawAll(BasicHud.java:119)
[20:08:09] [Client thread/INFO]: [cc.polyfrost.oneconfig.events.EventManager$OneConfigExceptionHandler:handle:108]: 	at cc.polyfrost.oneconfig.internal.hud.HudCore.onRender(HudCore.java:59)
[20:08:09] [Client thread/INFO]: [cc.polyfrost.oneconfig.events.EventManager$OneConfigExceptionHandler:handle:108]: 	at cc.polyfrost.oneconfig.internal.hud.HudCore$$Lambda$140/364993184.invoke(Unknown Source)
[20:08:09] [Client thread/INFO]: [cc.polyfrost.oneconfig.events.EventManager$OneConfigExceptionHandler:handle:108]: 	at cc.polyfrost.oneconfig.libs.eventbus.EventBus$Subscriber.invoke(eventbus.kt:29)
[20:08:09] [Client thread/INFO]: [cc.polyfrost.oneconfig.events.EventManager$OneConfigExceptionHandler:handle:108]: 	at cc.polyfrost.oneconfig.libs.eventbus.EventBus.post(eventbus.kt:98)
[20:08:09] [Client thread/INFO]: [cc.polyfrost.oneconfig.events.EventManager$OneConfigExceptionHandler:handle:108]: 	at cc.polyfrost.oneconfig.events.EventManager.post(EventManager.java:93)
[20:08:09] [Client thread/INFO]: [cc.polyfrost.oneconfig.events.EventManager$OneConfigExceptionHandler:handle:108]: 	at net.minecraftforge.client.GuiIngameForge.handler$onRenderGameOverlay$zzc000(GuiIngameForge.java:952)
[20:08:09] [Client thread/INFO]: [cc.polyfrost.oneconfig.events.EventManager$OneConfigExceptionHandler:handle:108]: 	at net.minecraftforge.client.GuiIngameForge.func_175180_a(GuiIngameForge.java:180)
[20:08:09] [Client thread/INFO]: [cc.polyfrost.oneconfig.events.EventManager$OneConfigExceptionHandler:handle:108]: 	at net.minecraft.client.renderer.EntityRenderer.func_181560_a(EntityRenderer.java:1082)
[20:08:09] [Client thread/INFO]: [cc.polyfrost.oneconfig.events.EventManager$OneConfigExceptionHandler:handle:108]: 	at net.minecraft.client.Minecraft.func_71411_J(Minecraft.java:1051)
[20:08:09] [Client thread/INFO]: [cc.polyfrost.oneconfig.events.EventManager$OneConfigExceptionHandler:handle:108]: 	at net.minecraft.client.Minecraft.func_99999_d(Minecraft.java:349)
[20:08:09] [Client thread/INFO]: [cc.polyfrost.oneconfig.events.EventManager$OneConfigExceptionHandler:handle:108]: 	at net.minecraft.client.main.Main.main(SourceFile:124)
[20:08:09] [Client thread/INFO]: [cc.polyfrost.oneconfig.events.EventManager$OneConfigExceptionHandler:handle:108]: 	at sun.reflect.NativeMethodAccessorImpl.invoke0(Native Method)
[20:08:09] [Client thread/INFO]: [cc.polyfrost.oneconfig.events.EventManager$OneConfigExceptionHandler:handle:108]: 	at sun.reflect.NativeMethodAccessorImpl.invoke(NativeMethodAccessorImpl.java:62)
[20:08:09] [Client thread/INFO]: [cc.polyfrost.oneconfig.events.EventManager$OneConfigExceptionHandler:handle:108]: 	at sun.reflect.DelegatingMethodAccessorImpl.invoke(DelegatingMethodAccessorImpl.java:43)
[20:08:09] [Client thread/INFO]: [cc.polyfrost.oneconfig.events.EventManager$OneConfigExceptionHandler:handle:108]: 	at java.lang.reflect.Method.invoke(Method.java:497)
[20:08:09] [Client thread/INFO]: [cc.polyfrost.oneconfig.events.EventManager$OneConfigExceptionHandler:handle:108]: 	at net.minecraft.launchwrapper.Launch.launch(Launch.java:135)
[20:08:09] [Client thread/INFO]: [cc.polyfrost.oneconfig.events.EventManager$OneConfigExceptionHandler:handle:108]: 	at net.minecraft.launchwrapper.Launch.main(Launch.java:28)
[20:08:09] [Client thread/INFO]: [cc.polyfrost.oneconfig.events.EventManager$OneConfigExceptionHandler:handle:108]: java.lang.IndexOutOfBoundsException: Index: 0, Size: 0
[20:08:09] [Client thread/INFO]: [cc.polyfrost.oneconfig.events.EventManager$OneConfigExceptionHandler:handle:108]: 	at java.util.ArrayList.rangeCheck(ArrayList.java:653)
[20:08:09] [Client thread/INFO]: [cc.polyfrost.oneconfig.events.EventManager$OneConfigExceptionHandler:handle:108]: 	at java.util.ArrayList.get(ArrayList.java:429)
[20:08:09] [Client thread/INFO]: [cc.polyfrost.oneconfig.events.EventManager$OneConfigExceptionHandler:handle:108]: 	at cc.polyfrost.oneconfig.hud.SingleTextHud.draw(SingleTextHud.java:104)
[20:08:09] [Client thread/INFO]: [cc.polyfrost.oneconfig.events.EventManager$OneConfigExceptionHandler:handle:108]: 	at cc.polyfrost.oneconfig.hud.BasicHud.drawAll(BasicHud.java:119)
[20:08:09] [Client thread/INFO]: [cc.polyfrost.oneconfig.events.EventManager$OneConfigExceptionHandler:handle:108]: 	at cc.polyfrost.oneconfig.internal.hud.HudCore.onRender(HudCore.java:59)
[20:08:09] [Client thread/INFO]: [cc.polyfrost.oneconfig.events.EventManager$OneConfigExceptionHandler:handle:108]: 	at cc.polyfrost.oneconfig.internal.hud.HudCore$$Lambda$140/364993184.invoke(Unknown Source)
[20:08:09] [Client thread/INFO]: [cc.polyfrost.oneconfig.events.EventManager$OneConfigExceptionHandler:handle:108]: 	at cc.polyfrost.oneconfig.libs.eventbus.EventBus$Subscriber.invoke(eventbus.kt:29)
[20:08:09] [Client thread/INFO]: [cc.polyfrost.oneconfig.events.EventManager$OneConfigExceptionHandler:handle:108]: 	at cc.polyfrost.oneconfig.libs.eventbus.EventBus.post(eventbus.kt:98)
[20:08:09] [Client thread/INFO]: [cc.polyfrost.oneconfig.events.EventManager$OneConfigExceptionHandler:handle:108]: 	at cc.polyfrost.oneconfig.events.EventManager.post(EventManager.java:93)
[20:08:09] [Client thread/INFO]: [cc.polyfrost.oneconfig.events.EventManager$OneConfigExceptionHandler:handle:108]: 	at net.minecraftforge.client.GuiIngameForge.handler$onRenderGameOverlay$zzc000(GuiIngameForge.java:952)
[20:08:09] [Client thread/INFO]: [cc.polyfrost.oneconfig.events.EventManager$OneConfigExceptionHandler:handle:108]: 	at net.minecraftforge.client.GuiIngameForge.func_175180_a(GuiIngameForge.java:180)
[20:08:09] [Client thread/INFO]: [cc.polyfrost.oneconfig.events.EventManager$OneConfigExceptionHandler:handle:108]: 	at net.minecraft.client.renderer.EntityRenderer.func_181560_a(EntityRenderer.java:1082)
[20:08:09] [Client thread/INFO]: [cc.polyfrost.oneconfig.events.EventManager$OneConfigExceptionHandler:handle:108]: 	at net.minecraft.client.Minecraft.func_71411_J(Minecraft.java:1051)
[20:08:09] [Client thread/INFO]: [cc.polyfrost.oneconfig.events.EventManager$OneConfigExceptionHandler:handle:108]: 	at net.minecraft.client.Minecraft.func_99999_d(Minecraft.java:349)
[20:08:09] [Client thread/INFO]: [cc.polyfrost.oneconfig.events.EventManager$OneConfigExceptionHandler:handle:108]: 	at net.minecraft.client.main.Main.main(SourceFile:124)
[20:08:09] [Client thread/INFO]: [cc.polyfrost.oneconfig.events.EventManager$OneConfigExceptionHandler:handle:108]: 	at sun.reflect.NativeMethodAccessorImpl.invoke0(Native Method)
[20:08:09] [Client thread/INFO]: [cc.polyfrost.oneconfig.events.EventManager$OneConfigExceptionHandler:handle:108]: 	at sun.reflect.NativeMethodAccessorImpl.invoke(NativeMethodAccessorImpl.java:62)
[20:08:09] [Client thread/INFO]: [cc.polyfrost.oneconfig.events.EventManager$OneConfigExceptionHandler:handle:108]: 	at sun.reflect.DelegatingMethodAccessorImpl.invoke(DelegatingMethodAccessorImpl.java:43)
[20:08:09] [Client thread/INFO]: [cc.polyfrost.oneconfig.events.EventManager$OneConfigExceptionHandler:handle:108]: 	at java.lang.reflect.Method.invoke(Method.java:497)
[20:08:09] [Client thread/INFO]: [cc.polyfrost.oneconfig.events.EventManager$OneConfigExceptionHandler:handle:108]: 	at net.minecraft.launchwrapper.Launch.launch(Launch.java:135)
[20:08:09] [Client thread/INFO]: [cc.polyfrost.oneconfig.events.EventManager$OneConfigExceptionHandler:handle:108]: 	at net.minecraft.launchwrapper.Launch.main(Launch.java:28)
[20:08:09] [Client thread/INFO]: [cc.polyfrost.oneconfig.events.EventManager$OneConfigExceptionHandler:handle:108]: java.lang.IndexOutOfBoundsException: Index: 0, Size: 0
[20:08:09] [Client thread/INFO]: [cc.polyfrost.oneconfig.events.EventManager$OneConfigExceptionHandler:handle:108]: 	at java.util.ArrayList.rangeCheck(ArrayList.java:653)
[20:08:09] [Client thread/INFO]: [cc.polyfrost.oneconfig.events.EventManager$OneConfigExceptionHandler:handle:108]: 	at java.util.ArrayList.get(ArrayList.java:429)
[20:08:09] [Client thread/INFO]: [cc.polyfrost.oneconfig.events.EventManager$OneConfigExceptionHandler:handle:108]: 	at cc.polyfrost.oneconfig.hud.SingleTextHud.draw(SingleTextHud.java:104)
[20:08:09] [Client thread/INFO]: [cc.polyfrost.oneconfig.events.EventManager$OneConfigExceptionHandler:handle:108]: 	at cc.polyfrost.oneconfig.hud.BasicHud.drawAll(BasicHud.java:119)
[20:08:09] [Client thread/INFO]: [cc.polyfrost.oneconfig.events.EventManager$OneConfigExceptionHandler:handle:108]: 	at cc.polyfrost.oneconfig.internal.hud.HudCore.onRender(HudCore.java:59)
[20:08:09] [Client thread/INFO]: [cc.polyfrost.oneconfig.events.EventManager$OneConfigExceptionHandler:handle:108]: 	at cc.polyfrost.oneconfig.internal.hud.HudCore$$Lambda$140/364993184.invoke(Unknown Source)
[20:08:09] [Client thread/INFO]: [cc.polyfrost.oneconfig.events.EventManager$OneConfigExceptionHandler:handle:108]: 	at cc.polyfrost.oneconfig.libs.eventbus.EventBus$Subscriber.invoke(eventbus.kt:29)
[20:08:09] [Client thread/INFO]: [cc.polyfrost.oneconfig.events.EventManager$OneConfigExceptionHandler:handle:108]: 	at cc.polyfrost.oneconfig.libs.eventbus.EventBus.post(eventbus.kt:98)
[20:08:09] [Client thread/INFO]: [cc.polyfrost.oneconfig.events.EventManager$OneConfigExceptionHandler:handle:108]: 	at cc.polyfrost.oneconfig.events.EventManager.post(EventManager.java:93)
[20:08:09] [Client thread/INFO]: [cc.polyfrost.oneconfig.events.EventManager$OneConfigExceptionHandler:handle:108]: 	at net.minecraftforge.client.GuiIngameForge.handler$onRenderGameOverlay$zzc000(GuiIngameForge.java:952)
[20:08:09] [Client thread/INFO]: [cc.polyfrost.oneconfig.events.EventManager$OneConfigExceptionHandler:handle:108]: 	at net.minecraftforge.client.GuiIngameForge.func_175180_a(GuiIngameForge.java:180)
[20:08:09] [Client thread/INFO]: [cc.polyfrost.oneconfig.events.EventManager$OneConfigExceptionHandler:handle:108]: 	at net.minecraft.client.renderer.EntityRenderer.func_181560_a(EntityRenderer.java:1082)
[20:08:09] [Client thread/INFO]: [cc.polyfrost.oneconfig.events.EventManager$OneConfigExceptionHandler:handle:108]: 	at net.minecraft.client.Minecraft.func_71411_J(Minecraft.java:1051)
[20:08:09] [Client thread/INFO]: [cc.polyfrost.oneconfig.events.EventManager$OneConfigExceptionHandler:handle:108]: 	at net.minecraft.client.Minecraft.func_99999_d(Minecraft.java:349)
[20:08:09] [Client thread/INFO]: [cc.polyfrost.oneconfig.events.EventManager$OneConfigExceptionHandler:handle:108]: 	at net.minecraft.client.main.Main.main(SourceFile:124)
[20:08:09] [Client thread/INFO]: [cc.polyfrost.oneconfig.events.EventManager$OneConfigExceptionHandler:handle:108]: 	at sun.reflect.NativeMethodAccessorImpl.invoke0(Native Method)
[20:08:09] [Client thread/INFO]: [cc.polyfrost.oneconfig.events.EventManager$OneConfigExceptionHandler:handle:108]: 	at sun.reflect.NativeMethodAccessorImpl.invoke(NativeMethodAccessorImpl.java:62)
[20:08:09] [Client thread/INFO]: [cc.polyfrost.oneconfig.events.EventManager$OneConfigExceptionHandler:handle:108]: 	at sun.reflect.DelegatingMethodAccessorImpl.invoke(DelegatingMethodAccessorImpl.java:43)
[20:08:09] [Client thread/INFO]: [cc.polyfrost.oneconfig.events.EventManager$OneConfigExceptionHandler:handle:108]: 	at java.lang.reflect.Method.invoke(Method.java:497)
[20:08:09] [Client thread/INFO]: [cc.polyfrost.oneconfig.events.EventManager$OneConfigExceptionHandler:handle:108]: 	at net.minecraft.launchwrapper.Launch.launch(Launch.java:135)
[20:08:09] [Client thread/INFO]: [cc.polyfrost.oneconfig.events.EventManager$OneConfigExceptionHandler:handle:108]: 	at net.minecraft.launchwrapper.Launch.main(Launch.java:28)
[20:08:24] [Client thread/INFO]: [cc.polyfrost.oneconfig.events.EventManager$OneConfigExceptionHandler:handle:108]: java.lang.IndexOutOfBoundsException: Index: 0, Size: 0
[20:08:24] [Client thread/INFO]: [cc.polyfrost.oneconfig.events.EventManager$OneConfigExceptionHandler:handle:108]: 	at java.util.ArrayList.rangeCheck(ArrayList.java:653)
[20:08:24] [Client thread/INFO]: [cc.polyfrost.oneconfig.events.EventManager$OneConfigExceptionHandler:handle:108]: 	at java.util.ArrayList.get(ArrayList.java:429)
[20:08:24] [Client thread/INFO]: [cc.polyfrost.oneconfig.events.EventManager$OneConfigExceptionHandler:handle:108]: 	at cc.polyfrost.oneconfig.hud.SingleTextHud.draw(SingleTextHud.java:104)
[20:08:24] [Client thread/INFO]: [cc.polyfrost.oneconfig.events.EventManager$OneConfigExceptionHandler:handle:108]: 	at cc.polyfrost.oneconfig.hud.BasicHud.drawAll(BasicHud.java:119)
[20:08:24] [Client thread/INFO]: [cc.polyfrost.oneconfig.events.EventManager$OneConfigExceptionHandler:handle:108]: 	at cc.polyfrost.oneconfig.internal.hud.HudCore.onRender(HudCore.java:59)
[20:08:24] [Client thread/INFO]: [cc.polyfrost.oneconfig.events.EventManager$OneConfigExceptionHandler:handle:108]: 	at cc.polyfrost.oneconfig.internal.hud.HudCore$$Lambda$140/364993184.invoke(Unknown Source)
[20:08:24] [Client thread/INFO]: [cc.polyfrost.oneconfig.events.EventManager$OneConfigExceptionHandler:handle:108]: 	at cc.polyfrost.oneconfig.libs.eventbus.EventBus$Subscriber.invoke(eventbus.kt:29)
[20:08:24] [Client thread/INFO]: [cc.polyfrost.oneconfig.events.EventManager$OneConfigExceptionHandler:handle:108]: 	at cc.polyfrost.oneconfig.libs.eventbus.EventBus.post(eventbus.kt:98)
[20:08:24] [Client thread/INFO]: [cc.polyfrost.oneconfig.events.EventManager$OneConfigExceptionHandler:handle:108]: 	at cc.polyfrost.oneconfig.events.EventManager.post(EventManager.java:93)
[20:08:24] [Client thread/INFO]: [cc.polyfrost.oneconfig.events.EventManager$OneConfigExceptionHandler:handle:108]: 	at net.minecraftforge.client.GuiIngameForge.handler$onRenderGameOverlay$zzc000(GuiIngameForge.java:952)
[20:08:24] [Client thread/INFO]: [cc.polyfrost.oneconfig.events.EventManager$OneConfigExceptionHandler:handle:108]: 	at net.minecraftforge.client.GuiIngameForge.func_175180_a(GuiIngameForge.java:180)
[20:08:24] [Client thread/INFO]: [cc.polyfrost.oneconfig.events.EventManager$OneConfigExceptionHandler:handle:108]: 	at net.minecraft.client.renderer.EntityRenderer.func_181560_a(EntityRenderer.java:1082)
[20:08:24] [Client thread/INFO]: [cc.polyfrost.oneconfig.events.EventManager$OneConfigExceptionHandler:handle:108]: 	at net.minecraft.client.Minecraft.func_71411_J(Minecraft.java:1051)
[20:08:24] [Client thread/INFO]: [cc.polyfrost.oneconfig.events.EventManager$OneConfigExceptionHandler:handle:108]: 	at net.minecraft.client.Minecraft.func_99999_d(Minecraft.java:349)
[20:08:24] [Client thread/INFO]: [cc.polyfrost.oneconfig.events.EventManager$OneConfigExceptionHandler:handle:108]: 	at net.minecraft.client.main.Main.main(SourceFile:124)
[20:08:24] [Client thread/INFO]: [cc.polyfrost.oneconfig.events.EventManager$OneConfigExceptionHandler:handle:108]: 	at sun.reflect.NativeMethodAccessorImpl.invoke0(Native Method)
[20:08:24] [Client thread/INFO]: [cc.polyfrost.oneconfig.events.EventManager$OneConfigExceptionHandler:handle:108]: 	at sun.reflect.NativeMethodAccessorImpl.invoke(NativeMethodAccessorImpl.java:62)
[20:08:24] [Client thread/INFO]: [cc.polyfrost.oneconfig.events.EventManager$OneConfigExceptionHandler:handle:108]: 	at sun.reflect.DelegatingMethodAccessorImpl.invoke(DelegatingMethodAccessorImpl.java:43)
[20:08:24] [Client thread/INFO]: [cc.polyfrost.oneconfig.events.EventManager$OneConfigExceptionHandler:handle:108]: 	at java.lang.reflect.Method.invoke(Method.java:497)
[20:08:24] [Client thread/INFO]: [cc.polyfrost.oneconfig.events.EventManager$OneConfigExceptionHandler:handle:108]: 	at net.minecraft.launchwrapper.Launch.launch(Launch.java:135)
[20:08:24] [Client thread/INFO]: [cc.polyfrost.oneconfig.events.EventManager$OneConfigExceptionHandler:handle:108]: 	at net.minecraft.launchwrapper.Launch.main(Launch.java:28)
[20:08:24] [Client thread/INFO]: [cc.polyfrost.oneconfig.events.EventManager$OneConfigExceptionHandler:handle:108]: java.lang.IndexOutOfBoundsException: Index: 0, Size: 0
[20:08:24] [Client thread/INFO]: [cc.polyfrost.oneconfig.events.EventManager$OneConfigExceptionHandler:handle:108]: 	at java.util.ArrayList.rangeCheck(ArrayList.java:653)
[20:08:24] [Client thread/INFO]: [cc.polyfrost.oneconfig.events.EventManager$OneConfigExceptionHandler:handle:108]: 	at java.util.ArrayList.get(ArrayList.java:429)
[20:08:24] [Client thread/INFO]: [cc.polyfrost.oneconfig.events.EventManager$OneConfigExceptionHandler:handle:108]: 	at cc.polyfrost.oneconfig.hud.SingleTextHud.draw(SingleTextHud.java:104)
[20:08:24] [Client thread/INFO]: [cc.polyfrost.oneconfig.events.EventManager$OneConfigExceptionHandler:handle:108]: 	at cc.polyfrost.oneconfig.hud.BasicHud.drawAll(BasicHud.java:119)
[20:08:24] [Client thread/INFO]: [cc.polyfrost.oneconfig.events.EventManager$OneConfigExceptionHandler:handle:108]: 	at cc.polyfrost.oneconfig.internal.hud.HudCore.onRender(HudCore.java:59)
[20:08:24] [Client thread/INFO]: [cc.polyfrost.oneconfig.events.EventManager$OneConfigExceptionHandler:handle:108]: 	at cc.polyfrost.oneconfig.internal.hud.HudCore$$Lambda$140/364993184.invoke(Unknown Source)
[20:08:24] [Client thread/INFO]: [cc.polyfrost.oneconfig.events.EventManager$OneConfigExceptionHandler:handle:108]: 	at cc.polyfrost.oneconfig.libs.eventbus.EventBus$Subscriber.invoke(eventbus.kt:29)
[20:08:24] [Client thread/INFO]: [cc.polyfrost.oneconfig.events.EventManager$OneConfigExceptionHandler:handle:108]: 	at cc.polyfrost.oneconfig.libs.eventbus.EventBus.post(eventbus.kt:98)
[20:08:24] [Client thread/INFO]: [cc.polyfrost.oneconfig.events.EventManager$OneConfigExceptionHandler:handle:108]: 	at cc.polyfrost.oneconfig.events.EventManager.post(EventManager.java:93)
[20:08:24] [Client thread/INFO]: [cc.polyfrost.oneconfig.events.EventManager$OneConfigExceptionHandler:handle:108]: 	at net.minecraftforge.client.GuiIngameForge.handler$onRenderGameOverlay$zzc000(GuiIngameForge.java:952)
[20:08:24] [Client thread/INFO]: [cc.polyfrost.oneconfig.events.EventManager$OneConfigExceptionHandler:handle:108]: 	at net.minecraftforge.client.GuiIngameForge.func_175180_a(GuiIngameForge.java:180)
[20:08:24] [Client thread/INFO]: [cc.polyfrost.oneconfig.events.EventManager$OneConfigExceptionHandler:handle:108]: 	at net.minecraft.client.renderer.EntityRenderer.func_181560_a(EntityRenderer.java:1082)
[20:08:24] [Client thread/INFO]: [cc.polyfrost.oneconfig.events.EventManager$OneConfigExceptionHandler:handle:108]: 	at net.minecraft.client.Minecraft.func_71411_J(Minecraft.java:1051)
[20:08:24] [Client thread/INFO]: [cc.polyfrost.oneconfig.events.EventManager$OneConfigExceptionHandler:handle:108]: 	at net.minecraft.client.Minecraft.func_99999_d(Minecraft.java:349)
[20:08:24] [Client thread/INFO]: [cc.polyfrost.oneconfig.events.EventManager$OneConfigExceptionHandler:handle:108]: 	at net.minecraft.client.main.Main.main(SourceFile:124)
[20:08:24] [Client thread/INFO]: [cc.polyfrost.oneconfig.events.EventManager$OneConfigExceptionHandler:handle:108]: 	at sun.reflect.NativeMethodAccessorImpl.invoke0(Native Method)
[20:08:24] [Client thread/INFO]: [cc.polyfrost.oneconfig.events.EventManager$OneConfigExceptionHandler:handle:108]: 	at sun.reflect.NativeMethodAccessorImpl.invoke(NativeMethodAccessorImpl.java:62)
[20:08:24] [Client thread/INFO]: [cc.polyfrost.oneconfig.events.EventManager$OneConfigExceptionHandler:handle:108]: 	at sun.reflect.DelegatingMethodAccessorImpl.invoke(DelegatingMethodAccessorImpl.java:43)
[20:08:24] [Client thread/INFO]: [cc.polyfrost.oneconfig.events.EventManager$OneConfigExceptionHandler:handle:108]: 	at java.lang.reflect.Method.invoke(Method.java:497)
[20:08:24] [Client thread/INFO]: [cc.polyfrost.oneconfig.events.EventManager$OneConfigExceptionHandler:handle:108]: 	at net.minecraft.launchwrapper.Launch.launch(Launch.java:135)
[20:08:24] [Client thread/INFO]: [cc.polyfrost.oneconfig.events.EventManager$OneConfigExceptionHandler:handle:108]: 	at net.minecraft.launchwrapper.Launch.main(Launch.java:28)
[20:08:24] [Client thread/INFO]: [cc.polyfrost.oneconfig.events.EventManager$OneConfigExceptionHandler:handle:108]: java.lang.IndexOutOfBoundsException: Index: 0, Size: 0
[20:08:24] [Client thread/INFO]: [cc.polyfrost.oneconfig.events.EventManager$OneConfigExceptionHandler:handle:108]: 	at java.util.ArrayList.rangeCheck(ArrayList.java:653)
[20:08:24] [Client thread/INFO]: [cc.polyfrost.oneconfig.events.EventManager$OneConfigExceptionHandler:handle:108]: 	at java.util.ArrayList.get(ArrayList.java:429)
[20:08:24] [Client thread/INFO]: [cc.polyfrost.oneconfig.events.EventManager$OneConfigExceptionHandler:handle:108]: 	at cc.polyfrost.oneconfig.hud.SingleTextHud.draw(SingleTextHud.java:104)
[20:08:24] [Client thread/INFO]: [cc.polyfrost.oneconfig.events.EventManager$OneConfigExceptionHandler:handle:108]: 	at cc.polyfrost.oneconfig.hud.BasicHud.drawAll(BasicHud.java:119)
[20:08:24] [Client thread/INFO]: [cc.polyfrost.oneconfig.events.EventManager$OneConfigExceptionHandler:handle:108]: 	at cc.polyfrost.oneconfig.internal.hud.HudCore.onRender(HudCore.java:59)
[20:08:24] [Client thread/INFO]: [cc.polyfrost.oneconfig.events.EventManager$OneConfigExceptionHandler:handle:108]: 	at cc.polyfrost.oneconfig.internal.hud.HudCore$$Lambda$140/364993184.invoke(Unknown Source)
[20:08:24] [Client thread/INFO]: [cc.polyfrost.oneconfig.events.EventManager$OneConfigExceptionHandler:handle:108]: 	at cc.polyfrost.oneconfig.libs.eventbus.EventBus$Subscriber.invoke(eventbus.kt:29)
[20:08:24] [Client thread/INFO]: [cc.polyfrost.oneconfig.events.EventManager$OneConfigExceptionHandler:handle:108]: 	at cc.polyfrost.oneconfig.libs.eventbus.EventBus.post(eventbus.kt:98)
[20:08:24] [Client thread/INFO]: [cc.polyfrost.oneconfig.events.EventManager$OneConfigExceptionHandler:handle:108]: 	at cc.polyfrost.oneconfig.events.EventManager.post(EventManager.java:93)
[20:08:24] [Client thread/INFO]: [cc.polyfrost.oneconfig.events.EventManager$OneConfigExceptionHandler:handle:108]: 	at net.minecraftforge.client.GuiIngameForge.handler$onRenderGameOverlay$zzc000(GuiIngameForge.java:952)
[20:08:24] [Client thread/INFO]: [cc.polyfrost.oneconfig.events.EventManager$OneConfigExceptionHandler:handle:108]: 	at net.minecraftforge.client.GuiIngameForge.func_175180_a(GuiIngameForge.java:180)
[20:08:24] [Client thread/INFO]: [cc.polyfrost.oneconfig.events.EventManager$OneConfigExceptionHandler:handle:108]: 	at net.minecraft.client.renderer.EntityRenderer.func_181560_a(EntityRenderer.java:1082)
[20:08:24] [Client thread/INFO]: [cc.polyfrost.oneconfig.events.EventManager$OneConfigExceptionHandler:handle:108]: 	at net.minecraft.client.Minecraft.func_71411_J(Minecraft.java:1051)
[20:08:24] [Client thread/INFO]: [cc.polyfrost.oneconfig.events.EventManager$OneConfigExceptionHandler:handle:108]: 	at net.minecraft.client.Minecraft.func_99999_d(Minecraft.java:349)
[20:08:24] [Client thread/INFO]: [cc.polyfrost.oneconfig.events.EventManager$OneConfigExceptionHandler:handle:108]: 	at net.minecraft.client.main.Main.main(SourceFile:124)
[20:08:24] [Client thread/INFO]: [cc.polyfrost.oneconfig.events.EventManager$OneConfigExceptionHandler:handle:108]: 	at sun.reflect.NativeMethodAccessorImpl.invoke0(Native Method)
[20:08:24] [Client thread/INFO]: [cc.polyfrost.oneconfig.events.EventManager$OneConfigExceptionHandler:handle:108]: 	at sun.reflect.NativeMethodAccessorImpl.invoke(NativeMethodAccessorImpl.java:62)
[20:08:24] [Client thread/INFO]: [cc.polyfrost.oneconfig.events.EventManager$OneConfigExceptionHandler:handle:108]: 	at sun.reflect.DelegatingMethodAccessorImpl.invoke(DelegatingMethodAccessorImpl.java:43)
[20:08:24] [Client thread/INFO]: [cc.polyfrost.oneconfig.events.EventManager$OneConfigExceptionHandler:handle:108]: 	at java.lang.reflect.Method.invoke(Method.java:497)
[20:08:24] [Client thread/INFO]: [cc.polyfrost.oneconfig.events.EventManager$OneConfigExceptionHandler:handle:108]: 	at net.minecraft.launchwrapper.Launch.launch(Launch.java:135)
[20:08:24] [Client thread/INFO]: [cc.polyfrost.oneconfig.events.EventManager$OneConfigExceptionHandler:handle:108]: 	at net.minecraft.launchwrapper.Launch.main(Launch.java:28)
[20:08:24] [Client thread/INFO]: [cc.polyfrost.oneconfig.events.EventManager$OneConfigExceptionHandler:handle:108]: java.lang.IndexOutOfBoundsException: Index: 0, Size: 0
[20:08:24] [Client thread/INFO]: [cc.polyfrost.oneconfig.events.EventManager$OneConfigExceptionHandler:handle:108]: 	at java.util.ArrayList.rangeCheck(ArrayList.java:653)
[20:08:24] [Client thread/INFO]: [cc.polyfrost.oneconfig.events.EventManager$OneConfigExceptionHandler:handle:108]: 	at java.util.ArrayList.get(ArrayList.java:429)
[20:08:24] [Client thread/INFO]: [cc.polyfrost.oneconfig.events.EventManager$OneConfigExceptionHandler:handle:108]: 	at cc.polyfrost.oneconfig.hud.SingleTextHud.draw(SingleTextHud.java:104)
[20:08:24] [Client thread/INFO]: [cc.polyfrost.oneconfig.events.EventManager$OneConfigExceptionHandler:handle:108]: 	at cc.polyfrost.oneconfig.hud.BasicHud.drawAll(BasicHud.java:119)
[20:08:24] [Client thread/INFO]: [cc.polyfrost.oneconfig.events.EventManager$OneConfigExceptionHandler:handle:108]: 	at cc.polyfrost.oneconfig.internal.hud.HudCore.onRender(HudCore.java:59)
[20:08:24] [Client thread/INFO]: [cc.polyfrost.oneconfig.events.EventManager$OneConfigExceptionHandler:handle:108]: 	at cc.polyfrost.oneconfig.internal.hud.HudCore$$Lambda$140/364993184.invoke(Unknown Source)
[20:08:24] [Client thread/INFO]: [cc.polyfrost.oneconfig.events.EventManager$OneConfigExceptionHandler:handle:108]: 	at cc.polyfrost.oneconfig.libs.eventbus.EventBus$Subscriber.invoke(eventbus.kt:29)
[20:08:24] [Client thread/INFO]: [cc.polyfrost.oneconfig.events.EventManager$OneConfigExceptionHandler:handle:108]: 	at cc.polyfrost.oneconfig.libs.eventbus.EventBus.post(eventbus.kt:98)
[20:08:24] [Client thread/INFO]: [cc.polyfrost.oneconfig.events.EventManager$OneConfigExceptionHandler:handle:108]: 	at cc.polyfrost.oneconfig.events.EventManager.post(EventManager.java:93)
[20:08:24] [Client thread/INFO]: [cc.polyfrost.oneconfig.events.EventManager$OneConfigExceptionHandler:handle:108]: 	at net.minecraftforge.client.GuiIngameForge.handler$onRenderGameOverlay$zzc000(GuiIngameForge.java:952)
[20:08:24] [Client thread/INFO]: [cc.polyfrost.oneconfig.events.EventManager$OneConfigExceptionHandler:handle:108]: 	at net.minecraftforge.client.GuiIngameForge.func_175180_a(GuiIngameForge.java:180)
[20:08:24] [Client thread/INFO]: [cc.polyfrost.oneconfig.events.EventManager$OneConfigExceptionHandler:handle:108]: 	at net.minecraft.client.renderer.EntityRenderer.func_181560_a(EntityRenderer.java:1082)
[20:08:24] [Client thread/INFO]: [cc.polyfrost.oneconfig.events.EventManager$OneConfigExceptionHandler:handle:108]: 	at net.minecraft.client.Minecraft.func_71411_J(Minecraft.java:1051)
[20:08:24] [Client thread/INFO]: [cc.polyfrost.oneconfig.events.EventManager$OneConfigExceptionHandler:handle:108]: 	at net.minecraft.client.Minecraft.func_99999_d(Minecraft.java:349)
[20:08:24] [Client thread/INFO]: [cc.polyfrost.oneconfig.events.EventManager$OneConfigExceptionHandler:handle:108]: 	at net.minecraft.client.main.Main.main(SourceFile:124)
[20:08:24] [Client thread/INFO]: [cc.polyfrost.oneconfig.events.EventManager$OneConfigExceptionHandler:handle:108]: 	at sun.reflect.NativeMethodAccessorImpl.invoke0(Native Method)
[20:08:24] [Client thread/INFO]: [cc.polyfrost.oneconfig.events.EventManager$OneConfigExceptionHandler:handle:108]: 	at sun.reflect.NativeMethodAccessorImpl.invoke(NativeMethodAccessorImpl.java:62)
[20:08:24] [Client thread/INFO]: [cc.polyfrost.oneconfig.events.EventManager$OneConfigExceptionHandler:handle:108]: 	at sun.reflect.DelegatingMethodAccessorImpl.invoke(DelegatingMethodAccessorImpl.java:43)
[20:08:24] [Client thread/INFO]: [cc.polyfrost.oneconfig.events.EventManager$OneConfigExceptionHandler:handle:108]: 	at java.lang.reflect.Method.invoke(Method.java:497)
[20:08:24] [Client thread/INFO]: [cc.polyfrost.oneconfig.events.EventManager$OneConfigExceptionHandler:handle:108]: 	at net.minecraft.launchwrapper.Launch.launch(Launch.java:135)
[20:08:24] [Client thread/INFO]: [cc.polyfrost.oneconfig.events.EventManager$OneConfigExceptionHandler:handle:108]: 	at net.minecraft.launchwrapper.Launch.main(Launch.java:28)
[20:08:49] [Client thread/FATAL]: Error executing task
java.util.concurrent.ExecutionException: java.lang.NullPointerException
	at java.util.concurrent.FutureTask.report(FutureTask.java:122) ~[?:1.8.0_51]
	at java.util.concurrent.FutureTask.get(FutureTask.java:192) ~[?:1.8.0_51]
	at net.minecraft.util.Util.func_181617_a(SourceFile:45) [g.class:?]
	at net.minecraft.client.Minecraft.func_71411_J(Minecraft.java:1014) [ave.class:?]
	at net.minecraft.client.Minecraft.func_99999_d(Minecraft.java:349) [ave.class:?]
	at net.minecraft.client.main.Main.main(SourceFile:124) [Main.class:?]
	at sun.reflect.NativeMethodAccessorImpl.invoke0(Native Method) ~[?:1.8.0_51]
	at sun.reflect.NativeMethodAccessorImpl.invoke(NativeMethodAccessorImpl.java:62) ~[?:1.8.0_51]
	at sun.reflect.DelegatingMethodAccessorImpl.invoke(DelegatingMethodAccessorImpl.java:43) ~[?:1.8.0_51]
	at java.lang.reflect.Method.invoke(Method.java:497) ~[?:1.8.0_51]
	at net.minecraft.launchwrapper.Launch.launch(Launch.java:135) [launchwrapper-1.12.jar:?]
	at net.minecraft.launchwrapper.Launch.main(Launch.java:28) [launchwrapper-1.12.jar:?]
Caused by: java.lang.NullPointerException
	at net.minecraft.network.play.server.S0FPacketSpawnMob.func_149027_c(SourceFile:114) ~[fn.class:?]
	at net.minecraft.client.network.NetHandlerPlayClient.func_147281_a(NetHandlerPlayClient.java:840) ~[bcy.class:?]
	at net.minecraft.network.play.server.S0FPacketSpawnMob.func_148833_a(SourceFile:109) ~[fn.class:?]
	at net.minecraft.network.play.server.S0FPacketSpawnMob.func_148833_a(SourceFile:15) ~[fn.class:?]
	at net.minecraft.network.PacketThreadUtil$1.run(SourceFile:13) ~[fh$1.class:?]
	at java.util.concurrent.Executors$RunnableAdapter.call(Executors.java:511) ~[?:1.8.0_51]
	at java.util.concurrent.FutureTask.run(FutureTask.java:266) ~[?:1.8.0_51]
	at net.minecraft.util.Util.func_181617_a(SourceFile:44) ~[g.class:?]
	... 9 more
[20:09:04] [Client thread/INFO]: [cc.polyfrost.oneconfig.events.EventManager$OneConfigExceptionHandler:handle:108]: java.lang.IndexOutOfBoundsException: Index: 0, Size: 0
[20:09:04] [Client thread/INFO]: [cc.polyfrost.oneconfig.events.EventManager$OneConfigExceptionHandler:handle:108]: 	at java.util.ArrayList.rangeCheck(ArrayList.java:653)
[20:09:04] [Client thread/INFO]: [cc.polyfrost.oneconfig.events.EventManager$OneConfigExceptionHandler:handle:108]: 	at java.util.ArrayList.get(ArrayList.java:429)
[20:09:04] [Client thread/INFO]: [cc.polyfrost.oneconfig.events.EventManager$OneConfigExceptionHandler:handle:108]: 	at cc.polyfrost.oneconfig.hud.SingleTextHud.draw(SingleTextHud.java:104)
[20:09:04] [Client thread/INFO]: [cc.polyfrost.oneconfig.events.EventManager$OneConfigExceptionHandler:handle:108]: 	at cc.polyfrost.oneconfig.hud.BasicHud.drawAll(BasicHud.java:119)
[20:09:04] [Client thread/INFO]: [cc.polyfrost.oneconfig.events.EventManager$OneConfigExceptionHandler:handle:108]: 	at cc.polyfrost.oneconfig.internal.hud.HudCore.onRender(HudCore.java:59)
[20:09:04] [Client thread/INFO]: [cc.polyfrost.oneconfig.events.EventManager$OneConfigExceptionHandler:handle:108]: 	at cc.polyfrost.oneconfig.internal.hud.HudCore$$Lambda$140/364993184.invoke(Unknown Source)
[20:09:04] [Client thread/INFO]: [cc.polyfrost.oneconfig.events.EventManager$OneConfigExceptionHandler:handle:108]: 	at cc.polyfrost.oneconfig.libs.eventbus.EventBus$Subscriber.invoke(eventbus.kt:29)
[20:09:04] [Client thread/INFO]: [cc.polyfrost.oneconfig.events.EventManager$OneConfigExceptionHandler:handle:108]: 	at cc.polyfrost.oneconfig.libs.eventbus.EventBus.post(eventbus.kt:98)
[20:09:04] [Client thread/INFO]: [cc.polyfrost.oneconfig.events.EventManager$OneConfigExceptionHandler:handle:108]: 	at cc.polyfrost.oneconfig.events.EventManager.post(EventManager.java:93)
[20:09:04] [Client thread/INFO]: [cc.polyfrost.oneconfig.events.EventManager$OneConfigExceptionHandler:handle:108]: 	at net.minecraftforge.client.GuiIngameForge.handler$onRenderGameOverlay$zzc000(GuiIngameForge.java:952)
[20:09:04] [Client thread/INFO]: [cc.polyfrost.oneconfig.events.EventManager$OneConfigExceptionHandler:handle:108]: 	at net.minecraftforge.client.GuiIngameForge.func_175180_a(GuiIngameForge.java:180)
[20:09:04] [Client thread/INFO]: [cc.polyfrost.oneconfig.events.EventManager$OneConfigExceptionHandler:handle:108]: 	at net.minecraft.client.renderer.EntityRenderer.func_181560_a(EntityRenderer.java:1082)
[20:09:04] [Client thread/INFO]: [cc.polyfrost.oneconfig.events.EventManager$OneConfigExceptionHandler:handle:108]: 	at net.minecraft.client.Minecraft.func_71411_J(Minecraft.java:1051)
[20:09:04] [Client thread/INFO]: [cc.polyfrost.oneconfig.events.EventManager$OneConfigExceptionHandler:handle:108]: 	at net.minecraft.client.Minecraft.func_99999_d(Minecraft.java:349)
[20:09:04] [Client thread/INFO]: [cc.polyfrost.oneconfig.events.EventManager$OneConfigExceptionHandler:handle:108]: 	at net.minecraft.client.main.Main.main(SourceFile:124)
[20:09:04] [Client thread/INFO]: [cc.polyfrost.oneconfig.events.EventManager$OneConfigExceptionHandler:handle:108]: 	at sun.reflect.NativeMethodAccessorImpl.invoke0(Native Method)
[20:09:04] [Client thread/INFO]: [cc.polyfrost.oneconfig.events.EventManager$OneConfigExceptionHandler:handle:108]: 	at sun.reflect.NativeMethodAccessorImpl.invoke(NativeMethodAccessorImpl.java:62)
[20:09:04] [Client thread/INFO]: [cc.polyfrost.oneconfig.events.EventManager$OneConfigExceptionHandler:handle:108]: 	at sun.reflect.DelegatingMethodAccessorImpl.invoke(DelegatingMethodAccessorImpl.java:43)
[20:09:04] [Client thread/INFO]: [cc.polyfrost.oneconfig.events.EventManager$OneConfigExceptionHandler:handle:108]: 	at java.lang.reflect.Method.invoke(Method.java:497)
[20:09:04] [Client thread/INFO]: [cc.polyfrost.oneconfig.events.EventManager$OneConfigExceptionHandler:handle:108]: 	at net.minecraft.launchwrapper.Launch.launch(Launch.java:135)
[20:09:04] [Client thread/INFO]: [cc.polyfrost.oneconfig.events.EventManager$OneConfigExceptionHandler:handle:108]: 	at net.minecraft.launchwrapper.Launch.main(Launch.java:28)
[20:09:04] [Client thread/INFO]: [cc.polyfrost.oneconfig.events.EventManager$OneConfigExceptionHandler:handle:108]: java.lang.IndexOutOfBoundsException: Index: 0, Size: 0
[20:09:04] [Client thread/INFO]: [cc.polyfrost.oneconfig.events.EventManager$OneConfigExceptionHandler:handle:108]: 	at java.util.ArrayList.rangeCheck(ArrayList.java:653)
[20:09:04] [Client thread/INFO]: [cc.polyfrost.oneconfig.events.EventManager$OneConfigExceptionHandler:handle:108]: 	at java.util.ArrayList.get(ArrayList.java:429)
[20:09:04] [Client thread/INFO]: [cc.polyfrost.oneconfig.events.EventManager$OneConfigExceptionHandler:handle:108]: 	at cc.polyfrost.oneconfig.hud.SingleTextHud.draw(SingleTextHud.java:104)
[20:09:04] [Client thread/INFO]: [cc.polyfrost.oneconfig.events.EventManager$OneConfigExceptionHandler:handle:108]: 	at cc.polyfrost.oneconfig.hud.BasicHud.drawAll(BasicHud.java:119)
[20:09:04] [Client thread/INFO]: [cc.polyfrost.oneconfig.events.EventManager$OneConfigExceptionHandler:handle:108]: 	at cc.polyfrost.oneconfig.internal.hud.HudCore.onRender(HudCore.java:59)
[20:09:04] [Client thread/INFO]: [cc.polyfrost.oneconfig.events.EventManager$OneConfigExceptionHandler:handle:108]: 	at cc.polyfrost.oneconfig.internal.hud.HudCore$$Lambda$140/364993184.invoke(Unknown Source)
[20:09:04] [Client thread/INFO]: [cc.polyfrost.oneconfig.events.EventManager$OneConfigExceptionHandler:handle:108]: 	at cc.polyfrost.oneconfig.libs.eventbus.EventBus$Subscriber.invoke(eventbus.kt:29)
[20:09:04] [Client thread/INFO]: [cc.polyfrost.oneconfig.events.EventManager$OneConfigExceptionHandler:handle:108]: 	at cc.polyfrost.oneconfig.libs.eventbus.EventBus.post(eventbus.kt:98)
[20:09:04] [Client thread/INFO]: [cc.polyfrost.oneconfig.events.EventManager$OneConfigExceptionHandler:handle:108]: 	at cc.polyfrost.oneconfig.events.EventManager.post(EventManager.java:93)
[20:09:04] [Client thread/INFO]: [cc.polyfrost.oneconfig.events.EventManager$OneConfigExceptionHandler:handle:108]: 	at net.minecraftforge.client.GuiIngameForge.handler$onRenderGameOverlay$zzc000(GuiIngameForge.java:952)
[20:09:04] [Client thread/INFO]: [cc.polyfrost.oneconfig.events.EventManager$OneConfigExceptionHandler:handle:108]: 	at net.minecraftforge.client.GuiIngameForge.func_175180_a(GuiIngameForge.java:180)
[20:09:04] [Client thread/INFO]: [cc.polyfrost.oneconfig.events.EventManager$OneConfigExceptionHandler:handle:108]: 	at net.minecraft.client.renderer.EntityRenderer.func_181560_a(EntityRenderer.java:1082)
[20:09:04] [Client thread/INFO]: [cc.polyfrost.oneconfig.events.EventManager$OneConfigExceptionHandler:handle:108]: 	at net.minecraft.client.Minecraft.func_71411_J(Minecraft.java:1051)
[20:09:04] [Client thread/INFO]: [cc.polyfrost.oneconfig.events.EventManager$OneConfigExceptionHandler:handle:108]: 	at net.minecraft.client.Minecraft.func_99999_d(Minecraft.java:349)
[20:09:04] [Client thread/INFO]: [cc.polyfrost.oneconfig.events.EventManager$OneConfigExceptionHandler:handle:108]: 	at net.minecraft.client.main.Main.main(SourceFile:124)
[20:09:04] [Client thread/INFO]: [cc.polyfrost.oneconfig.events.EventManager$OneConfigExceptionHandler:handle:108]: 	at sun.reflect.NativeMethodAccessorImpl.invoke0(Native Method)
[20:09:04] [Client thread/INFO]: [cc.polyfrost.oneconfig.events.EventManager$OneConfigExceptionHandler:handle:108]: 	at sun.reflect.NativeMethodAccessorImpl.invoke(NativeMethodAccessorImpl.java:62)
[20:09:04] [Client thread/INFO]: [cc.polyfrost.oneconfig.events.EventManager$OneConfigExceptionHandler:handle:108]: 	at sun.reflect.DelegatingMethodAccessorImpl.invoke(DelegatingMethodAccessorImpl.java:43)
[20:09:04] [Client thread/INFO]: [cc.polyfrost.oneconfig.events.EventManager$OneConfigExceptionHandler:handle:108]: 	at java.lang.reflect.Method.invoke(Method.java:497)
[20:09:04] [Client thread/INFO]: [cc.polyfrost.oneconfig.events.EventManager$OneConfigExceptionHandler:handle:108]: 	at net.minecraft.launchwrapper.Launch.launch(Launch.java:135)
[20:09:04] [Client thread/INFO]: [cc.polyfrost.oneconfig.events.EventManager$OneConfigExceptionHandler:handle:108]: 	at net.minecraft.launchwrapper.Launch.main(Launch.java:28)
[20:09:04] [Client thread/INFO]: [cc.polyfrost.oneconfig.events.EventManager$OneConfigExceptionHandler:handle:108]: java.lang.IndexOutOfBoundsException: Index: 0, Size: 0
[20:09:04] [Client thread/INFO]: [cc.polyfrost.oneconfig.events.EventManager$OneConfigExceptionHandler:handle:108]: 	at java.util.ArrayList.rangeCheck(ArrayList.java:653)
[20:09:04] [Client thread/INFO]: [cc.polyfrost.oneconfig.events.EventManager$OneConfigExceptionHandler:handle:108]: 	at java.util.ArrayList.get(ArrayList.java:429)
[20:09:04] [Client thread/INFO]: [cc.polyfrost.oneconfig.events.EventManager$OneConfigExceptionHandler:handle:108]: 	at cc.polyfrost.oneconfig.hud.SingleTextHud.draw(SingleTextHud.java:104)
[20:09:04] [Client thread/INFO]: [cc.polyfrost.oneconfig.events.EventManager$OneConfigExceptionHandler:handle:108]: 	at cc.polyfrost.oneconfig.hud.BasicHud.drawAll(BasicHud.java:119)
[20:09:04] [Client thread/INFO]: [cc.polyfrost.oneconfig.events.EventManager$OneConfigExceptionHandler:handle:108]: 	at cc.polyfrost.oneconfig.internal.hud.HudCore.onRender(HudCore.java:59)
[20:09:04] [Client thread/INFO]: [cc.polyfrost.oneconfig.events.EventManager$OneConfigExceptionHandler:handle:108]: 	at cc.polyfrost.oneconfig.internal.hud.HudCore$$Lambda$140/364993184.invoke(Unknown Source)
[20:09:04] [Client thread/INFO]: [cc.polyfrost.oneconfig.events.EventManager$OneConfigExceptionHandler:handle:108]: 	at cc.polyfrost.oneconfig.libs.eventbus.EventBus$Subscriber.invoke(eventbus.kt:29)
[20:09:04] [Client thread/INFO]: [cc.polyfrost.oneconfig.events.EventManager$OneConfigExceptionHandler:handle:108]: 	at cc.polyfrost.oneconfig.libs.eventbus.EventBus.post(eventbus.kt:98)
[20:09:04] [Client thread/INFO]: [cc.polyfrost.oneconfig.events.EventManager$OneConfigExceptionHandler:handle:108]: 	at cc.polyfrost.oneconfig.events.EventManager.post(EventManager.java:93)
[20:09:04] [Client thread/INFO]: [cc.polyfrost.oneconfig.events.EventManager$OneConfigExceptionHandler:handle:108]: 	at net.minecraftforge.client.GuiIngameForge.handler$onRenderGameOverlay$zzc000(GuiIngameForge.java:952)
[20:09:04] [Client thread/INFO]: [cc.polyfrost.oneconfig.events.EventManager$OneConfigExceptionHandler:handle:108]: 	at net.minecraftforge.client.GuiIngameForge.func_175180_a(GuiIngameForge.java:180)
[20:09:04] [Client thread/INFO]: [cc.polyfrost.oneconfig.events.EventManager$OneConfigExceptionHandler:handle:108]: 	at net.minecraft.client.renderer.EntityRenderer.func_181560_a(EntityRenderer.java:1082)
[20:09:04] [Client thread/INFO]: [cc.polyfrost.oneconfig.events.EventManager$OneConfigExceptionHandler:handle:108]: 	at net.minecraft.client.Minecraft.func_71411_J(Minecraft.java:1051)
[20:09:04] [Client thread/INFO]: [cc.polyfrost.oneconfig.events.EventManager$OneConfigExceptionHandler:handle:108]: 	at net.minecraft.client.Minecraft.func_99999_d(Minecraft.java:349)
[20:09:04] [Client thread/INFO]: [cc.polyfrost.oneconfig.events.EventManager$OneConfigExceptionHandler:handle:108]: 	at net.minecraft.client.main.Main.main(SourceFile:124)
[20:09:04] [Client thread/INFO]: [cc.polyfrost.oneconfig.events.EventManager$OneConfigExceptionHandler:handle:108]: 	at sun.reflect.NativeMethodAccessorImpl.invoke0(Native Method)
[20:09:04] [Client thread/INFO]: [cc.polyfrost.oneconfig.events.EventManager$OneConfigExceptionHandler:handle:108]: 	at sun.reflect.NativeMethodAccessorImpl.invoke(NativeMethodAccessorImpl.java:62)
[20:09:04] [Client thread/INFO]: [cc.polyfrost.oneconfig.events.EventManager$OneConfigExceptionHandler:handle:108]: 	at sun.reflect.DelegatingMethodAccessorImpl.invoke(DelegatingMethodAccessorImpl.java:43)
[20:09:04] [Client thread/INFO]: [cc.polyfrost.oneconfig.events.EventManager$OneConfigExceptionHandler:handle:108]: 	at java.lang.reflect.Method.invoke(Method.java:497)
[20:09:04] [Client thread/INFO]: [cc.polyfrost.oneconfig.events.EventManager$OneConfigExceptionHandler:handle:108]: 	at net.minecraft.launchwrapper.Launch.launch(Launch.java:135)
[20:09:04] [Client thread/INFO]: [cc.polyfrost.oneconfig.events.EventManager$OneConfigExceptionHandler:handle:108]: 	at net.minecraft.launchwrapper.Launch.main(Launch.java:28)
[20:09:04] [Client thread/INFO]: [cc.polyfrost.oneconfig.events.EventManager$OneConfigExceptionHandler:handle:108]: java.lang.IndexOutOfBoundsException: Index: 0, Size: 0
[20:09:04] [Client thread/INFO]: [cc.polyfrost.oneconfig.events.EventManager$OneConfigExceptionHandler:handle:108]: 	at java.util.ArrayList.rangeCheck(ArrayList.java:653)
[20:09:04] [Client thread/INFO]: [cc.polyfrost.oneconfig.events.EventManager$OneConfigExceptionHandler:handle:108]: 	at java.util.ArrayList.get(ArrayList.java:429)
[20:09:04] [Client thread/INFO]: [cc.polyfrost.oneconfig.events.EventManager$OneConfigExceptionHandler:handle:108]: 	at cc.polyfrost.oneconfig.hud.SingleTextHud.draw(SingleTextHud.java:104)
[20:09:04] [Client thread/INFO]: [cc.polyfrost.oneconfig.events.EventManager$OneConfigExceptionHandler:handle:108]: 	at cc.polyfrost.oneconfig.hud.BasicHud.drawAll(BasicHud.java:119)
[20:09:04] [Client thread/INFO]: [cc.polyfrost.oneconfig.events.EventManager$OneConfigExceptionHandler:handle:108]: 	at cc.polyfrost.oneconfig.internal.hud.HudCore.onRender(HudCore.java:59)
[20:09:04] [Client thread/INFO]: [cc.polyfrost.oneconfig.events.EventManager$OneConfigExceptionHandler:handle:108]: 	at cc.polyfrost.oneconfig.internal.hud.HudCore$$Lambda$140/364993184.invoke(Unknown Source)
[20:09:04] [Client thread/INFO]: [cc.polyfrost.oneconfig.events.EventManager$OneConfigExceptionHandler:handle:108]: 	at cc.polyfrost.oneconfig.libs.eventbus.EventBus$Subscriber.invoke(eventbus.kt:29)
[20:09:04] [Client thread/INFO]: [cc.polyfrost.oneconfig.events.EventManager$OneConfigExceptionHandler:handle:108]: 	at cc.polyfrost.oneconfig.libs.eventbus.EventBus.post(eventbus.kt:98)
[20:09:04] [Client thread/INFO]: [cc.polyfrost.oneconfig.events.EventManager$OneConfigExceptionHandler:handle:108]: 	at cc.polyfrost.oneconfig.events.EventManager.post(EventManager.java:93)
[20:09:04] [Client thread/INFO]: [cc.polyfrost.oneconfig.events.EventManager$OneConfigExceptionHandler:handle:108]: 	at net.minecraftforge.client.GuiIngameForge.handler$onRenderGameOverlay$zzc000(GuiIngameForge.java:952)
[20:09:04] [Client thread/INFO]: [cc.polyfrost.oneconfig.events.EventManager$OneConfigExceptionHandler:handle:108]: 	at net.minecraftforge.client.GuiIngameForge.func_175180_a(GuiIngameForge.java:180)
[20:09:04] [Client thread/INFO]: [cc.polyfrost.oneconfig.events.EventManager$OneConfigExceptionHandler:handle:108]: 	at net.minecraft.client.renderer.EntityRenderer.func_181560_a(EntityRenderer.java:1082)
[20:09:04] [Client thread/INFO]: [cc.polyfrost.oneconfig.events.EventManager$OneConfigExceptionHandler:handle:108]: 	at net.minecraft.client.Minecraft.func_71411_J(Minecraft.java:1051)
[20:09:04] [Client thread/INFO]: [cc.polyfrost.oneconfig.events.EventManager$OneConfigExceptionHandler:handle:108]: 	at net.minecraft.client.Minecraft.func_99999_d(Minecraft.java:349)
[20:09:04] [Client thread/INFO]: [cc.polyfrost.oneconfig.events.EventManager$OneConfigExceptionHandler:handle:108]: 	at net.minecraft.client.main.Main.main(SourceFile:124)
[20:09:04] [Client thread/INFO]: [cc.polyfrost.oneconfig.events.EventManager$OneConfigExceptionHandler:handle:108]: 	at sun.reflect.NativeMethodAccessorImpl.invoke0(Native Method)
[20:09:04] [Client thread/INFO]: [cc.polyfrost.oneconfig.events.EventManager$OneConfigExceptionHandler:handle:108]: 	at sun.reflect.NativeMethodAccessorImpl.invoke(NativeMethodAccessorImpl.java:62)
[20:09:04] [Client thread/INFO]: [cc.polyfrost.oneconfig.events.EventManager$OneConfigExceptionHandler:handle:108]: 	at sun.reflect.DelegatingMethodAccessorImpl.invoke(DelegatingMethodAccessorImpl.java:43)
[20:09:04] [Client thread/INFO]: [cc.polyfrost.oneconfig.events.EventManager$OneConfigExceptionHandler:handle:108]: 	at java.lang.reflect.Method.invoke(Method.java:497)
[20:09:04] [Client thread/INFO]: [cc.polyfrost.oneconfig.events.EventManager$OneConfigExceptionHandler:handle:108]: 	at net.minecraft.launchwrapper.Launch.launch(Launch.java:135)
[20:09:04] [Client thread/INFO]: [cc.polyfrost.oneconfig.events.EventManager$OneConfigExceptionHandler:handle:108]: 	at net.minecraft.launchwrapper.Launch.main(Launch.java:28)
[20:09:13] [Client thread/INFO]: [cc.polyfrost.oneconfig.events.EventManager$OneConfigExceptionHandler:handle:108]: java.lang.IndexOutOfBoundsException: Index: 0, Size: 0
[20:09:13] [Client thread/INFO]: [cc.polyfrost.oneconfig.events.EventManager$OneConfigExceptionHandler:handle:108]: 	at java.util.ArrayList.rangeCheck(ArrayList.java:653)
[20:09:13] [Client thread/INFO]: [cc.polyfrost.oneconfig.events.EventManager$OneConfigExceptionHandler:handle:108]: 	at java.util.ArrayList.get(ArrayList.java:429)
[20:09:13] [Client thread/INFO]: [cc.polyfrost.oneconfig.events.EventManager$OneConfigExceptionHandler:handle:108]: 	at cc.polyfrost.oneconfig.hud.SingleTextHud.draw(SingleTextHud.java:104)
[20:09:13] [Client thread/INFO]: [cc.polyfrost.oneconfig.events.EventManager$OneConfigExceptionHandler:handle:108]: 	at cc.polyfrost.oneconfig.hud.BasicHud.drawAll(BasicHud.java:119)
[20:09:13] [Client thread/INFO]: [cc.polyfrost.oneconfig.events.EventManager$OneConfigExceptionHandler:handle:108]: 	at cc.polyfrost.oneconfig.internal.hud.HudCore.onRender(HudCore.java:59)
[20:09:13] [Client thread/INFO]: [cc.polyfrost.oneconfig.events.EventManager$OneConfigExceptionHandler:handle:108]: 	at cc.polyfrost.oneconfig.internal.hud.HudCore$$Lambda$140/364993184.invoke(Unknown Source)
[20:09:13] [Client thread/INFO]: [cc.polyfrost.oneconfig.events.EventManager$OneConfigExceptionHandler:handle:108]: 	at cc.polyfrost.oneconfig.libs.eventbus.EventBus$Subscriber.invoke(eventbus.kt:29)
[20:09:13] [Client thread/INFO]: [cc.polyfrost.oneconfig.events.EventManager$OneConfigExceptionHandler:handle:108]: 	at cc.polyfrost.oneconfig.libs.eventbus.EventBus.post(eventbus.kt:98)
[20:09:13] [Client thread/INFO]: [cc.polyfrost.oneconfig.events.EventManager$OneConfigExceptionHandler:handle:108]: 	at cc.polyfrost.oneconfig.events.EventManager.post(EventManager.java:93)
[20:09:13] [Client thread/INFO]: [cc.polyfrost.oneconfig.events.EventManager$OneConfigExceptionHandler:handle:108]: 	at net.minecraftforge.client.GuiIngameForge.handler$onRenderGameOverlay$zzc000(GuiIngameForge.java:952)
[20:09:13] [Client thread/INFO]: [cc.polyfrost.oneconfig.events.EventManager$OneConfigExceptionHandler:handle:108]: 	at net.minecraftforge.client.GuiIngameForge.func_175180_a(GuiIngameForge.java:180)
[20:09:13] [Client thread/INFO]: [cc.polyfrost.oneconfig.events.EventManager$OneConfigExceptionHandler:handle:108]: 	at net.minecraft.client.renderer.EntityRenderer.func_181560_a(EntityRenderer.java:1082)
[20:09:13] [Client thread/INFO]: [cc.polyfrost.oneconfig.events.EventManager$OneConfigExceptionHandler:handle:108]: 	at net.minecraft.client.Minecraft.func_71411_J(Minecraft.java:1051)
[20:09:13] [Client thread/INFO]: [cc.polyfrost.oneconfig.events.EventManager$OneConfigExceptionHandler:handle:108]: 	at net.minecraft.client.Minecraft.func_99999_d(Minecraft.java:349)
[20:09:13] [Client thread/INFO]: [cc.polyfrost.oneconfig.events.EventManager$OneConfigExceptionHandler:handle:108]: 	at net.minecraft.client.main.Main.main(SourceFile:124)
[20:09:13] [Client thread/INFO]: [cc.polyfrost.oneconfig.events.EventManager$OneConfigExceptionHandler:handle:108]: 	at sun.reflect.NativeMethodAccessorImpl.invoke0(Native Method)
[20:09:13] [Client thread/INFO]: [cc.polyfrost.oneconfig.events.EventManager$OneConfigExceptionHandler:handle:108]: 	at sun.reflect.NativeMethodAccessorImpl.invoke(NativeMethodAccessorImpl.java:62)
[20:09:13] [Client thread/INFO]: [cc.polyfrost.oneconfig.events.EventManager$OneConfigExceptionHandler:handle:108]: 	at sun.reflect.DelegatingMethodAccessorImpl.invoke(DelegatingMethodAccessorImpl.java:43)
[20:09:13] [Client thread/INFO]: [cc.polyfrost.oneconfig.events.EventManager$OneConfigExceptionHandler:handle:108]: 	at java.lang.reflect.Method.invoke(Method.java:497)
[20:09:13] [Client thread/INFO]: [cc.polyfrost.oneconfig.events.EventManager$OneConfigExceptionHandler:handle:108]: 	at net.minecraft.launchwrapper.Launch.launch(Launch.java:135)
[20:09:13] [Client thread/INFO]: [cc.polyfrost.oneconfig.events.EventManager$OneConfigExceptionHandler:handle:108]: 	at net.minecraft.launchwrapper.Launch.main(Launch.java:28)
[20:09:13] [Client thread/INFO]: [cc.polyfrost.oneconfig.events.EventManager$OneConfigExceptionHandler:handle:108]: java.lang.IndexOutOfBoundsException: Index: 0, Size: 0
[20:09:13] [Client thread/INFO]: [cc.polyfrost.oneconfig.events.EventManager$OneConfigExceptionHandler:handle:108]: 	at java.util.ArrayList.rangeCheck(ArrayList.java:653)
[20:09:13] [Client thread/INFO]: [cc.polyfrost.oneconfig.events.EventManager$OneConfigExceptionHandler:handle:108]: 	at java.util.ArrayList.get(ArrayList.java:429)
[20:09:13] [Client thread/INFO]: [cc.polyfrost.oneconfig.events.EventManager$OneConfigExceptionHandler:handle:108]: 	at cc.polyfrost.oneconfig.hud.SingleTextHud.draw(SingleTextHud.java:104)
[20:09:13] [Client thread/INFO]: [cc.polyfrost.oneconfig.events.EventManager$OneConfigExceptionHandler:handle:108]: 	at cc.polyfrost.oneconfig.hud.BasicHud.drawAll(BasicHud.java:119)
[20:09:13] [Client thread/INFO]: [cc.polyfrost.oneconfig.events.EventManager$OneConfigExceptionHandler:handle:108]: 	at cc.polyfrost.oneconfig.internal.hud.HudCore.onRender(HudCore.java:59)
[20:09:13] [Client thread/INFO]: [cc.polyfrost.oneconfig.events.EventManager$OneConfigExceptionHandler:handle:108]: 	at cc.polyfrost.oneconfig.internal.hud.HudCore$$Lambda$140/364993184.invoke(Unknown Source)
[20:09:13] [Client thread/INFO]: [cc.polyfrost.oneconfig.events.EventManager$OneConfigExceptionHandler:handle:108]: 	at cc.polyfrost.oneconfig.libs.eventbus.EventBus$Subscriber.invoke(eventbus.kt:29)
[20:09:13] [Client thread/INFO]: [cc.polyfrost.oneconfig.events.EventManager$OneConfigExceptionHandler:handle:108]: 	at cc.polyfrost.oneconfig.libs.eventbus.EventBus.post(eventbus.kt:98)
[20:09:13] [Client thread/INFO]: [cc.polyfrost.oneconfig.events.EventManager$OneConfigExceptionHandler:handle:108]: 	at cc.polyfrost.oneconfig.events.EventManager.post(EventManager.java:93)
[20:09:13] [Client thread/INFO]: [cc.polyfrost.oneconfig.events.EventManager$OneConfigExceptionHandler:handle:108]: 	at net.minecraftforge.client.GuiIngameForge.handler$onRenderGameOverlay$zzc000(GuiIngameForge.java:952)
[20:09:13] [Client thread/INFO]: [cc.polyfrost.oneconfig.events.EventManager$OneConfigExceptionHandler:handle:108]: 	at net.minecraftforge.client.GuiIngameForge.func_175180_a(GuiIngameForge.java:180)
[20:09:13] [Client thread/INFO]: [cc.polyfrost.oneconfig.events.EventManager$OneConfigExceptionHandler:handle:108]: 	at net.minecraft.client.renderer.EntityRenderer.func_181560_a(EntityRenderer.java:1082)
[20:09:13] [Client thread/INFO]: [cc.polyfrost.oneconfig.events.EventManager$OneConfigExceptionHandler:handle:108]: 	at net.minecraft.client.Minecraft.func_71411_J(Minecraft.java:1051)
[20:09:13] [Client thread/INFO]: [cc.polyfrost.oneconfig.events.EventManager$OneConfigExceptionHandler:handle:108]: 	at net.minecraft.client.Minecraft.func_99999_d(Minecraft.java:349)
[20:09:13] [Client thread/INFO]: [cc.polyfrost.oneconfig.events.EventManager$OneConfigExceptionHandler:handle:108]: 	at net.minecraft.client.main.Main.main(SourceFile:124)
[20:09:13] [Client thread/INFO]: [cc.polyfrost.oneconfig.events.EventManager$OneConfigExceptionHandler:handle:108]: 	at sun.reflect.NativeMethodAccessorImpl.invoke0(Native Method)
[20:09:13] [Client thread/INFO]: [cc.polyfrost.oneconfig.events.EventManager$OneConfigExceptionHandler:handle:108]: 	at sun.reflect.NativeMethodAccessorImpl.invoke(NativeMethodAccessorImpl.java:62)
[20:09:13] [Client thread/INFO]: [cc.polyfrost.oneconfig.events.EventManager$OneConfigExceptionHandler:handle:108]: 	at sun.reflect.DelegatingMethodAccessorImpl.invoke(DelegatingMethodAccessorImpl.java:43)
[20:09:13] [Client thread/INFO]: [cc.polyfrost.oneconfig.events.EventManager$OneConfigExceptionHandler:handle:108]: 	at java.lang.reflect.Method.invoke(Method.java:497)
[20:09:13] [Client thread/INFO]: [cc.polyfrost.oneconfig.events.EventManager$OneConfigExceptionHandler:handle:108]: 	at net.minecraft.launchwrapper.Launch.launch(Launch.java:135)
[20:09:13] [Client thread/INFO]: [cc.polyfrost.oneconfig.events.EventManager$OneConfigExceptionHandler:handle:108]: 	at net.minecraft.launchwrapper.Launch.main(Launch.java:28)
[20:09:13] [Client thread/INFO]: [cc.polyfrost.oneconfig.events.EventManager$OneConfigExceptionHandler:handle:108]: java.lang.IndexOutOfBoundsException: Index: 0, Size: 0
[20:09:13] [Client thread/INFO]: [cc.polyfrost.oneconfig.events.EventManager$OneConfigExceptionHandler:handle:108]: 	at java.util.ArrayList.rangeCheck(ArrayList.java:653)
[20:09:13] [Client thread/INFO]: [cc.polyfrost.oneconfig.events.EventManager$OneConfigExceptionHandler:handle:108]: 	at java.util.ArrayList.get(ArrayList.java:429)
[20:09:13] [Client thread/INFO]: [cc.polyfrost.oneconfig.events.EventManager$OneConfigExceptionHandler:handle:108]: 	at cc.polyfrost.oneconfig.hud.SingleTextHud.draw(SingleTextHud.java:104)
[20:09:13] [Client thread/INFO]: [cc.polyfrost.oneconfig.events.EventManager$OneConfigExceptionHandler:handle:108]: 	at cc.polyfrost.oneconfig.hud.BasicHud.drawAll(BasicHud.java:119)
[20:09:13] [Client thread/INFO]: [cc.polyfrost.oneconfig.events.EventManager$OneConfigExceptionHandler:handle:108]: 	at cc.polyfrost.oneconfig.internal.hud.HudCore.onRender(HudCore.java:59)
[20:09:13] [Client thread/INFO]: [cc.polyfrost.oneconfig.events.EventManager$OneConfigExceptionHandler:handle:108]: 	at cc.polyfrost.oneconfig.internal.hud.HudCore$$Lambda$140/364993184.invoke(Unknown Source)
[20:09:13] [Client thread/INFO]: [cc.polyfrost.oneconfig.events.EventManager$OneConfigExceptionHandler:handle:108]: 	at cc.polyfrost.oneconfig.libs.eventbus.EventBus$Subscriber.invoke(eventbus.kt:29)
[20:09:13] [Client thread/INFO]: [cc.polyfrost.oneconfig.events.EventManager$OneConfigExceptionHandler:handle:108]: 	at cc.polyfrost.oneconfig.libs.eventbus.EventBus.post(eventbus.kt:98)
[20:09:13] [Client thread/INFO]: [cc.polyfrost.oneconfig.events.EventManager$OneConfigExceptionHandler:handle:108]: 	at cc.polyfrost.oneconfig.events.EventManager.post(EventManager.java:93)
[20:09:13] [Client thread/INFO]: [cc.polyfrost.oneconfig.events.EventManager$OneConfigExceptionHandler:handle:108]: 	at net.minecraftforge.client.GuiIngameForge.handler$onRenderGameOverlay$zzc000(GuiIngameForge.java:952)
[20:09:13] [Client thread/INFO]: [cc.polyfrost.oneconfig.events.EventManager$OneConfigExceptionHandler:handle:108]: 	at net.minecraftforge.client.GuiIngameForge.func_175180_a(GuiIngameForge.java:180)
[20:09:13] [Client thread/INFO]: [cc.polyfrost.oneconfig.events.EventManager$OneConfigExceptionHandler:handle:108]: 	at net.minecraft.client.renderer.EntityRenderer.func_181560_a(EntityRenderer.java:1082)
[20:09:13] [Client thread/INFO]: [cc.polyfrost.oneconfig.events.EventManager$OneConfigExceptionHandler:handle:108]: 	at net.minecraft.client.Minecraft.func_71411_J(Minecraft.java:1051)
[20:09:13] [Client thread/INFO]: [cc.polyfrost.oneconfig.events.EventManager$OneConfigExceptionHandler:handle:108]: 	at net.minecraft.client.Minecraft.func_99999_d(Minecraft.java:349)
[20:09:13] [Client thread/INFO]: [cc.polyfrost.oneconfig.events.EventManager$OneConfigExceptionHandler:handle:108]: 	at net.minecraft.client.main.Main.main(SourceFile:124)
[20:09:13] [Client thread/INFO]: [cc.polyfrost.oneconfig.events.EventManager$OneConfigExceptionHandler:handle:108]: 	at sun.reflect.NativeMethodAccessorImpl.invoke0(Native Method)
[20:09:13] [Client thread/INFO]: [cc.polyfrost.oneconfig.events.EventManager$OneConfigExceptionHandler:handle:108]: 	at sun.reflect.NativeMethodAccessorImpl.invoke(NativeMethodAccessorImpl.java:62)
[20:09:13] [Client thread/INFO]: [cc.polyfrost.oneconfig.events.EventManager$OneConfigExceptionHandler:handle:108]: 	at sun.reflect.DelegatingMethodAccessorImpl.invoke(DelegatingMethodAccessorImpl.java:43)
[20:09:13] [Client thread/INFO]: [cc.polyfrost.oneconfig.events.EventManager$OneConfigExceptionHandler:handle:108]: 	at java.lang.reflect.Method.invoke(Method.java:497)
[20:09:13] [Client thread/INFO]: [cc.polyfrost.oneconfig.events.EventManager$OneConfigExceptionHandler:handle:108]: 	at net.minecraft.launchwrapper.Launch.launch(Launch.java:135)
[20:09:13] [Client thread/INFO]: [cc.polyfrost.oneconfig.events.EventManager$OneConfigExceptionHandler:handle:108]: 	at net.minecraft.launchwrapper.Launch.main(Launch.java:28)
[20:09:13] [Client thread/INFO]: [cc.polyfrost.oneconfig.events.EventManager$OneConfigExceptionHandler:handle:108]: java.lang.IndexOutOfBoundsException: Index: 0, Size: 0
[20:09:13] [Client thread/INFO]: [cc.polyfrost.oneconfig.events.EventManager$OneConfigExceptionHandler:handle:108]: 	at java.util.ArrayList.rangeCheck(ArrayList.java:653)
[20:09:13] [Client thread/INFO]: [cc.polyfrost.oneconfig.events.EventManager$OneConfigExceptionHandler:handle:108]: 	at java.util.ArrayList.get(ArrayList.java:429)
[20:09:13] [Client thread/INFO]: [cc.polyfrost.oneconfig.events.EventManager$OneConfigExceptionHandler:handle:108]: 	at cc.polyfrost.oneconfig.hud.SingleTextHud.draw(SingleTextHud.java:104)
[20:09:13] [Client thread/INFO]: [cc.polyfrost.oneconfig.events.EventManager$OneConfigExceptionHandler:handle:108]: 	at cc.polyfrost.oneconfig.hud.BasicHud.drawAll(BasicHud.java:119)
[20:09:13] [Client thread/INFO]: [cc.polyfrost.oneconfig.events.EventManager$OneConfigExceptionHandler:handle:108]: 	at cc.polyfrost.oneconfig.internal.hud.HudCore.onRender(HudCore.java:59)
[20:09:13] [Client thread/INFO]: [cc.polyfrost.oneconfig.events.EventManager$OneConfigExceptionHandler:handle:108]: 	at cc.polyfrost.oneconfig.internal.hud.HudCore$$Lambda$140/364993184.invoke(Unknown Source)
[20:09:13] [Client thread/INFO]: [cc.polyfrost.oneconfig.events.EventManager$OneConfigExceptionHandler:handle:108]: 	at cc.polyfrost.oneconfig.libs.eventbus.EventBus$Subscriber.invoke(eventbus.kt:29)
[20:09:13] [Client thread/INFO]: [cc.polyfrost.oneconfig.events.EventManager$OneConfigExceptionHandler:handle:108]: 	at cc.polyfrost.oneconfig.libs.eventbus.EventBus.post(eventbus.kt:98)
[20:09:13] [Client thread/INFO]: [cc.polyfrost.oneconfig.events.EventManager$OneConfigExceptionHandler:handle:108]: 	at cc.polyfrost.oneconfig.events.EventManager.post(EventManager.java:93)
[20:09:13] [Client thread/INFO]: [cc.polyfrost.oneconfig.events.EventManager$OneConfigExceptionHandler:handle:108]: 	at net.minecraftforge.client.GuiIngameForge.handler$onRenderGameOverlay$zzc000(GuiIngameForge.java:952)
[20:09:13] [Client thread/INFO]: [cc.polyfrost.oneconfig.events.EventManager$OneConfigExceptionHandler:handle:108]: 	at net.minecraftforge.client.GuiIngameForge.func_175180_a(GuiIngameForge.java:180)
[20:09:13] [Client thread/INFO]: [cc.polyfrost.oneconfig.events.EventManager$OneConfigExceptionHandler:handle:108]: 	at net.minecraft.client.renderer.EntityRenderer.func_181560_a(EntityRenderer.java:1082)
[20:09:13] [Client thread/INFO]: [cc.polyfrost.oneconfig.events.EventManager$OneConfigExceptionHandler:handle:108]: 	at net.minecraft.client.Minecraft.func_71411_J(Minecraft.java:1051)
[20:09:13] [Client thread/INFO]: [cc.polyfrost.oneconfig.events.EventManager$OneConfigExceptionHandler:handle:108]: 	at net.minecraft.client.Minecraft.func_99999_d(Minecraft.java:349)
[20:09:13] [Client thread/INFO]: [cc.polyfrost.oneconfig.events.EventManager$OneConfigExceptionHandler:handle:108]: 	at net.minecraft.client.main.Main.main(SourceFile:124)
[20:09:13] [Client thread/INFO]: [cc.polyfrost.oneconfig.events.EventManager$OneConfigExceptionHandler:handle:108]: 	at sun.reflect.NativeMethodAccessorImpl.invoke0(Native Method)
[20:09:13] [Client thread/INFO]: [cc.polyfrost.oneconfig.events.EventManager$OneConfigExceptionHandler:handle:108]: 	at sun.reflect.NativeMethodAccessorImpl.invoke(NativeMethodAccessorImpl.java:62)
[20:09:13] [Client thread/INFO]: [cc.polyfrost.oneconfig.events.EventManager$OneConfigExceptionHandler:handle:108]: 	at sun.reflect.DelegatingMethodAccessorImpl.invoke(DelegatingMethodAccessorImpl.java:43)
[20:09:13] [Client thread/INFO]: [cc.polyfrost.oneconfig.events.EventManager$OneConfigExceptionHandler:handle:108]: 	at java.lang.reflect.Method.invoke(Method.java:497)
[20:09:13] [Client thread/INFO]: [cc.polyfrost.oneconfig.events.EventManager$OneConfigExceptionHandler:handle:108]: 	at net.minecraft.launchwrapper.Launch.launch(Launch.java:135)
[20:09:13] [Client thread/INFO]: [cc.polyfrost.oneconfig.events.EventManager$OneConfigExceptionHandler:handle:108]: 	at net.minecraft.launchwrapper.Launch.main(Launch.java:28)
[20:09:13] [Client thread/INFO]: [cc.polyfrost.oneconfig.events.EventManager$OneConfigExceptionHandler:handle:108]: java.lang.IndexOutOfBoundsException: Index: 0, Size: 0
[20:09:13] [Client thread/INFO]: [cc.polyfrost.oneconfig.events.EventManager$OneConfigExceptionHandler:handle:108]: 	at java.util.ArrayList.rangeCheck(ArrayList.java:653)
[20:09:13] [Client thread/INFO]: [cc.polyfrost.oneconfig.events.EventManager$OneConfigExceptionHandler:handle:108]: 	at java.util.ArrayList.get(ArrayList.java:429)
[20:09:13] [Client thread/INFO]: [cc.polyfrost.oneconfig.events.EventManager$OneConfigExceptionHandler:handle:108]: 	at cc.polyfrost.oneconfig.hud.SingleTextHud.draw(SingleTextHud.java:104)
[20:09:13] [Client thread/INFO]: [cc.polyfrost.oneconfig.events.EventManager$OneConfigExceptionHandler:handle:108]: 	at cc.polyfrost.oneconfig.hud.BasicHud.drawAll(BasicHud.java:119)
[20:09:13] [Client thread/INFO]: [cc.polyfrost.oneconfig.events.EventManager$OneConfigExceptionHandler:handle:108]: 	at cc.polyfrost.oneconfig.internal.hud.HudCore.onRender(HudCore.java:59)
[20:09:13] [Client thread/INFO]: [cc.polyfrost.oneconfig.events.EventManager$OneConfigExceptionHandler:handle:108]: 	at cc.polyfrost.oneconfig.internal.hud.HudCore$$Lambda$140/364993184.invoke(Unknown Source)
[20:09:13] [Client thread/INFO]: [cc.polyfrost.oneconfig.events.EventManager$OneConfigExceptionHandler:handle:108]: 	at cc.polyfrost.oneconfig.libs.eventbus.EventBus$Subscriber.invoke(eventbus.kt:29)
[20:09:13] [Client thread/INFO]: [cc.polyfrost.oneconfig.events.EventManager$OneConfigExceptionHandler:handle:108]: 	at cc.polyfrost.oneconfig.libs.eventbus.EventBus.post(eventbus.kt:98)
[20:09:13] [Client thread/INFO]: [cc.polyfrost.oneconfig.events.EventManager$OneConfigExceptionHandler:handle:108]: 	at cc.polyfrost.oneconfig.events.EventManager.post(EventManager.java:93)
[20:09:13] [Client thread/INFO]: [cc.polyfrost.oneconfig.events.EventManager$OneConfigExceptionHandler:handle:108]: 	at net.minecraftforge.client.GuiIngameForge.handler$onRenderGameOverlay$zzc000(GuiIngameForge.java:952)
[20:09:13] [Client thread/INFO]: [cc.polyfrost.oneconfig.events.EventManager$OneConfigExceptionHandler:handle:108]: 	at net.minecraftforge.client.GuiIngameForge.func_175180_a(GuiIngameForge.java:180)
[20:09:13] [Client thread/INFO]: [cc.polyfrost.oneconfig.events.EventManager$OneConfigExceptionHandler:handle:108]: 	at net.minecraft.client.renderer.EntityRenderer.func_181560_a(EntityRenderer.java:1082)
[20:09:13] [Client thread/INFO]: [cc.polyfrost.oneconfig.events.EventManager$OneConfigExceptionHandler:handle:108]: 	at net.minecraft.client.Minecraft.func_71411_J(Minecraft.java:1051)
[20:09:13] [Client thread/INFO]: [cc.polyfrost.oneconfig.events.EventManager$OneConfigExceptionHandler:handle:108]: 	at net.minecraft.client.Minecraft.func_99999_d(Minecraft.java:349)
[20:09:13] [Client thread/INFO]: [cc.polyfrost.oneconfig.events.EventManager$OneConfigExceptionHandler:handle:108]: 	at net.minecraft.client.main.Main.main(SourceFile:124)
[20:09:13] [Client thread/INFO]: [cc.polyfrost.oneconfig.events.EventManager$OneConfigExceptionHandler:handle:108]: 	at sun.reflect.NativeMethodAccessorImpl.invoke0(Native Method)
[20:09:13] [Client thread/INFO]: [cc.polyfrost.oneconfig.events.EventManager$OneConfigExceptionHandler:handle:108]: 	at sun.reflect.NativeMethodAccessorImpl.invoke(NativeMethodAccessorImpl.java:62)
[20:09:13] [Client thread/INFO]: [cc.polyfrost.oneconfig.events.EventManager$OneConfigExceptionHandler:handle:108]: 	at sun.reflect.DelegatingMethodAccessorImpl.invoke(DelegatingMethodAccessorImpl.java:43)
[20:09:13] [Client thread/INFO]: [cc.polyfrost.oneconfig.events.EventManager$OneConfigExceptionHandler:handle:108]: 	at java.lang.reflect.Method.invoke(Method.java:497)
[20:09:13] [Client thread/INFO]: [cc.polyfrost.oneconfig.events.EventManager$OneConfigExceptionHandler:handle:108]: 	at net.minecraft.launchwrapper.Launch.launch(Launch.java:135)
[20:09:13] [Client thread/INFO]: [cc.polyfrost.oneconfig.events.EventManager$OneConfigExceptionHandler:handle:108]: 	at net.minecraft.launchwrapper.Launch.main(Launch.java:28)
[20:09:14] [Client thread/INFO]: [CHAT] !!! ?? Lopscen a rejoint le hub ! !!!
[20:09:18] [Client thread/INFO]: [CHAT] Tonton_zc vient de lancer une partie de Demon Slayer UHC : §aLe Quartier des Forgerons §7(§fDSv4§7).
[20:09:29] [Client thread/INFO]: [CHAT] WeyKozZ vient de lancer une partie de Taupe Gun.
[20:10:36] [Client thread/INFO]: [CHAT] !!! ??? PandaF1ght a rejoint le hub ! !!!
[20:10:36] [Client thread/FATAL]: Error executing task
java.util.concurrent.ExecutionException: java.lang.NullPointerException
	at java.util.concurrent.FutureTask.report(FutureTask.java:122) ~[?:1.8.0_51]
	at java.util.concurrent.FutureTask.get(FutureTask.java:192) ~[?:1.8.0_51]
	at net.minecraft.util.Util.func_181617_a(SourceFile:45) [g.class:?]
	at net.minecraft.client.Minecraft.func_71411_J(Minecraft.java:1014) [ave.class:?]
	at net.minecraft.client.Minecraft.func_99999_d(Minecraft.java:349) [ave.class:?]
	at net.minecraft.client.main.Main.main(SourceFile:124) [Main.class:?]
	at sun.reflect.NativeMethodAccessorImpl.invoke0(Native Method) ~[?:1.8.0_51]
	at sun.reflect.NativeMethodAccessorImpl.invoke(NativeMethodAccessorImpl.java:62) ~[?:1.8.0_51]
	at sun.reflect.DelegatingMethodAccessorImpl.invoke(DelegatingMethodAccessorImpl.java:43) ~[?:1.8.0_51]
	at java.lang.reflect.Method.invoke(Method.java:497) ~[?:1.8.0_51]
	at net.minecraft.launchwrapper.Launch.launch(Launch.java:135) [launchwrapper-1.12.jar:?]
	at net.minecraft.launchwrapper.Launch.main(Launch.java:28) [launchwrapper-1.12.jar:?]
Caused by: java.lang.NullPointerException
	at net.minecraft.network.play.server.S0FPacketSpawnMob.func_149027_c(SourceFile:114) ~[fn.class:?]
	at net.minecraft.client.network.NetHandlerPlayClient.func_147281_a(NetHandlerPlayClient.java:840) ~[bcy.class:?]
	at net.minecraft.network.play.server.S0FPacketSpawnMob.func_148833_a(SourceFile:109) ~[fn.class:?]
	at net.minecraft.network.play.server.S0FPacketSpawnMob.func_148833_a(SourceFile:15) ~[fn.class:?]
	at net.minecraft.network.PacketThreadUtil$1.run(SourceFile:13) ~[fh$1.class:?]
	at java.util.concurrent.Executors$RunnableAdapter.call(Executors.java:511) ~[?:1.8.0_51]
	at java.util.concurrent.FutureTask.run(FutureTask.java:266) ~[?:1.8.0_51]
	at net.minecraft.util.Util.func_181617_a(SourceFile:44) ~[g.class:?]
	... 9 more
[20:10:36] [Client thread/FATAL]: Error executing task
java.util.concurrent.ExecutionException: java.lang.NullPointerException
	at java.util.concurrent.FutureTask.report(FutureTask.java:122) ~[?:1.8.0_51]
	at java.util.concurrent.FutureTask.get(FutureTask.java:192) ~[?:1.8.0_51]
	at net.minecraft.util.Util.func_181617_a(SourceFile:45) [g.class:?]
	at net.minecraft.client.Minecraft.func_71411_J(Minecraft.java:1014) [ave.class:?]
	at net.minecraft.client.Minecraft.func_99999_d(Minecraft.java:349) [ave.class:?]
	at net.minecraft.client.main.Main.main(SourceFile:124) [Main.class:?]
	at sun.reflect.NativeMethodAccessorImpl.invoke0(Native Method) ~[?:1.8.0_51]
	at sun.reflect.NativeMethodAccessorImpl.invoke(NativeMethodAccessorImpl.java:62) ~[?:1.8.0_51]
	at sun.reflect.DelegatingMethodAccessorImpl.invoke(DelegatingMethodAccessorImpl.java:43) ~[?:1.8.0_51]
	at java.lang.reflect.Method.invoke(Method.java:497) ~[?:1.8.0_51]
	at net.minecraft.launchwrapper.Launch.launch(Launch.java:135) [launchwrapper-1.12.jar:?]
	at net.minecraft.launchwrapper.Launch.main(Launch.java:28) [launchwrapper-1.12.jar:?]
Caused by: java.lang.NullPointerException
	at net.minecraft.network.play.server.S0FPacketSpawnMob.func_149027_c(SourceFile:114) ~[fn.class:?]
	at net.minecraft.client.network.NetHandlerPlayClient.func_147281_a(NetHandlerPlayClient.java:840) ~[bcy.class:?]
	at net.minecraft.network.play.server.S0FPacketSpawnMob.func_148833_a(SourceFile:109) ~[fn.class:?]
	at net.minecraft.network.play.server.S0FPacketSpawnMob.func_148833_a(SourceFile:15) ~[fn.class:?]
	at net.minecraft.network.PacketThreadUtil$1.run(SourceFile:13) ~[fh$1.class:?]
	at java.util.concurrent.Executors$RunnableAdapter.call(Executors.java:511) ~[?:1.8.0_51]
	at java.util.concurrent.FutureTask.run(FutureTask.java:266) ~[?:1.8.0_51]
	at net.minecraft.util.Util.func_181617_a(SourceFile:44) ~[g.class:?]
	... 9 more
[20:10:52] [Client thread/INFO]: [CHAT] [?] Une demande pour rejoindre la partie a été envoyée. Vous y serez téléporté si jamais l'host accepte votre demande !
[20:10:56] [Client thread/INFO]: [CHAT] [»] mayorie (17/25)
[20:10:56] [Client thread/INFO]: [CHAT] 
[20:10:56] [Client thread/INFO]: [CHAT] [UHC] Minage 
[20:10:56] [Client thread/INFO]: [CHAT] [UHC] Partie organisée par DoVaKiN_Adel.
[20:10:56] [Client thread/INFO]: [CHAT] [UHC] Les scénarios activés sont : CutClean, HasteyBoys, OreMagnet, SafeMiners, TimberPVP, AutoBreak, Loup-Garou UHC.
[20:10:56] [Client thread/INFO]: [CHAT] 
[20:10:56] [Client thread/FATAL]: Error executing task
java.util.concurrent.ExecutionException: java.lang.NullPointerException
	at java.util.concurrent.FutureTask.report(FutureTask.java:122) ~[?:1.8.0_51]
	at java.util.concurrent.FutureTask.get(FutureTask.java:192) ~[?:1.8.0_51]
	at net.minecraft.util.Util.func_181617_a(SourceFile:45) [g.class:?]
	at net.minecraft.client.Minecraft.func_71411_J(Minecraft.java:1014) [ave.class:?]
	at net.minecraft.client.Minecraft.func_99999_d(Minecraft.java:349) [ave.class:?]
	at net.minecraft.client.main.Main.main(SourceFile:124) [Main.class:?]
	at sun.reflect.NativeMethodAccessorImpl.invoke0(Native Method) ~[?:1.8.0_51]
	at sun.reflect.NativeMethodAccessorImpl.invoke(NativeMethodAccessorImpl.java:62) ~[?:1.8.0_51]
	at sun.reflect.DelegatingMethodAccessorImpl.invoke(DelegatingMethodAccessorImpl.java:43) ~[?:1.8.0_51]
	at java.lang.reflect.Method.invoke(Method.java:497) ~[?:1.8.0_51]
	at net.minecraft.launchwrapper.Launch.launch(Launch.java:135) [launchwrapper-1.12.jar:?]
	at net.minecraft.launchwrapper.Launch.main(Launch.java:28) [launchwrapper-1.12.jar:?]
Caused by: java.lang.NullPointerException
	at net.minecraft.network.play.server.S0FPacketSpawnMob.func_149027_c(SourceFile:114) ~[fn.class:?]
	at net.minecraft.client.network.NetHandlerPlayClient.func_147281_a(NetHandlerPlayClient.java:840) ~[bcy.class:?]
	at net.minecraft.network.play.server.S0FPacketSpawnMob.func_148833_a(SourceFile:109) ~[fn.class:?]
	at net.minecraft.network.play.server.S0FPacketSpawnMob.func_148833_a(SourceFile:15) ~[fn.class:?]
	at net.minecraft.network.PacketThreadUtil$1.run(SourceFile:13) ~[fh$1.class:?]
	at java.util.concurrent.Executors$RunnableAdapter.call(Executors.java:511) ~[?:1.8.0_51]
	at java.util.concurrent.FutureTask.run(FutureTask.java:266) ~[?:1.8.0_51]
	at net.minecraft.util.Util.func_181617_a(SourceFile:44) ~[g.class:?]
	... 9 more
[20:10:56] [Client thread/FATAL]: Error executing task
java.util.concurrent.ExecutionException: java.lang.NullPointerException
	at java.util.concurrent.FutureTask.report(FutureTask.java:122) ~[?:1.8.0_51]
	at java.util.concurrent.FutureTask.get(FutureTask.java:192) ~[?:1.8.0_51]
	at net.minecraft.util.Util.func_181617_a(SourceFile:45) [g.class:?]
	at net.minecraft.client.Minecraft.func_71411_J(Minecraft.java:1014) [ave.class:?]
	at net.minecraft.client.Minecraft.func_99999_d(Minecraft.java:349) [ave.class:?]
	at net.minecraft.client.main.Main.main(SourceFile:124) [Main.class:?]
	at sun.reflect.NativeMethodAccessorImpl.invoke0(Native Method) ~[?:1.8.0_51]
	at sun.reflect.NativeMethodAccessorImpl.invoke(NativeMethodAccessorImpl.java:62) ~[?:1.8.0_51]
	at sun.reflect.DelegatingMethodAccessorImpl.invoke(DelegatingMethodAccessorImpl.java:43) ~[?:1.8.0_51]
	at java.lang.reflect.Method.invoke(Method.java:497) ~[?:1.8.0_51]
	at net.minecraft.launchwrapper.Launch.launch(Launch.java:135) [launchwrapper-1.12.jar:?]
	at net.minecraft.launchwrapper.Launch.main(Launch.java:28) [launchwrapper-1.12.jar:?]
Caused by: java.lang.NullPointerException
	at net.minecraft.network.play.server.S0FPacketSpawnMob.func_149027_c(SourceFile:114) ~[fn.class:?]
	at net.minecraft.client.network.NetHandlerPlayClient.func_147281_a(NetHandlerPlayClient.java:840) ~[bcy.class:?]
	at net.minecraft.network.play.server.S0FPacketSpawnMob.func_148833_a(SourceFile:109) ~[fn.class:?]
	at net.minecraft.network.play.server.S0FPacketSpawnMob.func_148833_a(SourceFile:15) ~[fn.class:?]
	at net.minecraft.network.PacketThreadUtil$1.run(SourceFile:13) ~[fh$1.class:?]
	at java.util.concurrent.Executors$RunnableAdapter.call(Executors.java:511) ~[?:1.8.0_51]
	at java.util.concurrent.FutureTask.run(FutureTask.java:266) ~[?:1.8.0_51]
	at net.minecraft.util.Util.func_181617_a(SourceFile:44) ~[g.class:?]
	... 9 more
[20:10:56] [Client thread/FATAL]: Error executing task
java.util.concurrent.ExecutionException: java.lang.NullPointerException
	at java.util.concurrent.FutureTask.report(FutureTask.java:122) ~[?:1.8.0_51]
	at java.util.concurrent.FutureTask.get(FutureTask.java:192) ~[?:1.8.0_51]
	at net.minecraft.util.Util.func_181617_a(SourceFile:45) [g.class:?]
	at net.minecraft.client.Minecraft.func_71411_J(Minecraft.java:1014) [ave.class:?]
	at net.minecraft.client.Minecraft.func_99999_d(Minecraft.java:349) [ave.class:?]
	at net.minecraft.client.main.Main.main(SourceFile:124) [Main.class:?]
	at sun.reflect.NativeMethodAccessorImpl.invoke0(Native Method) ~[?:1.8.0_51]
	at sun.reflect.NativeMethodAccessorImpl.invoke(NativeMethodAccessorImpl.java:62) ~[?:1.8.0_51]
	at sun.reflect.DelegatingMethodAccessorImpl.invoke(DelegatingMethodAccessorImpl.java:43) ~[?:1.8.0_51]
	at java.lang.reflect.Method.invoke(Method.java:497) ~[?:1.8.0_51]
	at net.minecraft.launchwrapper.Launch.launch(Launch.java:135) [launchwrapper-1.12.jar:?]
	at net.minecraft.launchwrapper.Launch.main(Launch.java:28) [launchwrapper-1.12.jar:?]
Caused by: java.lang.NullPointerException
	at net.minecraft.network.play.server.S0FPacketSpawnMob.func_149027_c(SourceFile:114) ~[fn.class:?]
	at net.minecraft.client.network.NetHandlerPlayClient.func_147281_a(NetHandlerPlayClient.java:840) ~[bcy.class:?]
	at net.minecraft.network.play.server.S0FPacketSpawnMob.func_148833_a(SourceFile:109) ~[fn.class:?]
	at net.minecraft.network.play.server.S0FPacketSpawnMob.func_148833_a(SourceFile:15) ~[fn.class:?]
	at net.minecraft.network.PacketThreadUtil$1.run(SourceFile:13) ~[fh$1.class:?]
	at java.util.concurrent.Executors$RunnableAdapter.call(Executors.java:511) ~[?:1.8.0_51]
	at java.util.concurrent.FutureTask.run(FutureTask.java:266) ~[?:1.8.0_51]
	at net.minecraft.util.Util.func_181617_a(SourceFile:44) ~[g.class:?]
	... 9 more
[20:10:56] [Client thread/FATAL]: Error executing task
java.util.concurrent.ExecutionException: java.lang.NullPointerException
	at java.util.concurrent.FutureTask.report(FutureTask.java:122) ~[?:1.8.0_51]
	at java.util.concurrent.FutureTask.get(FutureTask.java:192) ~[?:1.8.0_51]
	at net.minecraft.util.Util.func_181617_a(SourceFile:45) [g.class:?]
	at net.minecraft.client.Minecraft.func_71411_J(Minecraft.java:1014) [ave.class:?]
	at net.minecraft.client.Minecraft.func_99999_d(Minecraft.java:349) [ave.class:?]
	at net.minecraft.client.main.Main.main(SourceFile:124) [Main.class:?]
	at sun.reflect.NativeMethodAccessorImpl.invoke0(Native Method) ~[?:1.8.0_51]
	at sun.reflect.NativeMethodAccessorImpl.invoke(NativeMethodAccessorImpl.java:62) ~[?:1.8.0_51]
	at sun.reflect.DelegatingMethodAccessorImpl.invoke(DelegatingMethodAccessorImpl.java:43) ~[?:1.8.0_51]
	at java.lang.reflect.Method.invoke(Method.java:497) ~[?:1.8.0_51]
	at net.minecraft.launchwrapper.Launch.launch(Launch.java:135) [launchwrapper-1.12.jar:?]
	at net.minecraft.launchwrapper.Launch.main(Launch.java:28) [launchwrapper-1.12.jar:?]
Caused by: java.lang.NullPointerException
	at net.minecraft.network.play.server.S0FPacketSpawnMob.func_149027_c(SourceFile:114) ~[fn.class:?]
	at net.minecraft.client.network.NetHandlerPlayClient.func_147281_a(NetHandlerPlayClient.java:840) ~[bcy.class:?]
	at net.minecraft.network.play.server.S0FPacketSpawnMob.func_148833_a(SourceFile:109) ~[fn.class:?]
	at net.minecraft.network.play.server.S0FPacketSpawnMob.func_148833_a(SourceFile:15) ~[fn.class:?]
	at net.minecraft.network.PacketThreadUtil$1.run(SourceFile:13) ~[fh$1.class:?]
	at java.util.concurrent.Executors$RunnableAdapter.call(Executors.java:511) ~[?:1.8.0_51]
	at java.util.concurrent.FutureTask.run(FutureTask.java:266) ~[?:1.8.0_51]
	at net.minecraft.util.Util.func_181617_a(SourceFile:44) ~[g.class:?]
	... 9 more
[20:10:56] [Client thread/FATAL]: Error executing task
java.util.concurrent.ExecutionException: java.lang.NullPointerException
	at java.util.concurrent.FutureTask.report(FutureTask.java:122) ~[?:1.8.0_51]
	at java.util.concurrent.FutureTask.get(FutureTask.java:192) ~[?:1.8.0_51]
	at net.minecraft.util.Util.func_181617_a(SourceFile:45) [g.class:?]
	at net.minecraft.client.Minecraft.func_71411_J(Minecraft.java:1014) [ave.class:?]
	at net.minecraft.client.Minecraft.func_99999_d(Minecraft.java:349) [ave.class:?]
	at net.minecraft.client.main.Main.main(SourceFile:124) [Main.class:?]
	at sun.reflect.NativeMethodAccessorImpl.invoke0(Native Method) ~[?:1.8.0_51]
	at sun.reflect.NativeMethodAccessorImpl.invoke(NativeMethodAccessorImpl.java:62) ~[?:1.8.0_51]
	at sun.reflect.DelegatingMethodAccessorImpl.invoke(DelegatingMethodAccessorImpl.java:43) ~[?:1.8.0_51]
	at java.lang.reflect.Method.invoke(Method.java:497) ~[?:1.8.0_51]
	at net.minecraft.launchwrapper.Launch.launch(Launch.java:135) [launchwrapper-1.12.jar:?]
	at net.minecraft.launchwrapper.Launch.main(Launch.java:28) [launchwrapper-1.12.jar:?]
Caused by: java.lang.NullPointerException
	at net.minecraft.network.play.server.S0FPacketSpawnMob.func_149027_c(SourceFile:114) ~[fn.class:?]
	at net.minecraft.client.network.NetHandlerPlayClient.func_147281_a(NetHandlerPlayClient.java:840) ~[bcy.class:?]
	at net.minecraft.network.play.server.S0FPacketSpawnMob.func_148833_a(SourceFile:109) ~[fn.class:?]
	at net.minecraft.network.play.server.S0FPacketSpawnMob.func_148833_a(SourceFile:15) ~[fn.class:?]
	at net.minecraft.network.PacketThreadUtil$1.run(SourceFile:13) ~[fh$1.class:?]
	at java.util.concurrent.Executors$RunnableAdapter.call(Executors.java:511) ~[?:1.8.0_51]
	at java.util.concurrent.FutureTask.run(FutureTask.java:266) ~[?:1.8.0_51]
	at net.minecraft.util.Util.func_181617_a(SourceFile:44) ~[g.class:?]
	... 9 more
[20:10:56] [Client thread/FATAL]: Error executing task
java.util.concurrent.ExecutionException: java.lang.NullPointerException
	at java.util.concurrent.FutureTask.report(FutureTask.java:122) ~[?:1.8.0_51]
	at java.util.concurrent.FutureTask.get(FutureTask.java:192) ~[?:1.8.0_51]
	at net.minecraft.util.Util.func_181617_a(SourceFile:45) [g.class:?]
	at net.minecraft.client.Minecraft.func_71411_J(Minecraft.java:1014) [ave.class:?]
	at net.minecraft.client.Minecraft.func_99999_d(Minecraft.java:349) [ave.class:?]
	at net.minecraft.client.main.Main.main(SourceFile:124) [Main.class:?]
	at sun.reflect.NativeMethodAccessorImpl.invoke0(Native Method) ~[?:1.8.0_51]
	at sun.reflect.NativeMethodAccessorImpl.invoke(NativeMethodAccessorImpl.java:62) ~[?:1.8.0_51]
	at sun.reflect.DelegatingMethodAccessorImpl.invoke(DelegatingMethodAccessorImpl.java:43) ~[?:1.8.0_51]
	at java.lang.reflect.Method.invoke(Method.java:497) ~[?:1.8.0_51]
	at net.minecraft.launchwrapper.Launch.launch(Launch.java:135) [launchwrapper-1.12.jar:?]
	at net.minecraft.launchwrapper.Launch.main(Launch.java:28) [launchwrapper-1.12.jar:?]
Caused by: java.lang.NullPointerException
	at net.minecraft.network.play.server.S0FPacketSpawnMob.func_149027_c(SourceFile:114) ~[fn.class:?]
	at net.minecraft.client.network.NetHandlerPlayClient.func_147281_a(NetHandlerPlayClient.java:840) ~[bcy.class:?]
	at net.minecraft.network.play.server.S0FPacketSpawnMob.func_148833_a(SourceFile:109) ~[fn.class:?]
	at net.minecraft.network.play.server.S0FPacketSpawnMob.func_148833_a(SourceFile:15) ~[fn.class:?]
	at net.minecraft.network.PacketThreadUtil$1.run(SourceFile:13) ~[fh$1.class:?]
	at java.util.concurrent.Executors$RunnableAdapter.call(Executors.java:511) ~[?:1.8.0_51]
	at java.util.concurrent.FutureTask.run(FutureTask.java:266) ~[?:1.8.0_51]
	at net.minecraft.util.Util.func_181617_a(SourceFile:44) ~[g.class:?]
	... 9 more
[20:10:57] [Client thread/INFO]: [CHAT] §8[§e§lUHC§8]§f §fVous venez de rejoindre une partie utilisant §a§lUHC Link §f!
 §fRejoignez ainsi les autres joueurs de la partie dans le chat vocal via la commande §3/mb§f.
[Générer un lien unique]
[20:11:01] [Client thread/INFO]: [CHAT] §8[§3?§8] §aVous §apouvez §arejoindre §ale §aserveur §aMumble §ade §acette §apartie §aen §acliquant §asur §ace §amessage.
[20:11:21] [Client thread/FATAL]: Error executing task
java.util.concurrent.ExecutionException: java.lang.NullPointerException
	at java.util.concurrent.FutureTask.report(FutureTask.java:122) ~[?:1.8.0_51]
	at java.util.concurrent.FutureTask.get(FutureTask.java:192) ~[?:1.8.0_51]
	at net.minecraft.util.Util.func_181617_a(SourceFile:45) [g.class:?]
	at net.minecraft.client.Minecraft.func_71411_J(Minecraft.java:1014) [ave.class:?]
	at net.minecraft.client.Minecraft.func_99999_d(Minecraft.java:349) [ave.class:?]
	at net.minecraft.client.main.Main.main(SourceFile:124) [Main.class:?]
	at sun.reflect.NativeMethodAccessorImpl.invoke0(Native Method) ~[?:1.8.0_51]
	at sun.reflect.NativeMethodAccessorImpl.invoke(NativeMethodAccessorImpl.java:62) ~[?:1.8.0_51]
	at sun.reflect.DelegatingMethodAccessorImpl.invoke(DelegatingMethodAccessorImpl.java:43) ~[?:1.8.0_51]
	at java.lang.reflect.Method.invoke(Method.java:497) ~[?:1.8.0_51]
	at net.minecraft.launchwrapper.Launch.launch(Launch.java:135) [launchwrapper-1.12.jar:?]
	at net.minecraft.launchwrapper.Launch.main(Launch.java:28) [launchwrapper-1.12.jar:?]
Caused by: java.lang.NullPointerException
	at net.minecraft.network.play.server.S0FPacketSpawnMob.func_149027_c(SourceFile:114) ~[fn.class:?]
	at net.minecraft.client.network.NetHandlerPlayClient.func_147281_a(NetHandlerPlayClient.java:840) ~[bcy.class:?]
	at net.minecraft.network.play.server.S0FPacketSpawnMob.func_148833_a(SourceFile:109) ~[fn.class:?]
	at net.minecraft.network.play.server.S0FPacketSpawnMob.func_148833_a(SourceFile:15) ~[fn.class:?]
	at net.minecraft.network.PacketThreadUtil$1.run(SourceFile:13) ~[fh$1.class:?]
	at java.util.concurrent.Executors$RunnableAdapter.call(Executors.java:511) ~[?:1.8.0_51]
	at java.util.concurrent.FutureTask.run(FutureTask.java:266) ~[?:1.8.0_51]
	at net.minecraft.util.Util.func_181617_a(SourceFile:44) ~[g.class:?]
	... 9 more
[20:11:21] [Client thread/FATAL]: Error executing task
java.util.concurrent.ExecutionException: java.lang.NullPointerException
	at java.util.concurrent.FutureTask.report(FutureTask.java:122) ~[?:1.8.0_51]
	at java.util.concurrent.FutureTask.get(FutureTask.java:192) ~[?:1.8.0_51]
	at net.minecraft.util.Util.func_181617_a(SourceFile:45) [g.class:?]
	at net.minecraft.client.Minecraft.func_71411_J(Minecraft.java:1014) [ave.class:?]
	at net.minecraft.client.Minecraft.func_99999_d(Minecraft.java:349) [ave.class:?]
	at net.minecraft.client.main.Main.main(SourceFile:124) [Main.class:?]
	at sun.reflect.NativeMethodAccessorImpl.invoke0(Native Method) ~[?:1.8.0_51]
	at sun.reflect.NativeMethodAccessorImpl.invoke(NativeMethodAccessorImpl.java:62) ~[?:1.8.0_51]
	at sun.reflect.DelegatingMethodAccessorImpl.invoke(DelegatingMethodAccessorImpl.java:43) ~[?:1.8.0_51]
	at java.lang.reflect.Method.invoke(Method.java:497) ~[?:1.8.0_51]
	at net.minecraft.launchwrapper.Launch.launch(Launch.java:135) [launchwrapper-1.12.jar:?]
	at net.minecraft.launchwrapper.Launch.main(Launch.java:28) [launchwrapper-1.12.jar:?]
Caused by: java.lang.NullPointerException
	at net.minecraft.network.play.server.S0FPacketSpawnMob.func_149027_c(SourceFile:114) ~[fn.class:?]
	at net.minecraft.client.network.NetHandlerPlayClient.func_147281_a(NetHandlerPlayClient.java:840) ~[bcy.class:?]
	at net.minecraft.network.play.server.S0FPacketSpawnMob.func_148833_a(SourceFile:109) ~[fn.class:?]
	at net.minecraft.network.play.server.S0FPacketSpawnMob.func_148833_a(SourceFile:15) ~[fn.class:?]
	at net.minecraft.network.PacketThreadUtil$1.run(SourceFile:13) ~[fh$1.class:?]
	at java.util.concurrent.Executors$RunnableAdapter.call(Executors.java:511) ~[?:1.8.0_51]
	at java.util.concurrent.FutureTask.run(FutureTask.java:266) ~[?:1.8.0_51]
	at net.minecraft.util.Util.func_181617_a(SourceFile:44) ~[g.class:?]
	... 9 more
[20:11:25] [Client thread/FATAL]: Error executing task
java.util.concurrent.ExecutionException: java.lang.NullPointerException
	at java.util.concurrent.FutureTask.report(FutureTask.java:122) ~[?:1.8.0_51]
	at java.util.concurrent.FutureTask.get(FutureTask.java:192) ~[?:1.8.0_51]
	at net.minecraft.util.Util.func_181617_a(SourceFile:45) [g.class:?]
	at net.minecraft.client.Minecraft.func_71411_J(Minecraft.java:1014) [ave.class:?]
	at net.minecraft.client.Minecraft.func_99999_d(Minecraft.java:349) [ave.class:?]
	at net.minecraft.client.main.Main.main(SourceFile:124) [Main.class:?]
	at sun.reflect.NativeMethodAccessorImpl.invoke0(Native Method) ~[?:1.8.0_51]
	at sun.reflect.NativeMethodAccessorImpl.invoke(NativeMethodAccessorImpl.java:62) ~[?:1.8.0_51]
	at sun.reflect.DelegatingMethodAccessorImpl.invoke(DelegatingMethodAccessorImpl.java:43) ~[?:1.8.0_51]
	at java.lang.reflect.Method.invoke(Method.java:497) ~[?:1.8.0_51]
	at net.minecraft.launchwrapper.Launch.launch(Launch.java:135) [launchwrapper-1.12.jar:?]
	at net.minecraft.launchwrapper.Launch.main(Launch.java:28) [launchwrapper-1.12.jar:?]
Caused by: java.lang.NullPointerException
	at net.minecraft.network.play.server.S0FPacketSpawnMob.func_149027_c(SourceFile:114) ~[fn.class:?]
	at net.minecraft.client.network.NetHandlerPlayClient.func_147281_a(NetHandlerPlayClient.java:840) ~[bcy.class:?]
	at net.minecraft.network.play.server.S0FPacketSpawnMob.func_148833_a(SourceFile:109) ~[fn.class:?]
	at net.minecraft.network.play.server.S0FPacketSpawnMob.func_148833_a(SourceFile:15) ~[fn.class:?]
	at net.minecraft.network.PacketThreadUtil$1.run(SourceFile:13) ~[fh$1.class:?]
	at java.util.concurrent.Executors$RunnableAdapter.call(Executors.java:511) ~[?:1.8.0_51]
	at java.util.concurrent.FutureTask.run(FutureTask.java:266) ~[?:1.8.0_51]
	at net.minecraft.util.Util.func_181617_a(SourceFile:44) ~[g.class:?]
	... 9 more
[20:11:25] [Client thread/FATAL]: Error executing task
java.util.concurrent.ExecutionException: java.lang.NullPointerException
	at java.util.concurrent.FutureTask.report(FutureTask.java:122) ~[?:1.8.0_51]
	at java.util.concurrent.FutureTask.get(FutureTask.java:192) ~[?:1.8.0_51]
	at net.minecraft.util.Util.func_181617_a(SourceFile:45) [g.class:?]
	at net.minecraft.client.Minecraft.func_71411_J(Minecraft.java:1014) [ave.class:?]
	at net.minecraft.client.Minecraft.func_99999_d(Minecraft.java:349) [ave.class:?]
	at net.minecraft.client.main.Main.main(SourceFile:124) [Main.class:?]
	at sun.reflect.NativeMethodAccessorImpl.invoke0(Native Method) ~[?:1.8.0_51]
	at sun.reflect.NativeMethodAccessorImpl.invoke(NativeMethodAccessorImpl.java:62) ~[?:1.8.0_51]
	at sun.reflect.DelegatingMethodAccessorImpl.invoke(DelegatingMethodAccessorImpl.java:43) ~[?:1.8.0_51]
	at java.lang.reflect.Method.invoke(Method.java:497) ~[?:1.8.0_51]
	at net.minecraft.launchwrapper.Launch.launch(Launch.java:135) [launchwrapper-1.12.jar:?]
	at net.minecraft.launchwrapper.Launch.main(Launch.java:28) [launchwrapper-1.12.jar:?]
Caused by: java.lang.NullPointerException
	at net.minecraft.network.play.server.S0FPacketSpawnMob.func_149027_c(SourceFile:114) ~[fn.class:?]
	at net.minecraft.client.network.NetHandlerPlayClient.func_147281_a(NetHandlerPlayClient.java:840) ~[bcy.class:?]
	at net.minecraft.network.play.server.S0FPacketSpawnMob.func_148833_a(SourceFile:109) ~[fn.class:?]
	at net.minecraft.network.play.server.S0FPacketSpawnMob.func_148833_a(SourceFile:15) ~[fn.class:?]
	at net.minecraft.network.PacketThreadUtil$1.run(SourceFile:13) ~[fh$1.class:?]
	at java.util.concurrent.Executors$RunnableAdapter.call(Executors.java:511) ~[?:1.8.0_51]
	at java.util.concurrent.FutureTask.run(FutureTask.java:266) ~[?:1.8.0_51]
	at net.minecraft.util.Util.func_181617_a(SourceFile:44) ~[g.class:?]
	... 9 more
[20:11:28] [Client thread/INFO]: [CHAT] [»] Carrotatomik (18/25)
[20:11:28] [Client thread/FATAL]: Error executing task
java.util.concurrent.ExecutionException: java.lang.NullPointerException
	at java.util.concurrent.FutureTask.report(FutureTask.java:122) ~[?:1.8.0_51]
	at java.util.concurrent.FutureTask.get(FutureTask.java:192) ~[?:1.8.0_51]
	at net.minecraft.util.Util.func_181617_a(SourceFile:45) [g.class:?]
	at net.minecraft.client.Minecraft.func_71411_J(Minecraft.java:1014) [ave.class:?]
	at net.minecraft.client.Minecraft.func_99999_d(Minecraft.java:349) [ave.class:?]
	at net.minecraft.client.main.Main.main(SourceFile:124) [Main.class:?]
	at sun.reflect.NativeMethodAccessorImpl.invoke0(Native Method) ~[?:1.8.0_51]
	at sun.reflect.NativeMethodAccessorImpl.invoke(NativeMethodAccessorImpl.java:62) ~[?:1.8.0_51]
	at sun.reflect.DelegatingMethodAccessorImpl.invoke(DelegatingMethodAccessorImpl.java:43) ~[?:1.8.0_51]
	at java.lang.reflect.Method.invoke(Method.java:497) ~[?:1.8.0_51]
	at net.minecraft.launchwrapper.Launch.launch(Launch.java:135) [launchwrapper-1.12.jar:?]
	at net.minecraft.launchwrapper.Launch.main(Launch.java:28) [launchwrapper-1.12.jar:?]
Caused by: java.lang.NullPointerException
	at net.minecraft.network.play.server.S0FPacketSpawnMob.func_149027_c(SourceFile:114) ~[fn.class:?]
	at net.minecraft.client.network.NetHandlerPlayClient.func_147281_a(NetHandlerPlayClient.java:840) ~[bcy.class:?]
	at net.minecraft.network.play.server.S0FPacketSpawnMob.func_148833_a(SourceFile:109) ~[fn.class:?]
	at net.minecraft.network.play.server.S0FPacketSpawnMob.func_148833_a(SourceFile:15) ~[fn.class:?]
	at net.minecraft.network.PacketThreadUtil$1.run(SourceFile:13) ~[fh$1.class:?]
	at java.util.concurrent.Executors$RunnableAdapter.call(Executors.java:511) ~[?:1.8.0_51]
	at java.util.concurrent.FutureTask.run(FutureTask.java:266) ~[?:1.8.0_51]
	at net.minecraft.util.Util.func_181617_a(SourceFile:44) ~[g.class:?]
	... 9 more
[20:11:30] [Client thread/INFO]: [CHAT] [«] Carrotatomik (17/25)
[20:11:44] [Client thread/FATAL]: Error executing task
java.util.concurrent.ExecutionException: java.lang.NullPointerException
	at java.util.concurrent.FutureTask.report(FutureTask.java:122) ~[?:1.8.0_51]
	at java.util.concurrent.FutureTask.get(FutureTask.java:192) ~[?:1.8.0_51]
	at net.minecraft.util.Util.func_181617_a(SourceFile:45) [g.class:?]
	at net.minecraft.client.Minecraft.func_71411_J(Minecraft.java:1014) [ave.class:?]
	at net.minecraft.client.Minecraft.func_99999_d(Minecraft.java:349) [ave.class:?]
	at net.minecraft.client.main.Main.main(SourceFile:124) [Main.class:?]
	at sun.reflect.NativeMethodAccessorImpl.invoke0(Native Method) ~[?:1.8.0_51]
	at sun.reflect.NativeMethodAccessorImpl.invoke(NativeMethodAccessorImpl.java:62) ~[?:1.8.0_51]
	at sun.reflect.DelegatingMethodAccessorImpl.invoke(DelegatingMethodAccessorImpl.java:43) ~[?:1.8.0_51]
	at java.lang.reflect.Method.invoke(Method.java:497) ~[?:1.8.0_51]
	at net.minecraft.launchwrapper.Launch.launch(Launch.java:135) [launchwrapper-1.12.jar:?]
	at net.minecraft.launchwrapper.Launch.main(Launch.java:28) [launchwrapper-1.12.jar:?]
Caused by: java.lang.NullPointerException
	at net.minecraft.network.play.server.S0FPacketSpawnMob.func_149027_c(SourceFile:114) ~[fn.class:?]
	at net.minecraft.client.network.NetHandlerPlayClient.func_147281_a(NetHandlerPlayClient.java:840) ~[bcy.class:?]
	at net.minecraft.network.play.server.S0FPacketSpawnMob.func_148833_a(SourceFile:109) ~[fn.class:?]
	at net.minecraft.network.play.server.S0FPacketSpawnMob.func_148833_a(SourceFile:15) ~[fn.class:?]
	at net.minecraft.network.PacketThreadUtil$1.run(SourceFile:13) ~[fh$1.class:?]
	at java.util.concurrent.Executors$RunnableAdapter.call(Executors.java:511) ~[?:1.8.0_51]
	at java.util.concurrent.FutureTask.run(FutureTask.java:266) ~[?:1.8.0_51]
	at net.minecraft.util.Util.func_181617_a(SourceFile:44) ~[g.class:?]
	... 9 more
[20:11:49] [Client thread/INFO]: [CHAT] [»] OharaTw (18/25)
[20:11:51] [Client thread/INFO]: [CHAT] [«] OharaTw (17/25)
[20:11:56] [Client thread/FATAL]: Error executing task
java.util.concurrent.ExecutionException: java.lang.NullPointerException
	at java.util.concurrent.FutureTask.report(FutureTask.java:122) ~[?:1.8.0_51]
	at java.util.concurrent.FutureTask.get(FutureTask.java:192) ~[?:1.8.0_51]
	at net.minecraft.util.Util.func_181617_a(SourceFile:45) [g.class:?]
	at net.minecraft.client.Minecraft.func_71411_J(Minecraft.java:1014) [ave.class:?]
	at net.minecraft.client.Minecraft.func_99999_d(Minecraft.java:349) [ave.class:?]
	at net.minecraft.client.main.Main.main(SourceFile:124) [Main.class:?]
	at sun.reflect.NativeMethodAccessorImpl.invoke0(Native Method) ~[?:1.8.0_51]
	at sun.reflect.NativeMethodAccessorImpl.invoke(NativeMethodAccessorImpl.java:62) ~[?:1.8.0_51]
	at sun.reflect.DelegatingMethodAccessorImpl.invoke(DelegatingMethodAccessorImpl.java:43) ~[?:1.8.0_51]
	at java.lang.reflect.Method.invoke(Method.java:497) ~[?:1.8.0_51]
	at net.minecraft.launchwrapper.Launch.launch(Launch.java:135) [launchwrapper-1.12.jar:?]
	at net.minecraft.launchwrapper.Launch.main(Launch.java:28) [launchwrapper-1.12.jar:?]
Caused by: java.lang.NullPointerException
	at net.minecraft.network.play.server.S0FPacketSpawnMob.func_149027_c(SourceFile:114) ~[fn.class:?]
	at net.minecraft.client.network.NetHandlerPlayClient.func_147281_a(NetHandlerPlayClient.java:840) ~[bcy.class:?]
	at net.minecraft.network.play.server.S0FPacketSpawnMob.func_148833_a(SourceFile:109) ~[fn.class:?]
	at net.minecraft.network.play.server.S0FPacketSpawnMob.func_148833_a(SourceFile:15) ~[fn.class:?]
	at net.minecraft.network.PacketThreadUtil$1.run(SourceFile:13) ~[fh$1.class:?]
	at java.util.concurrent.Executors$RunnableAdapter.call(Executors.java:511) ~[?:1.8.0_51]
	at java.util.concurrent.FutureTask.run(FutureTask.java:266) ~[?:1.8.0_51]
	at net.minecraft.util.Util.func_181617_a(SourceFile:44) ~[g.class:?]
	... 9 more
[20:12:23] [Client thread/INFO]: [CHAT] [»] Grub_le_Grand (18/25)
[20:12:31] [Client thread/FATAL]: Error executing task
java.util.concurrent.ExecutionException: java.lang.NullPointerException
	at java.util.concurrent.FutureTask.report(FutureTask.java:122) ~[?:1.8.0_51]
	at java.util.concurrent.FutureTask.get(FutureTask.java:192) ~[?:1.8.0_51]
	at net.minecraft.util.Util.func_181617_a(SourceFile:45) [g.class:?]
	at net.minecraft.client.Minecraft.func_71411_J(Minecraft.java:1014) [ave.class:?]
	at net.minecraft.client.Minecraft.func_99999_d(Minecraft.java:349) [ave.class:?]
	at net.minecraft.client.main.Main.main(SourceFile:124) [Main.class:?]
	at sun.reflect.NativeMethodAccessorImpl.invoke0(Native Method) ~[?:1.8.0_51]
	at sun.reflect.NativeMethodAccessorImpl.invoke(NativeMethodAccessorImpl.java:62) ~[?:1.8.0_51]
	at sun.reflect.DelegatingMethodAccessorImpl.invoke(DelegatingMethodAccessorImpl.java:43) ~[?:1.8.0_51]
	at java.lang.reflect.Method.invoke(Method.java:497) ~[?:1.8.0_51]
	at net.minecraft.launchwrapper.Launch.launch(Launch.java:135) [launchwrapper-1.12.jar:?]
	at net.minecraft.launchwrapper.Launch.main(Launch.java:28) [launchwrapper-1.12.jar:?]
Caused by: java.lang.NullPointerException
	at net.minecraft.network.play.server.S0FPacketSpawnMob.func_149027_c(SourceFile:114) ~[fn.class:?]
	at net.minecraft.client.network.NetHandlerPlayClient.func_147281_a(NetHandlerPlayClient.java:840) ~[bcy.class:?]
	at net.minecraft.network.play.server.S0FPacketSpawnMob.func_148833_a(SourceFile:109) ~[fn.class:?]
	at net.minecraft.network.play.server.S0FPacketSpawnMob.func_148833_a(SourceFile:15) ~[fn.class:?]
	at net.minecraft.network.PacketThreadUtil$1.run(SourceFile:13) ~[fh$1.class:?]
	at java.util.concurrent.Executors$RunnableAdapter.call(Executors.java:511) ~[?:1.8.0_51]
	at java.util.concurrent.FutureTask.run(FutureTask.java:266) ~[?:1.8.0_51]
	at net.minecraft.util.Util.func_181617_a(SourceFile:44) ~[g.class:?]
	... 9 more
[20:12:34] [Client thread/INFO]: [CHAT] [»] ifroste (19/25)
[20:12:37] [Client thread/INFO]: [CHAT] [»] TPGLETPG (20/25)
[20:12:37] [Client thread/FATAL]: Error executing task
java.util.concurrent.ExecutionException: java.lang.NullPointerException
	at java.util.concurrent.FutureTask.report(FutureTask.java:122) ~[?:1.8.0_51]
	at java.util.concurrent.FutureTask.get(FutureTask.java:192) ~[?:1.8.0_51]
	at net.minecraft.util.Util.func_181617_a(SourceFile:45) [g.class:?]
	at net.minecraft.client.Minecraft.func_71411_J(Minecraft.java:1014) [ave.class:?]
	at net.minecraft.client.Minecraft.func_99999_d(Minecraft.java:349) [ave.class:?]
	at net.minecraft.client.main.Main.main(SourceFile:124) [Main.class:?]
	at sun.reflect.NativeMethodAccessorImpl.invoke0(Native Method) ~[?:1.8.0_51]
	at sun.reflect.NativeMethodAccessorImpl.invoke(NativeMethodAccessorImpl.java:62) ~[?:1.8.0_51]
	at sun.reflect.DelegatingMethodAccessorImpl.invoke(DelegatingMethodAccessorImpl.java:43) ~[?:1.8.0_51]
	at java.lang.reflect.Method.invoke(Method.java:497) ~[?:1.8.0_51]
	at net.minecraft.launchwrapper.Launch.launch(Launch.java:135) [launchwrapper-1.12.jar:?]
	at net.minecraft.launchwrapper.Launch.main(Launch.java:28) [launchwrapper-1.12.jar:?]
Caused by: java.lang.NullPointerException
	at net.minecraft.network.play.server.S0FPacketSpawnMob.func_149027_c(SourceFile:114) ~[fn.class:?]
	at net.minecraft.client.network.NetHandlerPlayClient.func_147281_a(NetHandlerPlayClient.java:840) ~[bcy.class:?]
	at net.minecraft.network.play.server.S0FPacketSpawnMob.func_148833_a(SourceFile:109) ~[fn.class:?]
	at net.minecraft.network.play.server.S0FPacketSpawnMob.func_148833_a(SourceFile:15) ~[fn.class:?]
	at net.minecraft.network.PacketThreadUtil$1.run(SourceFile:13) ~[fh$1.class:?]
	at java.util.concurrent.Executors$RunnableAdapter.call(Executors.java:511) ~[?:1.8.0_51]
	at java.util.concurrent.FutureTask.run(FutureTask.java:266) ~[?:1.8.0_51]
	at net.minecraft.util.Util.func_181617_a(SourceFile:44) ~[g.class:?]
	... 9 more
[20:12:38] [Client thread/FATAL]: Error executing task
java.util.concurrent.ExecutionException: java.lang.NullPointerException
	at java.util.concurrent.FutureTask.report(FutureTask.java:122) ~[?:1.8.0_51]
	at java.util.concurrent.FutureTask.get(FutureTask.java:192) ~[?:1.8.0_51]
	at net.minecraft.util.Util.func_181617_a(SourceFile:45) [g.class:?]
	at net.minecraft.client.Minecraft.func_71411_J(Minecraft.java:1014) [ave.class:?]
	at net.minecraft.client.Minecraft.func_99999_d(Minecraft.java:349) [ave.class:?]
	at net.minecraft.client.main.Main.main(SourceFile:124) [Main.class:?]
	at sun.reflect.NativeMethodAccessorImpl.invoke0(Native Method) ~[?:1.8.0_51]
	at sun.reflect.NativeMethodAccessorImpl.invoke(NativeMethodAccessorImpl.java:62) ~[?:1.8.0_51]
	at sun.reflect.DelegatingMethodAccessorImpl.invoke(DelegatingMethodAccessorImpl.java:43) ~[?:1.8.0_51]
	at java.lang.reflect.Method.invoke(Method.java:497) ~[?:1.8.0_51]
	at net.minecraft.launchwrapper.Launch.launch(Launch.java:135) [launchwrapper-1.12.jar:?]
	at net.minecraft.launchwrapper.Launch.main(Launch.java:28) [launchwrapper-1.12.jar:?]
Caused by: java.lang.NullPointerException
	at net.minecraft.network.play.server.S0FPacketSpawnMob.func_149027_c(SourceFile:114) ~[fn.class:?]
	at net.minecraft.client.network.NetHandlerPlayClient.func_147281_a(NetHandlerPlayClient.java:840) ~[bcy.class:?]
	at net.minecraft.network.play.server.S0FPacketSpawnMob.func_148833_a(SourceFile:109) ~[fn.class:?]
	at net.minecraft.network.play.server.S0FPacketSpawnMob.func_148833_a(SourceFile:15) ~[fn.class:?]
	at net.minecraft.network.PacketThreadUtil$1.run(SourceFile:13) ~[fh$1.class:?]
	at java.util.concurrent.Executors$RunnableAdapter.call(Executors.java:511) ~[?:1.8.0_51]
	at java.util.concurrent.FutureTask.run(FutureTask.java:266) ~[?:1.8.0_51]
	at net.minecraft.util.Util.func_181617_a(SourceFile:44) ~[g.class:?]
	... 9 more
[20:12:39] [Client thread/INFO]: [CHAT] [«] ifroste (19/25)
[20:12:48] [Client thread/FATAL]: Error executing task
java.util.concurrent.ExecutionException: java.lang.NullPointerException
	at java.util.concurrent.FutureTask.report(FutureTask.java:122) ~[?:1.8.0_51]
	at java.util.concurrent.FutureTask.get(FutureTask.java:192) ~[?:1.8.0_51]
	at net.minecraft.util.Util.func_181617_a(SourceFile:45) [g.class:?]
	at net.minecraft.client.Minecraft.func_71411_J(Minecraft.java:1014) [ave.class:?]
	at net.minecraft.client.Minecraft.func_99999_d(Minecraft.java:349) [ave.class:?]
	at net.minecraft.client.main.Main.main(SourceFile:124) [Main.class:?]
	at sun.reflect.NativeMethodAccessorImpl.invoke0(Native Method) ~[?:1.8.0_51]
	at sun.reflect.NativeMethodAccessorImpl.invoke(NativeMethodAccessorImpl.java:62) ~[?:1.8.0_51]
	at sun.reflect.DelegatingMethodAccessorImpl.invoke(DelegatingMethodAccessorImpl.java:43) ~[?:1.8.0_51]
	at java.lang.reflect.Method.invoke(Method.java:497) ~[?:1.8.0_51]
	at net.minecraft.launchwrapper.Launch.launch(Launch.java:135) [launchwrapper-1.12.jar:?]
	at net.minecraft.launchwrapper.Launch.main(Launch.java:28) [launchwrapper-1.12.jar:?]
Caused by: java.lang.NullPointerException
	at net.minecraft.network.play.server.S0FPacketSpawnMob.func_149027_c(SourceFile:114) ~[fn.class:?]
	at net.minecraft.client.network.NetHandlerPlayClient.func_147281_a(NetHandlerPlayClient.java:840) ~[bcy.class:?]
	at net.minecraft.network.play.server.S0FPacketSpawnMob.func_148833_a(SourceFile:109) ~[fn.class:?]
	at net.minecraft.network.play.server.S0FPacketSpawnMob.func_148833_a(SourceFile:15) ~[fn.class:?]
	at net.minecraft.network.PacketThreadUtil$1.run(SourceFile:13) ~[fh$1.class:?]
	at java.util.concurrent.Executors$RunnableAdapter.call(Executors.java:511) ~[?:1.8.0_51]
	at java.util.concurrent.FutureTask.run(FutureTask.java:266) ~[?:1.8.0_51]
	at net.minecraft.util.Util.func_181617_a(SourceFile:44) ~[g.class:?]
	... 9 more
[20:12:51] [Client thread/FATAL]: Error executing task
java.util.concurrent.ExecutionException: java.lang.NullPointerException
	at java.util.concurrent.FutureTask.report(FutureTask.java:122) ~[?:1.8.0_51]
	at java.util.concurrent.FutureTask.get(FutureTask.java:192) ~[?:1.8.0_51]
	at net.minecraft.util.Util.func_181617_a(SourceFile:45) [g.class:?]
	at net.minecraft.client.Minecraft.func_71411_J(Minecraft.java:1014) [ave.class:?]
	at net.minecraft.client.Minecraft.func_99999_d(Minecraft.java:349) [ave.class:?]
	at net.minecraft.client.main.Main.main(SourceFile:124) [Main.class:?]
	at sun.reflect.NativeMethodAccessorImpl.invoke0(Native Method) ~[?:1.8.0_51]
	at sun.reflect.NativeMethodAccessorImpl.invoke(NativeMethodAccessorImpl.java:62) ~[?:1.8.0_51]
	at sun.reflect.DelegatingMethodAccessorImpl.invoke(DelegatingMethodAccessorImpl.java:43) ~[?:1.8.0_51]
	at java.lang.reflect.Method.invoke(Method.java:497) ~[?:1.8.0_51]
	at net.minecraft.launchwrapper.Launch.launch(Launch.java:135) [launchwrapper-1.12.jar:?]
	at net.minecraft.launchwrapper.Launch.main(Launch.java:28) [launchwrapper-1.12.jar:?]
Caused by: java.lang.NullPointerException
	at net.minecraft.network.play.server.S0FPacketSpawnMob.func_149027_c(SourceFile:114) ~[fn.class:?]
	at net.minecraft.client.network.NetHandlerPlayClient.func_147281_a(NetHandlerPlayClient.java:840) ~[bcy.class:?]
	at net.minecraft.network.play.server.S0FPacketSpawnMob.func_148833_a(SourceFile:109) ~[fn.class:?]
	at net.minecraft.network.play.server.S0FPacketSpawnMob.func_148833_a(SourceFile:15) ~[fn.class:?]
	at net.minecraft.network.PacketThreadUtil$1.run(SourceFile:13) ~[fh$1.class:?]
	at java.util.concurrent.Executors$RunnableAdapter.call(Executors.java:511) ~[?:1.8.0_51]
	at java.util.concurrent.FutureTask.run(FutureTask.java:266) ~[?:1.8.0_51]
	at net.minecraft.util.Util.func_181617_a(SourceFile:44) ~[g.class:?]
	... 9 more
[20:12:52] [Client thread/FATAL]: Error executing task
java.util.concurrent.ExecutionException: java.lang.NullPointerException
	at java.util.concurrent.FutureTask.report(FutureTask.java:122) ~[?:1.8.0_51]
	at java.util.concurrent.FutureTask.get(FutureTask.java:192) ~[?:1.8.0_51]
	at net.minecraft.util.Util.func_181617_a(SourceFile:45) [g.class:?]
	at net.minecraft.client.Minecraft.func_71411_J(Minecraft.java:1014) [ave.class:?]
	at net.minecraft.client.Minecraft.func_99999_d(Minecraft.java:349) [ave.class:?]
	at net.minecraft.client.main.Main.main(SourceFile:124) [Main.class:?]
	at sun.reflect.NativeMethodAccessorImpl.invoke0(Native Method) ~[?:1.8.0_51]
	at sun.reflect.NativeMethodAccessorImpl.invoke(NativeMethodAccessorImpl.java:62) ~[?:1.8.0_51]
	at sun.reflect.DelegatingMethodAccessorImpl.invoke(DelegatingMethodAccessorImpl.java:43) ~[?:1.8.0_51]
	at java.lang.reflect.Method.invoke(Method.java:497) ~[?:1.8.0_51]
	at net.minecraft.launchwrapper.Launch.launch(Launch.java:135) [launchwrapper-1.12.jar:?]
	at net.minecraft.launchwrapper.Launch.main(Launch.java:28) [launchwrapper-1.12.jar:?]
Caused by: java.lang.NullPointerException
	at net.minecraft.network.play.server.S0FPacketSpawnMob.func_149027_c(SourceFile:114) ~[fn.class:?]
	at net.minecraft.client.network.NetHandlerPlayClient.func_147281_a(NetHandlerPlayClient.java:840) ~[bcy.class:?]
	at net.minecraft.network.play.server.S0FPacketSpawnMob.func_148833_a(SourceFile:109) ~[fn.class:?]
	at net.minecraft.network.play.server.S0FPacketSpawnMob.func_148833_a(SourceFile:15) ~[fn.class:?]
	at net.minecraft.network.PacketThreadUtil$1.run(SourceFile:13) ~[fh$1.class:?]
	at java.util.concurrent.Executors$RunnableAdapter.call(Executors.java:511) ~[?:1.8.0_51]
	at java.util.concurrent.FutureTask.run(FutureTask.java:266) ~[?:1.8.0_51]
	at net.minecraft.util.Util.func_181617_a(SourceFile:44) ~[g.class:?]
	... 9 more
[20:12:59] [Client thread/FATAL]: Error executing task
java.util.concurrent.ExecutionException: java.lang.NullPointerException
	at java.util.concurrent.FutureTask.report(FutureTask.java:122) ~[?:1.8.0_51]
	at java.util.concurrent.FutureTask.get(FutureTask.java:192) ~[?:1.8.0_51]
	at net.minecraft.util.Util.func_181617_a(SourceFile:45) [g.class:?]
	at net.minecraft.client.Minecraft.func_71411_J(Minecraft.java:1014) [ave.class:?]
	at net.minecraft.client.Minecraft.func_99999_d(Minecraft.java:349) [ave.class:?]
	at net.minecraft.client.main.Main.main(SourceFile:124) [Main.class:?]
	at sun.reflect.NativeMethodAccessorImpl.invoke0(Native Method) ~[?:1.8.0_51]
	at sun.reflect.NativeMethodAccessorImpl.invoke(NativeMethodAccessorImpl.java:62) ~[?:1.8.0_51]
	at sun.reflect.DelegatingMethodAccessorImpl.invoke(DelegatingMethodAccessorImpl.java:43) ~[?:1.8.0_51]
	at java.lang.reflect.Method.invoke(Method.java:497) ~[?:1.8.0_51]
	at net.minecraft.launchwrapper.Launch.launch(Launch.java:135) [launchwrapper-1.12.jar:?]
	at net.minecraft.launchwrapper.Launch.main(Launch.java:28) [launchwrapper-1.12.jar:?]
Caused by: java.lang.NullPointerException
	at net.minecraft.network.play.server.S0FPacketSpawnMob.func_149027_c(SourceFile:114) ~[fn.class:?]
	at net.minecraft.client.network.NetHandlerPlayClient.func_147281_a(NetHandlerPlayClient.java:840) ~[bcy.class:?]
	at net.minecraft.network.play.server.S0FPacketSpawnMob.func_148833_a(SourceFile:109) ~[fn.class:?]
	at net.minecraft.network.play.server.S0FPacketSpawnMob.func_148833_a(SourceFile:15) ~[fn.class:?]
	at net.minecraft.network.PacketThreadUtil$1.run(SourceFile:13) ~[fh$1.class:?]
	at java.util.concurrent.Executors$RunnableAdapter.call(Executors.java:511) ~[?:1.8.0_51]
	at java.util.concurrent.FutureTask.run(FutureTask.java:266) ~[?:1.8.0_51]
	at net.minecraft.util.Util.func_181617_a(SourceFile:44) ~[g.class:?]
	... 9 more
[20:12:59] [Client thread/FATAL]: Error executing task
java.util.concurrent.ExecutionException: java.lang.NullPointerException
	at java.util.concurrent.FutureTask.report(FutureTask.java:122) ~[?:1.8.0_51]
	at java.util.concurrent.FutureTask.get(FutureTask.java:192) ~[?:1.8.0_51]
	at net.minecraft.util.Util.func_181617_a(SourceFile:45) [g.class:?]
	at net.minecraft.client.Minecraft.func_71411_J(Minecraft.java:1014) [ave.class:?]
	at net.minecraft.client.Minecraft.func_99999_d(Minecraft.java:349) [ave.class:?]
	at net.minecraft.client.main.Main.main(SourceFile:124) [Main.class:?]
	at sun.reflect.NativeMethodAccessorImpl.invoke0(Native Method) ~[?:1.8.0_51]
	at sun.reflect.NativeMethodAccessorImpl.invoke(NativeMethodAccessorImpl.java:62) ~[?:1.8.0_51]
	at sun.reflect.DelegatingMethodAccessorImpl.invoke(DelegatingMethodAccessorImpl.java:43) ~[?:1.8.0_51]
	at java.lang.reflect.Method.invoke(Method.java:497) ~[?:1.8.0_51]
	at net.minecraft.launchwrapper.Launch.launch(Launch.java:135) [launchwrapper-1.12.jar:?]
	at net.minecraft.launchwrapper.Launch.main(Launch.java:28) [launchwrapper-1.12.jar:?]
Caused by: java.lang.NullPointerException
	at net.minecraft.network.play.server.S0FPacketSpawnMob.func_149027_c(SourceFile:114) ~[fn.class:?]
	at net.minecraft.client.network.NetHandlerPlayClient.func_147281_a(NetHandlerPlayClient.java:840) ~[bcy.class:?]
	at net.minecraft.network.play.server.S0FPacketSpawnMob.func_148833_a(SourceFile:109) ~[fn.class:?]
	at net.minecraft.network.play.server.S0FPacketSpawnMob.func_148833_a(SourceFile:15) ~[fn.class:?]
	at net.minecraft.network.PacketThreadUtil$1.run(SourceFile:13) ~[fh$1.class:?]
	at java.util.concurrent.Executors$RunnableAdapter.call(Executors.java:511) ~[?:1.8.0_51]
	at java.util.concurrent.FutureTask.run(FutureTask.java:266) ~[?:1.8.0_51]
	at net.minecraft.util.Util.func_181617_a(SourceFile:44) ~[g.class:?]
	... 9 more
[20:13:03] [Client thread/FATAL]: Error executing task
java.util.concurrent.ExecutionException: java.lang.NullPointerException
	at java.util.concurrent.FutureTask.report(FutureTask.java:122) ~[?:1.8.0_51]
	at java.util.concurrent.FutureTask.get(FutureTask.java:192) ~[?:1.8.0_51]
	at net.minecraft.util.Util.func_181617_a(SourceFile:45) [g.class:?]
	at net.minecraft.client.Minecraft.func_71411_J(Minecraft.java:1014) [ave.class:?]
	at net.minecraft.client.Minecraft.func_99999_d(Minecraft.java:349) [ave.class:?]
	at net.minecraft.client.main.Main.main(SourceFile:124) [Main.class:?]
	at sun.reflect.NativeMethodAccessorImpl.invoke0(Native Method) ~[?:1.8.0_51]
	at sun.reflect.NativeMethodAccessorImpl.invoke(NativeMethodAccessorImpl.java:62) ~[?:1.8.0_51]
	at sun.reflect.DelegatingMethodAccessorImpl.invoke(DelegatingMethodAccessorImpl.java:43) ~[?:1.8.0_51]
	at java.lang.reflect.Method.invoke(Method.java:497) ~[?:1.8.0_51]
	at net.minecraft.launchwrapper.Launch.launch(Launch.java:135) [launchwrapper-1.12.jar:?]
	at net.minecraft.launchwrapper.Launch.main(Launch.java:28) [launchwrapper-1.12.jar:?]
Caused by: java.lang.NullPointerException
	at net.minecraft.network.play.server.S0FPacketSpawnMob.func_149027_c(SourceFile:114) ~[fn.class:?]
	at net.minecraft.client.network.NetHandlerPlayClient.func_147281_a(NetHandlerPlayClient.java:840) ~[bcy.class:?]
	at net.minecraft.network.play.server.S0FPacketSpawnMob.func_148833_a(SourceFile:109) ~[fn.class:?]
	at net.minecraft.network.play.server.S0FPacketSpawnMob.func_148833_a(SourceFile:15) ~[fn.class:?]
	at net.minecraft.network.PacketThreadUtil$1.run(SourceFile:13) ~[fh$1.class:?]
	at java.util.concurrent.Executors$RunnableAdapter.call(Executors.java:511) ~[?:1.8.0_51]
	at java.util.concurrent.FutureTask.run(FutureTask.java:266) ~[?:1.8.0_51]
	at net.minecraft.util.Util.func_181617_a(SourceFile:44) ~[g.class:?]
	... 9 more
[20:13:03] [Client thread/FATAL]: Error executing task
java.util.concurrent.ExecutionException: java.lang.NullPointerException
	at java.util.concurrent.FutureTask.report(FutureTask.java:122) ~[?:1.8.0_51]
	at java.util.concurrent.FutureTask.get(FutureTask.java:192) ~[?:1.8.0_51]
	at net.minecraft.util.Util.func_181617_a(SourceFile:45) [g.class:?]
	at net.minecraft.client.Minecraft.func_71411_J(Minecraft.java:1014) [ave.class:?]
	at net.minecraft.client.Minecraft.func_99999_d(Minecraft.java:349) [ave.class:?]
	at net.minecraft.client.main.Main.main(SourceFile:124) [Main.class:?]
	at sun.reflect.NativeMethodAccessorImpl.invoke0(Native Method) ~[?:1.8.0_51]
	at sun.reflect.NativeMethodAccessorImpl.invoke(NativeMethodAccessorImpl.java:62) ~[?:1.8.0_51]
	at sun.reflect.DelegatingMethodAccessorImpl.invoke(DelegatingMethodAccessorImpl.java:43) ~[?:1.8.0_51]
	at java.lang.reflect.Method.invoke(Method.java:497) ~[?:1.8.0_51]
	at net.minecraft.launchwrapper.Launch.launch(Launch.java:135) [launchwrapper-1.12.jar:?]
	at net.minecraft.launchwrapper.Launch.main(Launch.java:28) [launchwrapper-1.12.jar:?]
Caused by: java.lang.NullPointerException
	at net.minecraft.network.play.server.S0FPacketSpawnMob.func_149027_c(SourceFile:114) ~[fn.class:?]
	at net.minecraft.client.network.NetHandlerPlayClient.func_147281_a(NetHandlerPlayClient.java:840) ~[bcy.class:?]
	at net.minecraft.network.play.server.S0FPacketSpawnMob.func_148833_a(SourceFile:109) ~[fn.class:?]
	at net.minecraft.network.play.server.S0FPacketSpawnMob.func_148833_a(SourceFile:15) ~[fn.class:?]
	at net.minecraft.network.PacketThreadUtil$1.run(SourceFile:13) ~[fh$1.class:?]
	at java.util.concurrent.Executors$RunnableAdapter.call(Executors.java:511) ~[?:1.8.0_51]
	at java.util.concurrent.FutureTask.run(FutureTask.java:266) ~[?:1.8.0_51]
	at net.minecraft.util.Util.func_181617_a(SourceFile:44) ~[g.class:?]
	... 9 more
[20:13:06] [Client thread/FATAL]: Error executing task
java.util.concurrent.ExecutionException: java.lang.NullPointerException
	at java.util.concurrent.FutureTask.report(FutureTask.java:122) ~[?:1.8.0_51]
	at java.util.concurrent.FutureTask.get(FutureTask.java:192) ~[?:1.8.0_51]
	at net.minecraft.util.Util.func_181617_a(SourceFile:45) [g.class:?]
	at net.minecraft.client.Minecraft.func_71411_J(Minecraft.java:1014) [ave.class:?]
	at net.minecraft.client.Minecraft.func_99999_d(Minecraft.java:349) [ave.class:?]
	at net.minecraft.client.main.Main.main(SourceFile:124) [Main.class:?]
	at sun.reflect.NativeMethodAccessorImpl.invoke0(Native Method) ~[?:1.8.0_51]
	at sun.reflect.NativeMethodAccessorImpl.invoke(NativeMethodAccessorImpl.java:62) ~[?:1.8.0_51]
	at sun.reflect.DelegatingMethodAccessorImpl.invoke(DelegatingMethodAccessorImpl.java:43) ~[?:1.8.0_51]
	at java.lang.reflect.Method.invoke(Method.java:497) ~[?:1.8.0_51]
	at net.minecraft.launchwrapper.Launch.launch(Launch.java:135) [launchwrapper-1.12.jar:?]
	at net.minecraft.launchwrapper.Launch.main(Launch.java:28) [launchwrapper-1.12.jar:?]
Caused by: java.lang.NullPointerException
	at net.minecraft.network.play.server.S0FPacketSpawnMob.func_149027_c(SourceFile:114) ~[fn.class:?]
	at net.minecraft.client.network.NetHandlerPlayClient.func_147281_a(NetHandlerPlayClient.java:840) ~[bcy.class:?]
	at net.minecraft.network.play.server.S0FPacketSpawnMob.func_148833_a(SourceFile:109) ~[fn.class:?]
	at net.minecraft.network.play.server.S0FPacketSpawnMob.func_148833_a(SourceFile:15) ~[fn.class:?]
	at net.minecraft.network.PacketThreadUtil$1.run(SourceFile:13) ~[fh$1.class:?]
	at java.util.concurrent.Executors$RunnableAdapter.call(Executors.java:511) ~[?:1.8.0_51]
	at java.util.concurrent.FutureTask.run(FutureTask.java:266) ~[?:1.8.0_51]
	at net.minecraft.util.Util.func_181617_a(SourceFile:44) ~[g.class:?]
	... 9 more
[20:13:07] [Client thread/FATAL]: Error executing task
java.util.concurrent.ExecutionException: java.lang.NullPointerException
	at java.util.concurrent.FutureTask.report(FutureTask.java:122) ~[?:1.8.0_51]
	at java.util.concurrent.FutureTask.get(FutureTask.java:192) ~[?:1.8.0_51]
	at net.minecraft.util.Util.func_181617_a(SourceFile:45) [g.class:?]
	at net.minecraft.client.Minecraft.func_71411_J(Minecraft.java:1014) [ave.class:?]
	at net.minecraft.client.Minecraft.func_99999_d(Minecraft.java:349) [ave.class:?]
	at net.minecraft.client.main.Main.main(SourceFile:124) [Main.class:?]
	at sun.reflect.NativeMethodAccessorImpl.invoke0(Native Method) ~[?:1.8.0_51]
	at sun.reflect.NativeMethodAccessorImpl.invoke(NativeMethodAccessorImpl.java:62) ~[?:1.8.0_51]
	at sun.reflect.DelegatingMethodAccessorImpl.invoke(DelegatingMethodAccessorImpl.java:43) ~[?:1.8.0_51]
	at java.lang.reflect.Method.invoke(Method.java:497) ~[?:1.8.0_51]
	at net.minecraft.launchwrapper.Launch.launch(Launch.java:135) [launchwrapper-1.12.jar:?]
	at net.minecraft.launchwrapper.Launch.main(Launch.java:28) [launchwrapper-1.12.jar:?]
Caused by: java.lang.NullPointerException
	at net.minecraft.network.play.server.S0FPacketSpawnMob.func_149027_c(SourceFile:114) ~[fn.class:?]
	at net.minecraft.client.network.NetHandlerPlayClient.func_147281_a(NetHandlerPlayClient.java:840) ~[bcy.class:?]
	at net.minecraft.network.play.server.S0FPacketSpawnMob.func_148833_a(SourceFile:109) ~[fn.class:?]
	at net.minecraft.network.play.server.S0FPacketSpawnMob.func_148833_a(SourceFile:15) ~[fn.class:?]
	at net.minecraft.network.PacketThreadUtil$1.run(SourceFile:13) ~[fh$1.class:?]
	at java.util.concurrent.Executors$RunnableAdapter.call(Executors.java:511) ~[?:1.8.0_51]
	at java.util.concurrent.FutureTask.run(FutureTask.java:266) ~[?:1.8.0_51]
	at net.minecraft.util.Util.func_181617_a(SourceFile:44) ~[g.class:?]
	... 9 more
[20:13:11] [Client thread/FATAL]: Error executing task
java.util.concurrent.ExecutionException: java.lang.NullPointerException
	at java.util.concurrent.FutureTask.report(FutureTask.java:122) ~[?:1.8.0_51]
	at java.util.concurrent.FutureTask.get(FutureTask.java:192) ~[?:1.8.0_51]
	at net.minecraft.util.Util.func_181617_a(SourceFile:45) [g.class:?]
	at net.minecraft.client.Minecraft.func_71411_J(Minecraft.java:1014) [ave.class:?]
	at net.minecraft.client.Minecraft.func_99999_d(Minecraft.java:349) [ave.class:?]
	at net.minecraft.client.main.Main.main(SourceFile:124) [Main.class:?]
	at sun.reflect.NativeMethodAccessorImpl.invoke0(Native Method) ~[?:1.8.0_51]
	at sun.reflect.NativeMethodAccessorImpl.invoke(NativeMethodAccessorImpl.java:62) ~[?:1.8.0_51]
	at sun.reflect.DelegatingMethodAccessorImpl.invoke(DelegatingMethodAccessorImpl.java:43) ~[?:1.8.0_51]
	at java.lang.reflect.Method.invoke(Method.java:497) ~[?:1.8.0_51]
	at net.minecraft.launchwrapper.Launch.launch(Launch.java:135) [launchwrapper-1.12.jar:?]
	at net.minecraft.launchwrapper.Launch.main(Launch.java:28) [launchwrapper-1.12.jar:?]
Caused by: java.lang.NullPointerException
	at net.minecraft.network.play.server.S0FPacketSpawnMob.func_149027_c(SourceFile:114) ~[fn.class:?]
	at net.minecraft.client.network.NetHandlerPlayClient.func_147281_a(NetHandlerPlayClient.java:840) ~[bcy.class:?]
	at net.minecraft.network.play.server.S0FPacketSpawnMob.func_148833_a(SourceFile:109) ~[fn.class:?]
	at net.minecraft.network.play.server.S0FPacketSpawnMob.func_148833_a(SourceFile:15) ~[fn.class:?]
	at net.minecraft.network.PacketThreadUtil$1.run(SourceFile:13) ~[fh$1.class:?]
	at java.util.concurrent.Executors$RunnableAdapter.call(Executors.java:511) ~[?:1.8.0_51]
	at java.util.concurrent.FutureTask.run(FutureTask.java:266) ~[?:1.8.0_51]
	at net.minecraft.util.Util.func_181617_a(SourceFile:44) ~[g.class:?]
	... 9 more
[20:13:11] [Client thread/FATAL]: Error executing task
java.util.concurrent.ExecutionException: java.lang.NullPointerException
	at java.util.concurrent.FutureTask.report(FutureTask.java:122) ~[?:1.8.0_51]
	at java.util.concurrent.FutureTask.get(FutureTask.java:192) ~[?:1.8.0_51]
	at net.minecraft.util.Util.func_181617_a(SourceFile:45) [g.class:?]
	at net.minecraft.client.Minecraft.func_71411_J(Minecraft.java:1014) [ave.class:?]
	at net.minecraft.client.Minecraft.func_99999_d(Minecraft.java:349) [ave.class:?]
	at net.minecraft.client.main.Main.main(SourceFile:124) [Main.class:?]
	at sun.reflect.NativeMethodAccessorImpl.invoke0(Native Method) ~[?:1.8.0_51]
	at sun.reflect.NativeMethodAccessorImpl.invoke(NativeMethodAccessorImpl.java:62) ~[?:1.8.0_51]
	at sun.reflect.DelegatingMethodAccessorImpl.invoke(DelegatingMethodAccessorImpl.java:43) ~[?:1.8.0_51]
	at java.lang.reflect.Method.invoke(Method.java:497) ~[?:1.8.0_51]
	at net.minecraft.launchwrapper.Launch.launch(Launch.java:135) [launchwrapper-1.12.jar:?]
	at net.minecraft.launchwrapper.Launch.main(Launch.java:28) [launchwrapper-1.12.jar:?]
Caused by: java.lang.NullPointerException
	at net.minecraft.network.play.server.S0FPacketSpawnMob.func_149027_c(SourceFile:114) ~[fn.class:?]
	at net.minecraft.client.network.NetHandlerPlayClient.func_147281_a(NetHandlerPlayClient.java:840) ~[bcy.class:?]
	at net.minecraft.network.play.server.S0FPacketSpawnMob.func_148833_a(SourceFile:109) ~[fn.class:?]
	at net.minecraft.network.play.server.S0FPacketSpawnMob.func_148833_a(SourceFile:15) ~[fn.class:?]
	at net.minecraft.network.PacketThreadUtil$1.run(SourceFile:13) ~[fh$1.class:?]
	at java.util.concurrent.Executors$RunnableAdapter.call(Executors.java:511) ~[?:1.8.0_51]
	at java.util.concurrent.FutureTask.run(FutureTask.java:266) ~[?:1.8.0_51]
	at net.minecraft.util.Util.func_181617_a(SourceFile:44) ~[g.class:?]
	... 9 more
[20:13:15] [Client thread/FATAL]: Error executing task
java.util.concurrent.ExecutionException: java.lang.NullPointerException
	at java.util.concurrent.FutureTask.report(FutureTask.java:122) ~[?:1.8.0_51]
	at java.util.concurrent.FutureTask.get(FutureTask.java:192) ~[?:1.8.0_51]
	at net.minecraft.util.Util.func_181617_a(SourceFile:45) [g.class:?]
	at net.minecraft.client.Minecraft.func_71411_J(Minecraft.java:1014) [ave.class:?]
	at net.minecraft.client.Minecraft.func_99999_d(Minecraft.java:349) [ave.class:?]
	at net.minecraft.client.main.Main.main(SourceFile:124) [Main.class:?]
	at sun.reflect.NativeMethodAccessorImpl.invoke0(Native Method) ~[?:1.8.0_51]
	at sun.reflect.NativeMethodAccessorImpl.invoke(NativeMethodAccessorImpl.java:62) ~[?:1.8.0_51]
	at sun.reflect.DelegatingMethodAccessorImpl.invoke(DelegatingMethodAccessorImpl.java:43) ~[?:1.8.0_51]
	at java.lang.reflect.Method.invoke(Method.java:497) ~[?:1.8.0_51]
	at net.minecraft.launchwrapper.Launch.launch(Launch.java:135) [launchwrapper-1.12.jar:?]
	at net.minecraft.launchwrapper.Launch.main(Launch.java:28) [launchwrapper-1.12.jar:?]
Caused by: java.lang.NullPointerException
	at net.minecraft.network.play.server.S0FPacketSpawnMob.func_149027_c(SourceFile:114) ~[fn.class:?]
	at net.minecraft.client.network.NetHandlerPlayClient.func_147281_a(NetHandlerPlayClient.java:840) ~[bcy.class:?]
	at net.minecraft.network.play.server.S0FPacketSpawnMob.func_148833_a(SourceFile:109) ~[fn.class:?]
	at net.minecraft.network.play.server.S0FPacketSpawnMob.func_148833_a(SourceFile:15) ~[fn.class:?]
	at net.minecraft.network.PacketThreadUtil$1.run(SourceFile:13) ~[fh$1.class:?]
	at java.util.concurrent.Executors$RunnableAdapter.call(Executors.java:511) ~[?:1.8.0_51]
	at java.util.concurrent.FutureTask.run(FutureTask.java:266) ~[?:1.8.0_51]
	at net.minecraft.util.Util.func_181617_a(SourceFile:44) ~[g.class:?]
	... 9 more
[20:13:15] [Client thread/FATAL]: Error executing task
java.util.concurrent.ExecutionException: java.lang.NullPointerException
	at java.util.concurrent.FutureTask.report(FutureTask.java:122) ~[?:1.8.0_51]
	at java.util.concurrent.FutureTask.get(FutureTask.java:192) ~[?:1.8.0_51]
	at net.minecraft.util.Util.func_181617_a(SourceFile:45) [g.class:?]
	at net.minecraft.client.Minecraft.func_71411_J(Minecraft.java:1014) [ave.class:?]
	at net.minecraft.client.Minecraft.func_99999_d(Minecraft.java:349) [ave.class:?]
	at net.minecraft.client.main.Main.main(SourceFile:124) [Main.class:?]
	at sun.reflect.NativeMethodAccessorImpl.invoke0(Native Method) ~[?:1.8.0_51]
	at sun.reflect.NativeMethodAccessorImpl.invoke(NativeMethodAccessorImpl.java:62) ~[?:1.8.0_51]
	at sun.reflect.DelegatingMethodAccessorImpl.invoke(DelegatingMethodAccessorImpl.java:43) ~[?:1.8.0_51]
	at java.lang.reflect.Method.invoke(Method.java:497) ~[?:1.8.0_51]
	at net.minecraft.launchwrapper.Launch.launch(Launch.java:135) [launchwrapper-1.12.jar:?]
	at net.minecraft.launchwrapper.Launch.main(Launch.java:28) [launchwrapper-1.12.jar:?]
Caused by: java.lang.NullPointerException
	at net.minecraft.network.play.server.S0FPacketSpawnMob.func_149027_c(SourceFile:114) ~[fn.class:?]
	at net.minecraft.client.network.NetHandlerPlayClient.func_147281_a(NetHandlerPlayClient.java:840) ~[bcy.class:?]
	at net.minecraft.network.play.server.S0FPacketSpawnMob.func_148833_a(SourceFile:109) ~[fn.class:?]
	at net.minecraft.network.play.server.S0FPacketSpawnMob.func_148833_a(SourceFile:15) ~[fn.class:?]
	at net.minecraft.network.PacketThreadUtil$1.run(SourceFile:13) ~[fh$1.class:?]
	at java.util.concurrent.Executors$RunnableAdapter.call(Executors.java:511) ~[?:1.8.0_51]
	at java.util.concurrent.FutureTask.run(FutureTask.java:266) ~[?:1.8.0_51]
	at net.minecraft.util.Util.func_181617_a(SourceFile:44) ~[g.class:?]
	... 9 more
[20:13:19] [Client thread/FATAL]: Error executing task
java.util.concurrent.ExecutionException: java.lang.NullPointerException
	at java.util.concurrent.FutureTask.report(FutureTask.java:122) ~[?:1.8.0_51]
	at java.util.concurrent.FutureTask.get(FutureTask.java:192) ~[?:1.8.0_51]
	at net.minecraft.util.Util.func_181617_a(SourceFile:45) [g.class:?]
	at net.minecraft.client.Minecraft.func_71411_J(Minecraft.java:1014) [ave.class:?]
	at net.minecraft.client.Minecraft.func_99999_d(Minecraft.java:349) [ave.class:?]
	at net.minecraft.client.main.Main.main(SourceFile:124) [Main.class:?]
	at sun.reflect.NativeMethodAccessorImpl.invoke0(Native Method) ~[?:1.8.0_51]
	at sun.reflect.NativeMethodAccessorImpl.invoke(NativeMethodAccessorImpl.java:62) ~[?:1.8.0_51]
	at sun.reflect.DelegatingMethodAccessorImpl.invoke(DelegatingMethodAccessorImpl.java:43) ~[?:1.8.0_51]
	at java.lang.reflect.Method.invoke(Method.java:497) ~[?:1.8.0_51]
	at net.minecraft.launchwrapper.Launch.launch(Launch.java:135) [launchwrapper-1.12.jar:?]
	at net.minecraft.launchwrapper.Launch.main(Launch.java:28) [launchwrapper-1.12.jar:?]
Caused by: java.lang.NullPointerException
	at net.minecraft.network.play.server.S0FPacketSpawnMob.func_149027_c(SourceFile:114) ~[fn.class:?]
	at net.minecraft.client.network.NetHandlerPlayClient.func_147281_a(NetHandlerPlayClient.java:840) ~[bcy.class:?]
	at net.minecraft.network.play.server.S0FPacketSpawnMob.func_148833_a(SourceFile:109) ~[fn.class:?]
	at net.minecraft.network.play.server.S0FPacketSpawnMob.func_148833_a(SourceFile:15) ~[fn.class:?]
	at net.minecraft.network.PacketThreadUtil$1.run(SourceFile:13) ~[fh$1.class:?]
	at java.util.concurrent.Executors$RunnableAdapter.call(Executors.java:511) ~[?:1.8.0_51]
	at java.util.concurrent.FutureTask.run(FutureTask.java:266) ~[?:1.8.0_51]
	at net.minecraft.util.Util.func_181617_a(SourceFile:44) ~[g.class:?]
	... 9 more
[20:13:20] [Client thread/FATAL]: Error executing task
java.util.concurrent.ExecutionException: java.lang.NullPointerException
	at java.util.concurrent.FutureTask.report(FutureTask.java:122) ~[?:1.8.0_51]
	at java.util.concurrent.FutureTask.get(FutureTask.java:192) ~[?:1.8.0_51]
	at net.minecraft.util.Util.func_181617_a(SourceFile:45) [g.class:?]
	at net.minecraft.client.Minecraft.func_71411_J(Minecraft.java:1014) [ave.class:?]
	at net.minecraft.client.Minecraft.func_99999_d(Minecraft.java:349) [ave.class:?]
	at net.minecraft.client.main.Main.main(SourceFile:124) [Main.class:?]
	at sun.reflect.NativeMethodAccessorImpl.invoke0(Native Method) ~[?:1.8.0_51]
	at sun.reflect.NativeMethodAccessorImpl.invoke(NativeMethodAccessorImpl.java:62) ~[?:1.8.0_51]
	at sun.reflect.DelegatingMethodAccessorImpl.invoke(DelegatingMethodAccessorImpl.java:43) ~[?:1.8.0_51]
	at java.lang.reflect.Method.invoke(Method.java:497) ~[?:1.8.0_51]
	at net.minecraft.launchwrapper.Launch.launch(Launch.java:135) [launchwrapper-1.12.jar:?]
	at net.minecraft.launchwrapper.Launch.main(Launch.java:28) [launchwrapper-1.12.jar:?]
Caused by: java.lang.NullPointerException
	at net.minecraft.network.play.server.S0FPacketSpawnMob.func_149027_c(SourceFile:114) ~[fn.class:?]
	at net.minecraft.client.network.NetHandlerPlayClient.func_147281_a(NetHandlerPlayClient.java:840) ~[bcy.class:?]
	at net.minecraft.network.play.server.S0FPacketSpawnMob.func_148833_a(SourceFile:109) ~[fn.class:?]
	at net.minecraft.network.play.server.S0FPacketSpawnMob.func_148833_a(SourceFile:15) ~[fn.class:?]
	at net.minecraft.network.PacketThreadUtil$1.run(SourceFile:13) ~[fh$1.class:?]
	at java.util.concurrent.Executors$RunnableAdapter.call(Executors.java:511) ~[?:1.8.0_51]
	at java.util.concurrent.FutureTask.run(FutureTask.java:266) ~[?:1.8.0_51]
	at net.minecraft.util.Util.func_181617_a(SourceFile:44) ~[g.class:?]
	... 9 more
[20:13:24] [Client thread/FATAL]: Error executing task
java.util.concurrent.ExecutionException: java.lang.NullPointerException
	at java.util.concurrent.FutureTask.report(FutureTask.java:122) ~[?:1.8.0_51]
	at java.util.concurrent.FutureTask.get(FutureTask.java:192) ~[?:1.8.0_51]
	at net.minecraft.util.Util.func_181617_a(SourceFile:45) [g.class:?]
	at net.minecraft.client.Minecraft.func_71411_J(Minecraft.java:1014) [ave.class:?]
	at net.minecraft.client.Minecraft.func_99999_d(Minecraft.java:349) [ave.class:?]
	at net.minecraft.client.main.Main.main(SourceFile:124) [Main.class:?]
	at sun.reflect.NativeMethodAccessorImpl.invoke0(Native Method) ~[?:1.8.0_51]
	at sun.reflect.NativeMethodAccessorImpl.invoke(NativeMethodAccessorImpl.java:62) ~[?:1.8.0_51]
	at sun.reflect.DelegatingMethodAccessorImpl.invoke(DelegatingMethodAccessorImpl.java:43) ~[?:1.8.0_51]
	at java.lang.reflect.Method.invoke(Method.java:497) ~[?:1.8.0_51]
	at net.minecraft.launchwrapper.Launch.launch(Launch.java:135) [launchwrapper-1.12.jar:?]
	at net.minecraft.launchwrapper.Launch.main(Launch.java:28) [launchwrapper-1.12.jar:?]
Caused by: java.lang.NullPointerException
	at net.minecraft.network.play.server.S0FPacketSpawnMob.func_149027_c(SourceFile:114) ~[fn.class:?]
	at net.minecraft.client.network.NetHandlerPlayClient.func_147281_a(NetHandlerPlayClient.java:840) ~[bcy.class:?]
	at net.minecraft.network.play.server.S0FPacketSpawnMob.func_148833_a(SourceFile:109) ~[fn.class:?]
	at net.minecraft.network.play.server.S0FPacketSpawnMob.func_148833_a(SourceFile:15) ~[fn.class:?]
	at net.minecraft.network.PacketThreadUtil$1.run(SourceFile:13) ~[fh$1.class:?]
	at java.util.concurrent.Executors$RunnableAdapter.call(Executors.java:511) ~[?:1.8.0_51]
	at java.util.concurrent.FutureTask.run(FutureTask.java:266) ~[?:1.8.0_51]
	at net.minecraft.util.Util.func_181617_a(SourceFile:44) ~[g.class:?]
	... 9 more
[20:13:24] [Client thread/FATAL]: Error executing task
java.util.concurrent.ExecutionException: java.lang.NullPointerException
	at java.util.concurrent.FutureTask.report(FutureTask.java:122) ~[?:1.8.0_51]
	at java.util.concurrent.FutureTask.get(FutureTask.java:192) ~[?:1.8.0_51]
	at net.minecraft.util.Util.func_181617_a(SourceFile:45) [g.class:?]
	at net.minecraft.client.Minecraft.func_71411_J(Minecraft.java:1014) [ave.class:?]
	at net.minecraft.client.Minecraft.func_99999_d(Minecraft.java:349) [ave.class:?]
	at net.minecraft.client.main.Main.main(SourceFile:124) [Main.class:?]
	at sun.reflect.NativeMethodAccessorImpl.invoke0(Native Method) ~[?:1.8.0_51]
	at sun.reflect.NativeMethodAccessorImpl.invoke(NativeMethodAccessorImpl.java:62) ~[?:1.8.0_51]
	at sun.reflect.DelegatingMethodAccessorImpl.invoke(DelegatingMethodAccessorImpl.java:43) ~[?:1.8.0_51]
	at java.lang.reflect.Method.invoke(Method.java:497) ~[?:1.8.0_51]
	at net.minecraft.launchwrapper.Launch.launch(Launch.java:135) [launchwrapper-1.12.jar:?]
	at net.minecraft.launchwrapper.Launch.main(Launch.java:28) [launchwrapper-1.12.jar:?]
Caused by: java.lang.NullPointerException
	at net.minecraft.network.play.server.S0FPacketSpawnMob.func_149027_c(SourceFile:114) ~[fn.class:?]
	at net.minecraft.client.network.NetHandlerPlayClient.func_147281_a(NetHandlerPlayClient.java:840) ~[bcy.class:?]
	at net.minecraft.network.play.server.S0FPacketSpawnMob.func_148833_a(SourceFile:109) ~[fn.class:?]
	at net.minecraft.network.play.server.S0FPacketSpawnMob.func_148833_a(SourceFile:15) ~[fn.class:?]
	at net.minecraft.network.PacketThreadUtil$1.run(SourceFile:13) ~[fh$1.class:?]
	at java.util.concurrent.Executors$RunnableAdapter.call(Executors.java:511) ~[?:1.8.0_51]
	at java.util.concurrent.FutureTask.run(FutureTask.java:266) ~[?:1.8.0_51]
	at net.minecraft.util.Util.func_181617_a(SourceFile:44) ~[g.class:?]
	... 9 more
[20:13:28] [Client thread/FATAL]: Error executing task
java.util.concurrent.ExecutionException: java.lang.NullPointerException
	at java.util.concurrent.FutureTask.report(FutureTask.java:122) ~[?:1.8.0_51]
	at java.util.concurrent.FutureTask.get(FutureTask.java:192) ~[?:1.8.0_51]
	at net.minecraft.util.Util.func_181617_a(SourceFile:45) [g.class:?]
	at net.minecraft.client.Minecraft.func_71411_J(Minecraft.java:1014) [ave.class:?]
	at net.minecraft.client.Minecraft.func_99999_d(Minecraft.java:349) [ave.class:?]
	at net.minecraft.client.main.Main.main(SourceFile:124) [Main.class:?]
	at sun.reflect.NativeMethodAccessorImpl.invoke0(Native Method) ~[?:1.8.0_51]
	at sun.reflect.NativeMethodAccessorImpl.invoke(NativeMethodAccessorImpl.java:62) ~[?:1.8.0_51]
	at sun.reflect.DelegatingMethodAccessorImpl.invoke(DelegatingMethodAccessorImpl.java:43) ~[?:1.8.0_51]
	at java.lang.reflect.Method.invoke(Method.java:497) ~[?:1.8.0_51]
	at net.minecraft.launchwrapper.Launch.launch(Launch.java:135) [launchwrapper-1.12.jar:?]
	at net.minecraft.launchwrapper.Launch.main(Launch.java:28) [launchwrapper-1.12.jar:?]
Caused by: java.lang.NullPointerException
	at net.minecraft.network.play.server.S0FPacketSpawnMob.func_149027_c(SourceFile:114) ~[fn.class:?]
	at net.minecraft.client.network.NetHandlerPlayClient.func_147281_a(NetHandlerPlayClient.java:840) ~[bcy.class:?]
	at net.minecraft.network.play.server.S0FPacketSpawnMob.func_148833_a(SourceFile:109) ~[fn.class:?]
	at net.minecraft.network.play.server.S0FPacketSpawnMob.func_148833_a(SourceFile:15) ~[fn.class:?]
	at net.minecraft.network.PacketThreadUtil$1.run(SourceFile:13) ~[fh$1.class:?]
	at java.util.concurrent.Executors$RunnableAdapter.call(Executors.java:511) ~[?:1.8.0_51]
	at java.util.concurrent.FutureTask.run(FutureTask.java:266) ~[?:1.8.0_51]
	at net.minecraft.util.Util.func_181617_a(SourceFile:44) ~[g.class:?]
	... 9 more
[20:13:28] [Client thread/FATAL]: Error executing task
java.util.concurrent.ExecutionException: java.lang.NullPointerException
	at java.util.concurrent.FutureTask.report(FutureTask.java:122) ~[?:1.8.0_51]
	at java.util.concurrent.FutureTask.get(FutureTask.java:192) ~[?:1.8.0_51]
	at net.minecraft.util.Util.func_181617_a(SourceFile:45) [g.class:?]
	at net.minecraft.client.Minecraft.func_71411_J(Minecraft.java:1014) [ave.class:?]
	at net.minecraft.client.Minecraft.func_99999_d(Minecraft.java:349) [ave.class:?]
	at net.minecraft.client.main.Main.main(SourceFile:124) [Main.class:?]
	at sun.reflect.NativeMethodAccessorImpl.invoke0(Native Method) ~[?:1.8.0_51]
	at sun.reflect.NativeMethodAccessorImpl.invoke(NativeMethodAccessorImpl.java:62) ~[?:1.8.0_51]
	at sun.reflect.DelegatingMethodAccessorImpl.invoke(DelegatingMethodAccessorImpl.java:43) ~[?:1.8.0_51]
	at java.lang.reflect.Method.invoke(Method.java:497) ~[?:1.8.0_51]
	at net.minecraft.launchwrapper.Launch.launch(Launch.java:135) [launchwrapper-1.12.jar:?]
	at net.minecraft.launchwrapper.Launch.main(Launch.java:28) [launchwrapper-1.12.jar:?]
Caused by: java.lang.NullPointerException
	at net.minecraft.network.play.server.S0FPacketSpawnMob.func_149027_c(SourceFile:114) ~[fn.class:?]
	at net.minecraft.client.network.NetHandlerPlayClient.func_147281_a(NetHandlerPlayClient.java:840) ~[bcy.class:?]
	at net.minecraft.network.play.server.S0FPacketSpawnMob.func_148833_a(SourceFile:109) ~[fn.class:?]
	at net.minecraft.network.play.server.S0FPacketSpawnMob.func_148833_a(SourceFile:15) ~[fn.class:?]
	at net.minecraft.network.PacketThreadUtil$1.run(SourceFile:13) ~[fh$1.class:?]
	at java.util.concurrent.Executors$RunnableAdapter.call(Executors.java:511) ~[?:1.8.0_51]
	at java.util.concurrent.FutureTask.run(FutureTask.java:266) ~[?:1.8.0_51]
	at net.minecraft.util.Util.func_181617_a(SourceFile:44) ~[g.class:?]
	... 9 more
[20:13:28] [Client thread/FATAL]: Error executing task
java.util.concurrent.ExecutionException: java.lang.NullPointerException
	at java.util.concurrent.FutureTask.report(FutureTask.java:122) ~[?:1.8.0_51]
	at java.util.concurrent.FutureTask.get(FutureTask.java:192) ~[?:1.8.0_51]
	at net.minecraft.util.Util.func_181617_a(SourceFile:45) [g.class:?]
	at net.minecraft.client.Minecraft.func_71411_J(Minecraft.java:1014) [ave.class:?]
	at net.minecraft.client.Minecraft.func_99999_d(Minecraft.java:349) [ave.class:?]
	at net.minecraft.client.main.Main.main(SourceFile:124) [Main.class:?]
	at sun.reflect.NativeMethodAccessorImpl.invoke0(Native Method) ~[?:1.8.0_51]
	at sun.reflect.NativeMethodAccessorImpl.invoke(NativeMethodAccessorImpl.java:62) ~[?:1.8.0_51]
	at sun.reflect.DelegatingMethodAccessorImpl.invoke(DelegatingMethodAccessorImpl.java:43) ~[?:1.8.0_51]
	at java.lang.reflect.Method.invoke(Method.java:497) ~[?:1.8.0_51]
	at net.minecraft.launchwrapper.Launch.launch(Launch.java:135) [launchwrapper-1.12.jar:?]
	at net.minecraft.launchwrapper.Launch.main(Launch.java:28) [launchwrapper-1.12.jar:?]
Caused by: java.lang.NullPointerException
	at net.minecraft.network.play.server.S0FPacketSpawnMob.func_149027_c(SourceFile:114) ~[fn.class:?]
	at net.minecraft.client.network.NetHandlerPlayClient.func_147281_a(NetHandlerPlayClient.java:840) ~[bcy.class:?]
	at net.minecraft.network.play.server.S0FPacketSpawnMob.func_148833_a(SourceFile:109) ~[fn.class:?]
	at net.minecraft.network.play.server.S0FPacketSpawnMob.func_148833_a(SourceFile:15) ~[fn.class:?]
	at net.minecraft.network.PacketThreadUtil$1.run(SourceFile:13) ~[fh$1.class:?]
	at java.util.concurrent.Executors$RunnableAdapter.call(Executors.java:511) ~[?:1.8.0_51]
	at java.util.concurrent.FutureTask.run(FutureTask.java:266) ~[?:1.8.0_51]
	at net.minecraft.util.Util.func_181617_a(SourceFile:44) ~[g.class:?]
	... 9 more
[20:13:36] [Client thread/FATAL]: Error executing task
java.util.concurrent.ExecutionException: java.lang.NullPointerException
	at java.util.concurrent.FutureTask.report(FutureTask.java:122) ~[?:1.8.0_51]
	at java.util.concurrent.FutureTask.get(FutureTask.java:192) ~[?:1.8.0_51]
	at net.minecraft.util.Util.func_181617_a(SourceFile:45) [g.class:?]
	at net.minecraft.client.Minecraft.func_71411_J(Minecraft.java:1014) [ave.class:?]
	at net.minecraft.client.Minecraft.func_99999_d(Minecraft.java:349) [ave.class:?]
	at net.minecraft.client.main.Main.main(SourceFile:124) [Main.class:?]
	at sun.reflect.NativeMethodAccessorImpl.invoke0(Native Method) ~[?:1.8.0_51]
	at sun.reflect.NativeMethodAccessorImpl.invoke(NativeMethodAccessorImpl.java:62) ~[?:1.8.0_51]
	at sun.reflect.DelegatingMethodAccessorImpl.invoke(DelegatingMethodAccessorImpl.java:43) ~[?:1.8.0_51]
	at java.lang.reflect.Method.invoke(Method.java:497) ~[?:1.8.0_51]
	at net.minecraft.launchwrapper.Launch.launch(Launch.java:135) [launchwrapper-1.12.jar:?]
	at net.minecraft.launchwrapper.Launch.main(Launch.java:28) [launchwrapper-1.12.jar:?]
Caused by: java.lang.NullPointerException
	at net.minecraft.network.play.server.S0FPacketSpawnMob.func_149027_c(SourceFile:114) ~[fn.class:?]
	at net.minecraft.client.network.NetHandlerPlayClient.func_147281_a(NetHandlerPlayClient.java:840) ~[bcy.class:?]
	at net.minecraft.network.play.server.S0FPacketSpawnMob.func_148833_a(SourceFile:109) ~[fn.class:?]
	at net.minecraft.network.play.server.S0FPacketSpawnMob.func_148833_a(SourceFile:15) ~[fn.class:?]
	at net.minecraft.network.PacketThreadUtil$1.run(SourceFile:13) ~[fh$1.class:?]
	at java.util.concurrent.Executors$RunnableAdapter.call(Executors.java:511) ~[?:1.8.0_51]
	at java.util.concurrent.FutureTask.run(FutureTask.java:266) ~[?:1.8.0_51]
	at net.minecraft.util.Util.func_181617_a(SourceFile:44) ~[g.class:?]
	... 9 more
[20:13:36] [Client thread/FATAL]: Error executing task
java.util.concurrent.ExecutionException: java.lang.NullPointerException
	at java.util.concurrent.FutureTask.report(FutureTask.java:122) ~[?:1.8.0_51]
	at java.util.concurrent.FutureTask.get(FutureTask.java:192) ~[?:1.8.0_51]
	at net.minecraft.util.Util.func_181617_a(SourceFile:45) [g.class:?]
	at net.minecraft.client.Minecraft.func_71411_J(Minecraft.java:1014) [ave.class:?]
	at net.minecraft.client.Minecraft.func_99999_d(Minecraft.java:349) [ave.class:?]
	at net.minecraft.client.main.Main.main(SourceFile:124) [Main.class:?]
	at sun.reflect.NativeMethodAccessorImpl.invoke0(Native Method) ~[?:1.8.0_51]
	at sun.reflect.NativeMethodAccessorImpl.invoke(NativeMethodAccessorImpl.java:62) ~[?:1.8.0_51]
	at sun.reflect.DelegatingMethodAccessorImpl.invoke(DelegatingMethodAccessorImpl.java:43) ~[?:1.8.0_51]
	at java.lang.reflect.Method.invoke(Method.java:497) ~[?:1.8.0_51]
	at net.minecraft.launchwrapper.Launch.launch(Launch.java:135) [launchwrapper-1.12.jar:?]
	at net.minecraft.launchwrapper.Launch.main(Launch.java:28) [launchwrapper-1.12.jar:?]
Caused by: java.lang.NullPointerException
	at net.minecraft.network.play.server.S0FPacketSpawnMob.func_149027_c(SourceFile:114) ~[fn.class:?]
	at net.minecraft.client.network.NetHandlerPlayClient.func_147281_a(NetHandlerPlayClient.java:840) ~[bcy.class:?]
	at net.minecraft.network.play.server.S0FPacketSpawnMob.func_148833_a(SourceFile:109) ~[fn.class:?]
	at net.minecraft.network.play.server.S0FPacketSpawnMob.func_148833_a(SourceFile:15) ~[fn.class:?]
	at net.minecraft.network.PacketThreadUtil$1.run(SourceFile:13) ~[fh$1.class:?]
	at java.util.concurrent.Executors$RunnableAdapter.call(Executors.java:511) ~[?:1.8.0_51]
	at java.util.concurrent.FutureTask.run(FutureTask.java:266) ~[?:1.8.0_51]
	at net.minecraft.util.Util.func_181617_a(SourceFile:44) ~[g.class:?]
	... 9 more
[20:13:40] [Client thread/FATAL]: Error executing task
java.util.concurrent.ExecutionException: java.lang.NullPointerException
	at java.util.concurrent.FutureTask.report(FutureTask.java:122) ~[?:1.8.0_51]
	at java.util.concurrent.FutureTask.get(FutureTask.java:192) ~[?:1.8.0_51]
	at net.minecraft.util.Util.func_181617_a(SourceFile:45) [g.class:?]
	at net.minecraft.client.Minecraft.func_71411_J(Minecraft.java:1014) [ave.class:?]
	at net.minecraft.client.Minecraft.func_99999_d(Minecraft.java:349) [ave.class:?]
	at net.minecraft.client.main.Main.main(SourceFile:124) [Main.class:?]
	at sun.reflect.NativeMethodAccessorImpl.invoke0(Native Method) ~[?:1.8.0_51]
	at sun.reflect.NativeMethodAccessorImpl.invoke(NativeMethodAccessorImpl.java:62) ~[?:1.8.0_51]
	at sun.reflect.DelegatingMethodAccessorImpl.invoke(DelegatingMethodAccessorImpl.java:43) ~[?:1.8.0_51]
	at java.lang.reflect.Method.invoke(Method.java:497) ~[?:1.8.0_51]
	at net.minecraft.launchwrapper.Launch.launch(Launch.java:135) [launchwrapper-1.12.jar:?]
	at net.minecraft.launchwrapper.Launch.main(Launch.java:28) [launchwrapper-1.12.jar:?]
Caused by: java.lang.NullPointerException
	at net.minecraft.network.play.server.S0FPacketSpawnMob.func_149027_c(SourceFile:114) ~[fn.class:?]
	at net.minecraft.client.network.NetHandlerPlayClient.func_147281_a(NetHandlerPlayClient.java:840) ~[bcy.class:?]
	at net.minecraft.network.play.server.S0FPacketSpawnMob.func_148833_a(SourceFile:109) ~[fn.class:?]
	at net.minecraft.network.play.server.S0FPacketSpawnMob.func_148833_a(SourceFile:15) ~[fn.class:?]
	at net.minecraft.network.PacketThreadUtil$1.run(SourceFile:13) ~[fh$1.class:?]
	at java.util.concurrent.Executors$RunnableAdapter.call(Executors.java:511) ~[?:1.8.0_51]
	at java.util.concurrent.FutureTask.run(FutureTask.java:266) ~[?:1.8.0_51]
	at net.minecraft.util.Util.func_181617_a(SourceFile:44) ~[g.class:?]
	... 9 more
[20:13:41] [Client thread/FATAL]: Error executing task
java.util.concurrent.ExecutionException: java.lang.NullPointerException
	at java.util.concurrent.FutureTask.report(FutureTask.java:122) ~[?:1.8.0_51]
	at java.util.concurrent.FutureTask.get(FutureTask.java:192) ~[?:1.8.0_51]
	at net.minecraft.util.Util.func_181617_a(SourceFile:45) [g.class:?]
	at net.minecraft.client.Minecraft.func_71411_J(Minecraft.java:1014) [ave.class:?]
	at net.minecraft.client.Minecraft.func_99999_d(Minecraft.java:349) [ave.class:?]
	at net.minecraft.client.main.Main.main(SourceFile:124) [Main.class:?]
	at sun.reflect.NativeMethodAccessorImpl.invoke0(Native Method) ~[?:1.8.0_51]
	at sun.reflect.NativeMethodAccessorImpl.invoke(NativeMethodAccessorImpl.java:62) ~[?:1.8.0_51]
	at sun.reflect.DelegatingMethodAccessorImpl.invoke(DelegatingMethodAccessorImpl.java:43) ~[?:1.8.0_51]
	at java.lang.reflect.Method.invoke(Method.java:497) ~[?:1.8.0_51]
	at net.minecraft.launchwrapper.Launch.launch(Launch.java:135) [launchwrapper-1.12.jar:?]
	at net.minecraft.launchwrapper.Launch.main(Launch.java:28) [launchwrapper-1.12.jar:?]
Caused by: java.lang.NullPointerException
	at net.minecraft.network.play.server.S0FPacketSpawnMob.func_149027_c(SourceFile:114) ~[fn.class:?]
	at net.minecraft.client.network.NetHandlerPlayClient.func_147281_a(NetHandlerPlayClient.java:840) ~[bcy.class:?]
	at net.minecraft.network.play.server.S0FPacketSpawnMob.func_148833_a(SourceFile:109) ~[fn.class:?]
	at net.minecraft.network.play.server.S0FPacketSpawnMob.func_148833_a(SourceFile:15) ~[fn.class:?]
	at net.minecraft.network.PacketThreadUtil$1.run(SourceFile:13) ~[fh$1.class:?]
	at java.util.concurrent.Executors$RunnableAdapter.call(Executors.java:511) ~[?:1.8.0_51]
	at java.util.concurrent.FutureTask.run(FutureTask.java:266) ~[?:1.8.0_51]
	at net.minecraft.util.Util.func_181617_a(SourceFile:44) ~[g.class:?]
	... 9 more
[20:14:05] [Client thread/FATAL]: Error executing task
java.util.concurrent.ExecutionException: java.lang.NullPointerException
	at java.util.concurrent.FutureTask.report(FutureTask.java:122) ~[?:1.8.0_51]
	at java.util.concurrent.FutureTask.get(FutureTask.java:192) ~[?:1.8.0_51]
	at net.minecraft.util.Util.func_181617_a(SourceFile:45) [g.class:?]
	at net.minecraft.client.Minecraft.func_71411_J(Minecraft.java:1014) [ave.class:?]
	at net.minecraft.client.Minecraft.func_99999_d(Minecraft.java:349) [ave.class:?]
	at net.minecraft.client.main.Main.main(SourceFile:124) [Main.class:?]
	at sun.reflect.NativeMethodAccessorImpl.invoke0(Native Method) ~[?:1.8.0_51]
	at sun.reflect.NativeMethodAccessorImpl.invoke(NativeMethodAccessorImpl.java:62) ~[?:1.8.0_51]
	at sun.reflect.DelegatingMethodAccessorImpl.invoke(DelegatingMethodAccessorImpl.java:43) ~[?:1.8.0_51]
	at java.lang.reflect.Method.invoke(Method.java:497) ~[?:1.8.0_51]
	at net.minecraft.launchwrapper.Launch.launch(Launch.java:135) [launchwrapper-1.12.jar:?]
	at net.minecraft.launchwrapper.Launch.main(Launch.java:28) [launchwrapper-1.12.jar:?]
Caused by: java.lang.NullPointerException
	at net.minecraft.network.play.server.S0FPacketSpawnMob.func_149027_c(SourceFile:114) ~[fn.class:?]
	at net.minecraft.client.network.NetHandlerPlayClient.func_147281_a(NetHandlerPlayClient.java:840) ~[bcy.class:?]
	at net.minecraft.network.play.server.S0FPacketSpawnMob.func_148833_a(SourceFile:109) ~[fn.class:?]
	at net.minecraft.network.play.server.S0FPacketSpawnMob.func_148833_a(SourceFile:15) ~[fn.class:?]
	at net.minecraft.network.PacketThreadUtil$1.run(SourceFile:13) ~[fh$1.class:?]
	at java.util.concurrent.Executors$RunnableAdapter.call(Executors.java:511) ~[?:1.8.0_51]
	at java.util.concurrent.FutureTask.run(FutureTask.java:266) ~[?:1.8.0_51]
	at net.minecraft.util.Util.func_181617_a(SourceFile:44) ~[g.class:?]
	... 9 more
[20:14:11] [Client thread/FATAL]: Error executing task
java.util.concurrent.ExecutionException: java.lang.NullPointerException
	at java.util.concurrent.FutureTask.report(FutureTask.java:122) ~[?:1.8.0_51]
	at java.util.concurrent.FutureTask.get(FutureTask.java:192) ~[?:1.8.0_51]
	at net.minecraft.util.Util.func_181617_a(SourceFile:45) [g.class:?]
	at net.minecraft.client.Minecraft.func_71411_J(Minecraft.java:1014) [ave.class:?]
	at net.minecraft.client.Minecraft.func_99999_d(Minecraft.java:349) [ave.class:?]
	at net.minecraft.client.main.Main.main(SourceFile:124) [Main.class:?]
	at sun.reflect.NativeMethodAccessorImpl.invoke0(Native Method) ~[?:1.8.0_51]
	at sun.reflect.NativeMethodAccessorImpl.invoke(NativeMethodAccessorImpl.java:62) ~[?:1.8.0_51]
	at sun.reflect.DelegatingMethodAccessorImpl.invoke(DelegatingMethodAccessorImpl.java:43) ~[?:1.8.0_51]
	at java.lang.reflect.Method.invoke(Method.java:497) ~[?:1.8.0_51]
	at net.minecraft.launchwrapper.Launch.launch(Launch.java:135) [launchwrapper-1.12.jar:?]
	at net.minecraft.launchwrapper.Launch.main(Launch.java:28) [launchwrapper-1.12.jar:?]
Caused by: java.lang.NullPointerException
	at net.minecraft.network.play.server.S0FPacketSpawnMob.func_149027_c(SourceFile:114) ~[fn.class:?]
	at net.minecraft.client.network.NetHandlerPlayClient.func_147281_a(NetHandlerPlayClient.java:840) ~[bcy.class:?]
	at net.minecraft.network.play.server.S0FPacketSpawnMob.func_148833_a(SourceFile:109) ~[fn.class:?]
	at net.minecraft.network.play.server.S0FPacketSpawnMob.func_148833_a(SourceFile:15) ~[fn.class:?]
	at net.minecraft.network.PacketThreadUtil$1.run(SourceFile:13) ~[fh$1.class:?]
	at java.util.concurrent.Executors$RunnableAdapter.call(Executors.java:511) ~[?:1.8.0_51]
	at java.util.concurrent.FutureTask.run(FutureTask.java:266) ~[?:1.8.0_51]
	at net.minecraft.util.Util.func_181617_a(SourceFile:44) ~[g.class:?]
	... 9 more
[20:14:12] [Client thread/FATAL]: Error executing task
java.util.concurrent.ExecutionException: java.lang.NullPointerException
	at java.util.concurrent.FutureTask.report(FutureTask.java:122) ~[?:1.8.0_51]
	at java.util.concurrent.FutureTask.get(FutureTask.java:192) ~[?:1.8.0_51]
	at net.minecraft.util.Util.func_181617_a(SourceFile:45) [g.class:?]
	at net.minecraft.client.Minecraft.func_71411_J(Minecraft.java:1014) [ave.class:?]
	at net.minecraft.client.Minecraft.func_99999_d(Minecraft.java:349) [ave.class:?]
	at net.minecraft.client.main.Main.main(SourceFile:124) [Main.class:?]
	at sun.reflect.NativeMethodAccessorImpl.invoke0(Native Method) ~[?:1.8.0_51]
	at sun.reflect.NativeMethodAccessorImpl.invoke(NativeMethodAccessorImpl.java:62) ~[?:1.8.0_51]
	at sun.reflect.DelegatingMethodAccessorImpl.invoke(DelegatingMethodAccessorImpl.java:43) ~[?:1.8.0_51]
	at java.lang.reflect.Method.invoke(Method.java:497) ~[?:1.8.0_51]
	at net.minecraft.launchwrapper.Launch.launch(Launch.java:135) [launchwrapper-1.12.jar:?]
	at net.minecraft.launchwrapper.Launch.main(Launch.java:28) [launchwrapper-1.12.jar:?]
Caused by: java.lang.NullPointerException
	at net.minecraft.network.play.server.S0FPacketSpawnMob.func_149027_c(SourceFile:114) ~[fn.class:?]
	at net.minecraft.client.network.NetHandlerPlayClient.func_147281_a(NetHandlerPlayClient.java:840) ~[bcy.class:?]
	at net.minecraft.network.play.server.S0FPacketSpawnMob.func_148833_a(SourceFile:109) ~[fn.class:?]
	at net.minecraft.network.play.server.S0FPacketSpawnMob.func_148833_a(SourceFile:15) ~[fn.class:?]
	at net.minecraft.network.PacketThreadUtil$1.run(SourceFile:13) ~[fh$1.class:?]
	at java.util.concurrent.Executors$RunnableAdapter.call(Executors.java:511) ~[?:1.8.0_51]
	at java.util.concurrent.FutureTask.run(FutureTask.java:266) ~[?:1.8.0_51]
	at net.minecraft.util.Util.func_181617_a(SourceFile:44) ~[g.class:?]
	... 9 more
[20:14:16] [Client thread/FATAL]: Error executing task
java.util.concurrent.ExecutionException: java.lang.NullPointerException
	at java.util.concurrent.FutureTask.report(FutureTask.java:122) ~[?:1.8.0_51]
	at java.util.concurrent.FutureTask.get(FutureTask.java:192) ~[?:1.8.0_51]
	at net.minecraft.util.Util.func_181617_a(SourceFile:45) [g.class:?]
	at net.minecraft.client.Minecraft.func_71411_J(Minecraft.java:1014) [ave.class:?]
	at net.minecraft.client.Minecraft.func_99999_d(Minecraft.java:349) [ave.class:?]
	at net.minecraft.client.main.Main.main(SourceFile:124) [Main.class:?]
	at sun.reflect.NativeMethodAccessorImpl.invoke0(Native Method) ~[?:1.8.0_51]
	at sun.reflect.NativeMethodAccessorImpl.invoke(NativeMethodAccessorImpl.java:62) ~[?:1.8.0_51]
	at sun.reflect.DelegatingMethodAccessorImpl.invoke(DelegatingMethodAccessorImpl.java:43) ~[?:1.8.0_51]
	at java.lang.reflect.Method.invoke(Method.java:497) ~[?:1.8.0_51]
	at net.minecraft.launchwrapper.Launch.launch(Launch.java:135) [launchwrapper-1.12.jar:?]
	at net.minecraft.launchwrapper.Launch.main(Launch.java:28) [launchwrapper-1.12.jar:?]
Caused by: java.lang.NullPointerException
	at net.minecraft.network.play.server.S0FPacketSpawnMob.func_149027_c(SourceFile:114) ~[fn.class:?]
	at net.minecraft.client.network.NetHandlerPlayClient.func_147281_a(NetHandlerPlayClient.java:840) ~[bcy.class:?]
	at net.minecraft.network.play.server.S0FPacketSpawnMob.func_148833_a(SourceFile:109) ~[fn.class:?]
	at net.minecraft.network.play.server.S0FPacketSpawnMob.func_148833_a(SourceFile:15) ~[fn.class:?]
	at net.minecraft.network.PacketThreadUtil$1.run(SourceFile:13) ~[fh$1.class:?]
	at java.util.concurrent.Executors$RunnableAdapter.call(Executors.java:511) ~[?:1.8.0_51]
	at java.util.concurrent.FutureTask.run(FutureTask.java:266) ~[?:1.8.0_51]
	at net.minecraft.util.Util.func_181617_a(SourceFile:44) ~[g.class:?]
	... 9 more
[20:14:16] [Client thread/FATAL]: Error executing task
java.util.concurrent.ExecutionException: java.lang.NullPointerException
	at java.util.concurrent.FutureTask.report(FutureTask.java:122) ~[?:1.8.0_51]
	at java.util.concurrent.FutureTask.get(FutureTask.java:192) ~[?:1.8.0_51]
	at net.minecraft.util.Util.func_181617_a(SourceFile:45) [g.class:?]
	at net.minecraft.client.Minecraft.func_71411_J(Minecraft.java:1014) [ave.class:?]
	at net.minecraft.client.Minecraft.func_99999_d(Minecraft.java:349) [ave.class:?]
	at net.minecraft.client.main.Main.main(SourceFile:124) [Main.class:?]
	at sun.reflect.NativeMethodAccessorImpl.invoke0(Native Method) ~[?:1.8.0_51]
	at sun.reflect.NativeMethodAccessorImpl.invoke(NativeMethodAccessorImpl.java:62) ~[?:1.8.0_51]
	at sun.reflect.DelegatingMethodAccessorImpl.invoke(DelegatingMethodAccessorImpl.java:43) ~[?:1.8.0_51]
	at java.lang.reflect.Method.invoke(Method.java:497) ~[?:1.8.0_51]
	at net.minecraft.launchwrapper.Launch.launch(Launch.java:135) [launchwrapper-1.12.jar:?]
	at net.minecraft.launchwrapper.Launch.main(Launch.java:28) [launchwrapper-1.12.jar:?]
Caused by: java.lang.NullPointerException
	at net.minecraft.network.play.server.S0FPacketSpawnMob.func_149027_c(SourceFile:114) ~[fn.class:?]
	at net.minecraft.client.network.NetHandlerPlayClient.func_147281_a(NetHandlerPlayClient.java:840) ~[bcy.class:?]
	at net.minecraft.network.play.server.S0FPacketSpawnMob.func_148833_a(SourceFile:109) ~[fn.class:?]
	at net.minecraft.network.play.server.S0FPacketSpawnMob.func_148833_a(SourceFile:15) ~[fn.class:?]
	at net.minecraft.network.PacketThreadUtil$1.run(SourceFile:13) ~[fh$1.class:?]
	at java.util.concurrent.Executors$RunnableAdapter.call(Executors.java:511) ~[?:1.8.0_51]
	at java.util.concurrent.FutureTask.run(FutureTask.java:266) ~[?:1.8.0_51]
	at net.minecraft.util.Util.func_181617_a(SourceFile:44) ~[g.class:?]
	... 9 more
[20:14:44] [Client thread/INFO]: [CHAT] ubiqwity » un gros bisous pour celui qui me met en couple avec renji
[20:15:13] [Client thread/FATAL]: Error executing task
java.util.concurrent.ExecutionException: java.lang.NullPointerException
	at java.util.concurrent.FutureTask.report(FutureTask.java:122) ~[?:1.8.0_51]
	at java.util.concurrent.FutureTask.get(FutureTask.java:192) ~[?:1.8.0_51]
	at net.minecraft.util.Util.func_181617_a(SourceFile:45) [g.class:?]
	at net.minecraft.client.Minecraft.func_71411_J(Minecraft.java:1014) [ave.class:?]
	at net.minecraft.client.Minecraft.func_99999_d(Minecraft.java:349) [ave.class:?]
	at net.minecraft.client.main.Main.main(SourceFile:124) [Main.class:?]
	at sun.reflect.NativeMethodAccessorImpl.invoke0(Native Method) ~[?:1.8.0_51]
	at sun.reflect.NativeMethodAccessorImpl.invoke(NativeMethodAccessorImpl.java:62) ~[?:1.8.0_51]
	at sun.reflect.DelegatingMethodAccessorImpl.invoke(DelegatingMethodAccessorImpl.java:43) ~[?:1.8.0_51]
	at java.lang.reflect.Method.invoke(Method.java:497) ~[?:1.8.0_51]
	at net.minecraft.launchwrapper.Launch.launch(Launch.java:135) [launchwrapper-1.12.jar:?]
	at net.minecraft.launchwrapper.Launch.main(Launch.java:28) [launchwrapper-1.12.jar:?]
Caused by: java.lang.NullPointerException
	at net.minecraft.network.play.server.S0FPacketSpawnMob.func_149027_c(SourceFile:114) ~[fn.class:?]
	at net.minecraft.client.network.NetHandlerPlayClient.func_147281_a(NetHandlerPlayClient.java:840) ~[bcy.class:?]
	at net.minecraft.network.play.server.S0FPacketSpawnMob.func_148833_a(SourceFile:109) ~[fn.class:?]
	at net.minecraft.network.play.server.S0FPacketSpawnMob.func_148833_a(SourceFile:15) ~[fn.class:?]
	at net.minecraft.network.PacketThreadUtil$1.run(SourceFile:13) ~[fh$1.class:?]
	at java.util.concurrent.Executors$RunnableAdapter.call(Executors.java:511) ~[?:1.8.0_51]
	at java.util.concurrent.FutureTask.run(FutureTask.java:266) ~[?:1.8.0_51]
	at net.minecraft.util.Util.func_181617_a(SourceFile:44) ~[g.class:?]
	... 9 more
[20:15:13] [Client thread/FATAL]: Error executing task
java.util.concurrent.ExecutionException: java.lang.NullPointerException
	at java.util.concurrent.FutureTask.report(FutureTask.java:122) ~[?:1.8.0_51]
	at java.util.concurrent.FutureTask.get(FutureTask.java:192) ~[?:1.8.0_51]
	at net.minecraft.util.Util.func_181617_a(SourceFile:45) [g.class:?]
	at net.minecraft.client.Minecraft.func_71411_J(Minecraft.java:1014) [ave.class:?]
	at net.minecraft.client.Minecraft.func_99999_d(Minecraft.java:349) [ave.class:?]
	at net.minecraft.client.main.Main.main(SourceFile:124) [Main.class:?]
	at sun.reflect.NativeMethodAccessorImpl.invoke0(Native Method) ~[?:1.8.0_51]
	at sun.reflect.NativeMethodAccessorImpl.invoke(NativeMethodAccessorImpl.java:62) ~[?:1.8.0_51]
	at sun.reflect.DelegatingMethodAccessorImpl.invoke(DelegatingMethodAccessorImpl.java:43) ~[?:1.8.0_51]
	at java.lang.reflect.Method.invoke(Method.java:497) ~[?:1.8.0_51]
	at net.minecraft.launchwrapper.Launch.launch(Launch.java:135) [launchwrapper-1.12.jar:?]
	at net.minecraft.launchwrapper.Launch.main(Launch.java:28) [launchwrapper-1.12.jar:?]
Caused by: java.lang.NullPointerException
	at net.minecraft.network.play.server.S0FPacketSpawnMob.func_149027_c(SourceFile:114) ~[fn.class:?]
	at net.minecraft.client.network.NetHandlerPlayClient.func_147281_a(NetHandlerPlayClient.java:840) ~[bcy.class:?]
	at net.minecraft.network.play.server.S0FPacketSpawnMob.func_148833_a(SourceFile:109) ~[fn.class:?]
	at net.minecraft.network.play.server.S0FPacketSpawnMob.func_148833_a(SourceFile:15) ~[fn.class:?]
	at net.minecraft.network.PacketThreadUtil$1.run(SourceFile:13) ~[fh$1.class:?]
	at java.util.concurrent.Executors$RunnableAdapter.call(Executors.java:511) ~[?:1.8.0_51]
	at java.util.concurrent.FutureTask.run(FutureTask.java:266) ~[?:1.8.0_51]
	at net.minecraft.util.Util.func_181617_a(SourceFile:44) ~[g.class:?]
	... 9 more
[20:15:21] [Client thread/INFO]: [CHAT] Emerico78 » c'est qui l'host ?
[20:15:27] [Client thread/INFO]: [CHAT] Gakoxx » dova
[20:15:27] [Client thread/INFO]: [CHAT] [»] TiXou_YT (20/25)
[20:15:30] [Client thread/INFO]: [CHAT] ubiqwity » dovakin
[20:15:31] [Client thread/FATAL]: Error executing task
java.util.concurrent.ExecutionException: java.lang.NullPointerException
	at java.util.concurrent.FutureTask.report(FutureTask.java:122) ~[?:1.8.0_51]
	at java.util.concurrent.FutureTask.get(FutureTask.java:192) ~[?:1.8.0_51]
	at net.minecraft.util.Util.func_181617_a(SourceFile:45) [g.class:?]
	at net.minecraft.client.Minecraft.func_71411_J(Minecraft.java:1014) [ave.class:?]
	at net.minecraft.client.Minecraft.func_99999_d(Minecraft.java:349) [ave.class:?]
	at net.minecraft.client.main.Main.main(SourceFile:124) [Main.class:?]
	at sun.reflect.NativeMethodAccessorImpl.invoke0(Native Method) ~[?:1.8.0_51]
	at sun.reflect.NativeMethodAccessorImpl.invoke(NativeMethodAccessorImpl.java:62) ~[?:1.8.0_51]
	at sun.reflect.DelegatingMethodAccessorImpl.invoke(DelegatingMethodAccessorImpl.java:43) ~[?:1.8.0_51]
	at java.lang.reflect.Method.invoke(Method.java:497) ~[?:1.8.0_51]
	at net.minecraft.launchwrapper.Launch.launch(Launch.java:135) [launchwrapper-1.12.jar:?]
	at net.minecraft.launchwrapper.Launch.main(Launch.java:28) [launchwrapper-1.12.jar:?]
Caused by: java.lang.NullPointerException
	at net.minecraft.network.play.server.S0FPacketSpawnMob.func_149027_c(SourceFile:114) ~[fn.class:?]
	at net.minecraft.client.network.NetHandlerPlayClient.func_147281_a(NetHandlerPlayClient.java:840) ~[bcy.class:?]
	at net.minecraft.network.play.server.S0FPacketSpawnMob.func_148833_a(SourceFile:109) ~[fn.class:?]
	at net.minecraft.network.play.server.S0FPacketSpawnMob.func_148833_a(SourceFile:15) ~[fn.class:?]
	at net.minecraft.network.PacketThreadUtil$1.run(SourceFile:13) ~[fh$1.class:?]
	at java.util.concurrent.Executors$RunnableAdapter.call(Executors.java:511) ~[?:1.8.0_51]
	at java.util.concurrent.FutureTask.run(FutureTask.java:266) ~[?:1.8.0_51]
	at net.minecraft.util.Util.func_181617_a(SourceFile:44) ~[g.class:?]
	... 9 more
[20:15:31] [Client thread/FATAL]: Error executing task
java.util.concurrent.ExecutionException: java.lang.NullPointerException
	at java.util.concurrent.FutureTask.report(FutureTask.java:122) ~[?:1.8.0_51]
	at java.util.concurrent.FutureTask.get(FutureTask.java:192) ~[?:1.8.0_51]
	at net.minecraft.util.Util.func_181617_a(SourceFile:45) [g.class:?]
	at net.minecraft.client.Minecraft.func_71411_J(Minecraft.java:1014) [ave.class:?]
	at net.minecraft.client.Minecraft.func_99999_d(Minecraft.java:349) [ave.class:?]
	at net.minecraft.client.main.Main.main(SourceFile:124) [Main.class:?]
	at sun.reflect.NativeMethodAccessorImpl.invoke0(Native Method) ~[?:1.8.0_51]
	at sun.reflect.NativeMethodAccessorImpl.invoke(NativeMethodAccessorImpl.java:62) ~[?:1.8.0_51]
	at sun.reflect.DelegatingMethodAccessorImpl.invoke(DelegatingMethodAccessorImpl.java:43) ~[?:1.8.0_51]
	at java.lang.reflect.Method.invoke(Method.java:497) ~[?:1.8.0_51]
	at net.minecraft.launchwrapper.Launch.launch(Launch.java:135) [launchwrapper-1.12.jar:?]
	at net.minecraft.launchwrapper.Launch.main(Launch.java:28) [launchwrapper-1.12.jar:?]
Caused by: java.lang.NullPointerException
	at net.minecraft.network.play.server.S0FPacketSpawnMob.func_149027_c(SourceFile:114) ~[fn.class:?]
	at net.minecraft.client.network.NetHandlerPlayClient.func_147281_a(NetHandlerPlayClient.java:840) ~[bcy.class:?]
	at net.minecraft.network.play.server.S0FPacketSpawnMob.func_148833_a(SourceFile:109) ~[fn.class:?]
	at net.minecraft.network.play.server.S0FPacketSpawnMob.func_148833_a(SourceFile:15) ~[fn.class:?]
	at net.minecraft.network.PacketThreadUtil$1.run(SourceFile:13) ~[fh$1.class:?]
	at java.util.concurrent.Executors$RunnableAdapter.call(Executors.java:511) ~[?:1.8.0_51]
	at java.util.concurrent.FutureTask.run(FutureTask.java:266) ~[?:1.8.0_51]
	at net.minecraft.util.Util.func_181617_a(SourceFile:44) ~[g.class:?]
	... 9 more
[20:15:42] [Client thread/INFO]: [CHAT] Emerico78 » dovakin sceau de lave c autorise ou pas ?
[20:15:46] [Client thread/INFO]: [CHAT] ubiqwity » nn
[20:15:47] [Client thread/INFO]: [CHAT] Gakoxx » nn
[20:15:48] [Client thread/INFO]: [CHAT] Cubi_14 » nn
[20:15:52] [Client thread/INFO]: [CHAT] GabFromQuebec » jamais auto en lg
[20:15:54] [Client thread/INFO]: [CHAT] Emerico78 » merci
[20:15:54] [Client thread/INFO]: [CHAT] ubiqwity » ni rod btw
[20:16:03] [Client thread/INFO]: [CHAT] Cubi_14 » ni pearl
[20:16:15] [Client thread/INFO]: [CHAT] [»] _Shunko_ (21/25)
[20:16:16] [Client thread/FATAL]: Error executing task
java.util.concurrent.ExecutionException: java.lang.NullPointerException
	at java.util.concurrent.FutureTask.report(FutureTask.java:122) ~[?:1.8.0_51]
	at java.util.concurrent.FutureTask.get(FutureTask.java:192) ~[?:1.8.0_51]
	at net.minecraft.util.Util.func_181617_a(SourceFile:45) [g.class:?]
	at net.minecraft.client.Minecraft.func_71411_J(Minecraft.java:1014) [ave.class:?]
	at net.minecraft.client.Minecraft.func_99999_d(Minecraft.java:349) [ave.class:?]
	at net.minecraft.client.main.Main.main(SourceFile:124) [Main.class:?]
	at sun.reflect.NativeMethodAccessorImpl.invoke0(Native Method) ~[?:1.8.0_51]
	at sun.reflect.NativeMethodAccessorImpl.invoke(NativeMethodAccessorImpl.java:62) ~[?:1.8.0_51]
	at sun.reflect.DelegatingMethodAccessorImpl.invoke(DelegatingMethodAccessorImpl.java:43) ~[?:1.8.0_51]
	at java.lang.reflect.Method.invoke(Method.java:497) ~[?:1.8.0_51]
	at net.minecraft.launchwrapper.Launch.launch(Launch.java:135) [launchwrapper-1.12.jar:?]
	at net.minecraft.launchwrapper.Launch.main(Launch.java:28) [launchwrapper-1.12.jar:?]
Caused by: java.lang.NullPointerException
	at net.minecraft.network.play.server.S0FPacketSpawnMob.func_149027_c(SourceFile:114) ~[fn.class:?]
	at net.minecraft.client.network.NetHandlerPlayClient.func_147281_a(NetHandlerPlayClient.java:840) ~[bcy.class:?]
	at net.minecraft.network.play.server.S0FPacketSpawnMob.func_148833_a(SourceFile:109) ~[fn.class:?]
	at net.minecraft.network.play.server.S0FPacketSpawnMob.func_148833_a(SourceFile:15) ~[fn.class:?]
	at net.minecraft.network.PacketThreadUtil$1.run(SourceFile:13) ~[fh$1.class:?]
	at java.util.concurrent.Executors$RunnableAdapter.call(Executors.java:511) ~[?:1.8.0_51]
	at java.util.concurrent.FutureTask.run(FutureTask.java:266) ~[?:1.8.0_51]
	at net.minecraft.util.Util.func_181617_a(SourceFile:44) ~[g.class:?]
	... 9 more
[20:16:18] [Client thread/INFO]: [CHAT] [«] _Shunko_ (20/25)
[20:16:18] [Client thread/FATAL]: Error executing task
java.util.concurrent.ExecutionException: java.lang.NullPointerException
	at java.util.concurrent.FutureTask.report(FutureTask.java:122) ~[?:1.8.0_51]
	at java.util.concurrent.FutureTask.get(FutureTask.java:192) ~[?:1.8.0_51]
	at net.minecraft.util.Util.func_181617_a(SourceFile:45) [g.class:?]
	at net.minecraft.client.Minecraft.func_71411_J(Minecraft.java:1014) [ave.class:?]
	at net.minecraft.client.Minecraft.func_99999_d(Minecraft.java:349) [ave.class:?]
	at net.minecraft.client.main.Main.main(SourceFile:124) [Main.class:?]
	at sun.reflect.NativeMethodAccessorImpl.invoke0(Native Method) ~[?:1.8.0_51]
	at sun.reflect.NativeMethodAccessorImpl.invoke(NativeMethodAccessorImpl.java:62) ~[?:1.8.0_51]
	at sun.reflect.DelegatingMethodAccessorImpl.invoke(DelegatingMethodAccessorImpl.java:43) ~[?:1.8.0_51]
	at java.lang.reflect.Method.invoke(Method.java:497) ~[?:1.8.0_51]
	at net.minecraft.launchwrapper.Launch.launch(Launch.java:135) [launchwrapper-1.12.jar:?]
	at net.minecraft.launchwrapper.Launch.main(Launch.java:28) [launchwrapper-1.12.jar:?]
Caused by: java.lang.NullPointerException
	at net.minecraft.network.play.server.S0FPacketSpawnMob.func_149027_c(SourceFile:114) ~[fn.class:?]
	at net.minecraft.client.network.NetHandlerPlayClient.func_147281_a(NetHandlerPlayClient.java:840) ~[bcy.class:?]
	at net.minecraft.network.play.server.S0FPacketSpawnMob.func_148833_a(SourceFile:109) ~[fn.class:?]
	at net.minecraft.network.play.server.S0FPacketSpawnMob.func_148833_a(SourceFile:15) ~[fn.class:?]
	at net.minecraft.network.PacketThreadUtil$1.run(SourceFile:13) ~[fh$1.class:?]
	at java.util.concurrent.Executors$RunnableAdapter.call(Executors.java:511) ~[?:1.8.0_51]
	at java.util.concurrent.FutureTask.run(FutureTask.java:266) ~[?:1.8.0_51]
	at net.minecraft.util.Util.func_181617_a(SourceFile:44) ~[g.class:?]
	... 9 more
[20:16:18] [Client thread/FATAL]: Error executing task
java.util.concurrent.ExecutionException: java.lang.NullPointerException
	at java.util.concurrent.FutureTask.report(FutureTask.java:122) ~[?:1.8.0_51]
	at java.util.concurrent.FutureTask.get(FutureTask.java:192) ~[?:1.8.0_51]
	at net.minecraft.util.Util.func_181617_a(SourceFile:45) [g.class:?]
	at net.minecraft.client.Minecraft.func_71411_J(Minecraft.java:1014) [ave.class:?]
	at net.minecraft.client.Minecraft.func_99999_d(Minecraft.java:349) [ave.class:?]
	at net.minecraft.client.main.Main.main(SourceFile:124) [Main.class:?]
	at sun.reflect.NativeMethodAccessorImpl.invoke0(Native Method) ~[?:1.8.0_51]
	at sun.reflect.NativeMethodAccessorImpl.invoke(NativeMethodAccessorImpl.java:62) ~[?:1.8.0_51]
	at sun.reflect.DelegatingMethodAccessorImpl.invoke(DelegatingMethodAccessorImpl.java:43) ~[?:1.8.0_51]
	at java.lang.reflect.Method.invoke(Method.java:497) ~[?:1.8.0_51]
	at net.minecraft.launchwrapper.Launch.launch(Launch.java:135) [launchwrapper-1.12.jar:?]
	at net.minecraft.launchwrapper.Launch.main(Launch.java:28) [launchwrapper-1.12.jar:?]
Caused by: java.lang.NullPointerException
	at net.minecraft.network.play.server.S0FPacketSpawnMob.func_149027_c(SourceFile:114) ~[fn.class:?]
	at net.minecraft.client.network.NetHandlerPlayClient.func_147281_a(NetHandlerPlayClient.java:840) ~[bcy.class:?]
	at net.minecraft.network.play.server.S0FPacketSpawnMob.func_148833_a(SourceFile:109) ~[fn.class:?]
	at net.minecraft.network.play.server.S0FPacketSpawnMob.func_148833_a(SourceFile:15) ~[fn.class:?]
	at net.minecraft.network.PacketThreadUtil$1.run(SourceFile:13) ~[fh$1.class:?]
	at java.util.concurrent.Executors$RunnableAdapter.call(Executors.java:511) ~[?:1.8.0_51]
	at java.util.concurrent.FutureTask.run(FutureTask.java:266) ~[?:1.8.0_51]
	at net.minecraft.util.Util.func_181617_a(SourceFile:44) ~[g.class:?]
	... 9 more
[20:16:19] [Client thread/INFO]: [CHAT] DoVaKiN_Adel ? » Emerico78 je vais être honnete tu vas sortir de la game
[20:16:19] [Client thread/FATAL]: Error executing task
java.util.concurrent.ExecutionException: java.lang.NullPointerException
	at java.util.concurrent.FutureTask.report(FutureTask.java:122) ~[?:1.8.0_51]
	at java.util.concurrent.FutureTask.get(FutureTask.java:192) ~[?:1.8.0_51]
	at net.minecraft.util.Util.func_181617_a(SourceFile:45) [g.class:?]
	at net.minecraft.client.Minecraft.func_71411_J(Minecraft.java:1014) [ave.class:?]
	at net.minecraft.client.Minecraft.func_99999_d(Minecraft.java:349) [ave.class:?]
	at net.minecraft.client.main.Main.main(SourceFile:124) [Main.class:?]
	at sun.reflect.NativeMethodAccessorImpl.invoke0(Native Method) ~[?:1.8.0_51]
	at sun.reflect.NativeMethodAccessorImpl.invoke(NativeMethodAccessorImpl.java:62) ~[?:1.8.0_51]
	at sun.reflect.DelegatingMethodAccessorImpl.invoke(DelegatingMethodAccessorImpl.java:43) ~[?:1.8.0_51]
	at java.lang.reflect.Method.invoke(Method.java:497) ~[?:1.8.0_51]
	at net.minecraft.launchwrapper.Launch.launch(Launch.java:135) [launchwrapper-1.12.jar:?]
	at net.minecraft.launchwrapper.Launch.main(Launch.java:28) [launchwrapper-1.12.jar:?]
Caused by: java.lang.NullPointerException
	at net.minecraft.network.play.server.S0FPacketSpawnMob.func_149027_c(SourceFile:114) ~[fn.class:?]
	at net.minecraft.client.network.NetHandlerPlayClient.func_147281_a(NetHandlerPlayClient.java:840) ~[bcy.class:?]
	at net.minecraft.network.play.server.S0FPacketSpawnMob.func_148833_a(SourceFile:109) ~[fn.class:?]
	at net.minecraft.network.play.server.S0FPacketSpawnMob.func_148833_a(SourceFile:15) ~[fn.class:?]
	at net.minecraft.network.PacketThreadUtil$1.run(SourceFile:13) ~[fh$1.class:?]
	at java.util.concurrent.Executors$RunnableAdapter.call(Executors.java:511) ~[?:1.8.0_51]
	at java.util.concurrent.FutureTask.run(FutureTask.java:266) ~[?:1.8.0_51]
	at net.minecraft.util.Util.func_181617_a(SourceFile:44) ~[g.class:?]
	... 9 more
[20:16:28] [Client thread/INFO]: [CHAT] DoVaKiN_Adel ? » si t'as pas lu les regles c'est mort
[20:16:28] [Client thread/INFO]: [CHAT] [»] _fenix_yte (21/25)
[20:16:37] [Client thread/INFO]: [CHAT] [«] Emerico78 (20/25)
[20:16:38] [Client thread/FATAL]: Error executing task
java.util.concurrent.ExecutionException: java.lang.NullPointerException
	at java.util.concurrent.FutureTask.report(FutureTask.java:122) ~[?:1.8.0_51]
	at java.util.concurrent.FutureTask.get(FutureTask.java:192) ~[?:1.8.0_51]
	at net.minecraft.util.Util.func_181617_a(SourceFile:45) [g.class:?]
	at net.minecraft.client.Minecraft.func_71411_J(Minecraft.java:1014) [ave.class:?]
	at net.minecraft.client.Minecraft.func_99999_d(Minecraft.java:349) [ave.class:?]
	at net.minecraft.client.main.Main.main(SourceFile:124) [Main.class:?]
	at sun.reflect.NativeMethodAccessorImpl.invoke0(Native Method) ~[?:1.8.0_51]
	at sun.reflect.NativeMethodAccessorImpl.invoke(NativeMethodAccessorImpl.java:62) ~[?:1.8.0_51]
	at sun.reflect.DelegatingMethodAccessorImpl.invoke(DelegatingMethodAccessorImpl.java:43) ~[?:1.8.0_51]
	at java.lang.reflect.Method.invoke(Method.java:497) ~[?:1.8.0_51]
	at net.minecraft.launchwrapper.Launch.launch(Launch.java:135) [launchwrapper-1.12.jar:?]
	at net.minecraft.launchwrapper.Launch.main(Launch.java:28) [launchwrapper-1.12.jar:?]
Caused by: java.lang.NullPointerException
	at net.minecraft.network.play.server.S0FPacketSpawnMob.func_149027_c(SourceFile:114) ~[fn.class:?]
	at net.minecraft.client.network.NetHandlerPlayClient.func_147281_a(NetHandlerPlayClient.java:840) ~[bcy.class:?]
	at net.minecraft.network.play.server.S0FPacketSpawnMob.func_148833_a(SourceFile:109) ~[fn.class:?]
	at net.minecraft.network.play.server.S0FPacketSpawnMob.func_148833_a(SourceFile:15) ~[fn.class:?]
	at net.minecraft.network.PacketThreadUtil$1.run(SourceFile:13) ~[fh$1.class:?]
	at java.util.concurrent.Executors$RunnableAdapter.call(Executors.java:511) ~[?:1.8.0_51]
	at java.util.concurrent.FutureTask.run(FutureTask.java:266) ~[?:1.8.0_51]
	at net.minecraft.util.Util.func_181617_a(SourceFile:44) ~[g.class:?]
	... 9 more
[20:16:39] [Client thread/FATAL]: Error executing task
java.util.concurrent.ExecutionException: java.lang.NullPointerException
	at java.util.concurrent.FutureTask.report(FutureTask.java:122) ~[?:1.8.0_51]
	at java.util.concurrent.FutureTask.get(FutureTask.java:192) ~[?:1.8.0_51]
	at net.minecraft.util.Util.func_181617_a(SourceFile:45) [g.class:?]
	at net.minecraft.client.Minecraft.func_71411_J(Minecraft.java:1014) [ave.class:?]
	at net.minecraft.client.Minecraft.func_99999_d(Minecraft.java:349) [ave.class:?]
	at net.minecraft.client.main.Main.main(SourceFile:124) [Main.class:?]
	at sun.reflect.NativeMethodAccessorImpl.invoke0(Native Method) ~[?:1.8.0_51]
	at sun.reflect.NativeMethodAccessorImpl.invoke(NativeMethodAccessorImpl.java:62) ~[?:1.8.0_51]
	at sun.reflect.DelegatingMethodAccessorImpl.invoke(DelegatingMethodAccessorImpl.java:43) ~[?:1.8.0_51]
	at java.lang.reflect.Method.invoke(Method.java:497) ~[?:1.8.0_51]
	at net.minecraft.launchwrapper.Launch.launch(Launch.java:135) [launchwrapper-1.12.jar:?]
	at net.minecraft.launchwrapper.Launch.main(Launch.java:28) [launchwrapper-1.12.jar:?]
Caused by: java.lang.NullPointerException
	at net.minecraft.network.play.server.S0FPacketSpawnMob.func_149027_c(SourceFile:114) ~[fn.class:?]
	at net.minecraft.client.network.NetHandlerPlayClient.func_147281_a(NetHandlerPlayClient.java:840) ~[bcy.class:?]
	at net.minecraft.network.play.server.S0FPacketSpawnMob.func_148833_a(SourceFile:109) ~[fn.class:?]
	at net.minecraft.network.play.server.S0FPacketSpawnMob.func_148833_a(SourceFile:15) ~[fn.class:?]
	at net.minecraft.network.PacketThreadUtil$1.run(SourceFile:13) ~[fh$1.class:?]
	at java.util.concurrent.Executors$RunnableAdapter.call(Executors.java:511) ~[?:1.8.0_51]
	at java.util.concurrent.FutureTask.run(FutureTask.java:266) ~[?:1.8.0_51]
	at net.minecraft.util.Util.func_181617_a(SourceFile:44) ~[g.class:?]
	... 9 more
[20:16:41] [Client thread/INFO]: [CHAT] [»] kaitoxxxx (21/25)
[20:16:57] [Client thread/INFO]: [CHAT] [«] kaitoxxxx (20/25)
[20:17:03] [Client thread/FATAL]: Error executing task
java.util.concurrent.ExecutionException: java.lang.NullPointerException
	at java.util.concurrent.FutureTask.report(FutureTask.java:122) ~[?:1.8.0_51]
	at java.util.concurrent.FutureTask.get(FutureTask.java:192) ~[?:1.8.0_51]
	at net.minecraft.util.Util.func_181617_a(SourceFile:45) [g.class:?]
	at net.minecraft.client.Minecraft.func_71411_J(Minecraft.java:1014) [ave.class:?]
	at net.minecraft.client.Minecraft.func_99999_d(Minecraft.java:349) [ave.class:?]
	at net.minecraft.client.main.Main.main(SourceFile:124) [Main.class:?]
	at sun.reflect.NativeMethodAccessorImpl.invoke0(Native Method) ~[?:1.8.0_51]
	at sun.reflect.NativeMethodAccessorImpl.invoke(NativeMethodAccessorImpl.java:62) ~[?:1.8.0_51]
	at sun.reflect.DelegatingMethodAccessorImpl.invoke(DelegatingMethodAccessorImpl.java:43) ~[?:1.8.0_51]
	at java.lang.reflect.Method.invoke(Method.java:497) ~[?:1.8.0_51]
	at net.minecraft.launchwrapper.Launch.launch(Launch.java:135) [launchwrapper-1.12.jar:?]
	at net.minecraft.launchwrapper.Launch.main(Launch.java:28) [launchwrapper-1.12.jar:?]
Caused by: java.lang.NullPointerException
	at net.minecraft.network.play.server.S0FPacketSpawnMob.func_149027_c(SourceFile:114) ~[fn.class:?]
	at net.minecraft.client.network.NetHandlerPlayClient.func_147281_a(NetHandlerPlayClient.java:840) ~[bcy.class:?]
	at net.minecraft.network.play.server.S0FPacketSpawnMob.func_148833_a(SourceFile:109) ~[fn.class:?]
	at net.minecraft.network.play.server.S0FPacketSpawnMob.func_148833_a(SourceFile:15) ~[fn.class:?]
	at net.minecraft.network.PacketThreadUtil$1.run(SourceFile:13) ~[fh$1.class:?]
	at java.util.concurrent.Executors$RunnableAdapter.call(Executors.java:511) ~[?:1.8.0_51]
	at java.util.concurrent.FutureTask.run(FutureTask.java:266) ~[?:1.8.0_51]
	at net.minecraft.util.Util.func_181617_a(SourceFile:44) ~[g.class:?]
	... 9 more
[20:17:09] [Client thread/FATAL]: Error executing task
java.util.concurrent.ExecutionException: java.lang.NullPointerException
	at java.util.concurrent.FutureTask.report(FutureTask.java:122) ~[?:1.8.0_51]
	at java.util.concurrent.FutureTask.get(FutureTask.java:192) ~[?:1.8.0_51]
	at net.minecraft.util.Util.func_181617_a(SourceFile:45) [g.class:?]
	at net.minecraft.client.Minecraft.func_71411_J(Minecraft.java:1014) [ave.class:?]
	at net.minecraft.client.Minecraft.func_99999_d(Minecraft.java:349) [ave.class:?]
	at net.minecraft.client.main.Main.main(SourceFile:124) [Main.class:?]
	at sun.reflect.NativeMethodAccessorImpl.invoke0(Native Method) ~[?:1.8.0_51]
	at sun.reflect.NativeMethodAccessorImpl.invoke(NativeMethodAccessorImpl.java:62) ~[?:1.8.0_51]
	at sun.reflect.DelegatingMethodAccessorImpl.invoke(DelegatingMethodAccessorImpl.java:43) ~[?:1.8.0_51]
	at java.lang.reflect.Method.invoke(Method.java:497) ~[?:1.8.0_51]
	at net.minecraft.launchwrapper.Launch.launch(Launch.java:135) [launchwrapper-1.12.jar:?]
	at net.minecraft.launchwrapper.Launch.main(Launch.java:28) [launchwrapper-1.12.jar:?]
Caused by: java.lang.NullPointerException
	at net.minecraft.network.play.server.S0FPacketSpawnMob.func_149027_c(SourceFile:114) ~[fn.class:?]
	at net.minecraft.client.network.NetHandlerPlayClient.func_147281_a(NetHandlerPlayClient.java:840) ~[bcy.class:?]
	at net.minecraft.network.play.server.S0FPacketSpawnMob.func_148833_a(SourceFile:109) ~[fn.class:?]
	at net.minecraft.network.play.server.S0FPacketSpawnMob.func_148833_a(SourceFile:15) ~[fn.class:?]
	at net.minecraft.network.PacketThreadUtil$1.run(SourceFile:13) ~[fh$1.class:?]
	at java.util.concurrent.Executors$RunnableAdapter.call(Executors.java:511) ~[?:1.8.0_51]
	at java.util.concurrent.FutureTask.run(FutureTask.java:266) ~[?:1.8.0_51]
	at net.minecraft.util.Util.func_181617_a(SourceFile:44) ~[g.class:?]
	... 9 more
[20:17:09] [Client thread/FATAL]: Error executing task
java.util.concurrent.ExecutionException: java.lang.NullPointerException
	at java.util.concurrent.FutureTask.report(FutureTask.java:122) ~[?:1.8.0_51]
	at java.util.concurrent.FutureTask.get(FutureTask.java:192) ~[?:1.8.0_51]
	at net.minecraft.util.Util.func_181617_a(SourceFile:45) [g.class:?]
	at net.minecraft.client.Minecraft.func_71411_J(Minecraft.java:1014) [ave.class:?]
	at net.minecraft.client.Minecraft.func_99999_d(Minecraft.java:349) [ave.class:?]
	at net.minecraft.client.main.Main.main(SourceFile:124) [Main.class:?]
	at sun.reflect.NativeMethodAccessorImpl.invoke0(Native Method) ~[?:1.8.0_51]
	at sun.reflect.NativeMethodAccessorImpl.invoke(NativeMethodAccessorImpl.java:62) ~[?:1.8.0_51]
	at sun.reflect.DelegatingMethodAccessorImpl.invoke(DelegatingMethodAccessorImpl.java:43) ~[?:1.8.0_51]
	at java.lang.reflect.Method.invoke(Method.java:497) ~[?:1.8.0_51]
	at net.minecraft.launchwrapper.Launch.launch(Launch.java:135) [launchwrapper-1.12.jar:?]
	at net.minecraft.launchwrapper.Launch.main(Launch.java:28) [launchwrapper-1.12.jar:?]
Caused by: java.lang.NullPointerException
	at net.minecraft.network.play.server.S0FPacketSpawnMob.func_149027_c(SourceFile:114) ~[fn.class:?]
	at net.minecraft.client.network.NetHandlerPlayClient.func_147281_a(NetHandlerPlayClient.java:840) ~[bcy.class:?]
	at net.minecraft.network.play.server.S0FPacketSpawnMob.func_148833_a(SourceFile:109) ~[fn.class:?]
	at net.minecraft.network.play.server.S0FPacketSpawnMob.func_148833_a(SourceFile:15) ~[fn.class:?]
	at net.minecraft.network.PacketThreadUtil$1.run(SourceFile:13) ~[fh$1.class:?]
	at java.util.concurrent.Executors$RunnableAdapter.call(Executors.java:511) ~[?:1.8.0_51]
	at java.util.concurrent.FutureTask.run(FutureTask.java:266) ~[?:1.8.0_51]
	at net.minecraft.util.Util.func_181617_a(SourceFile:44) ~[g.class:?]
	... 9 more
[20:17:11] [Client thread/INFO]: [CHAT] [«] garara79 (19/25)
[20:17:12] [Client thread/INFO]: [CHAT] [»] le_dragon_demon (20/25)
[20:17:16] [Client thread/INFO]: [CHAT] [»] garara79 (21/25)
[20:17:36] [Client thread/INFO]: [CHAT] [»] Molifo (22/25)
[20:17:48] [Client thread/INFO]: [CHAT] [»] Elvirooo (23/25)
[20:18:32] [Client thread/INFO]: [CHAT] [«] Elvirooo (22/25)
[20:18:53] [Client thread/INFO]: [CHAT] [»] Txso_ (23/25)
[20:18:56] [Client thread/INFO]: [CHAT] [»] ssplouch08 (24/25)
[20:19:07] [Client thread/INFO]: [CHAT] [»] LMT_Primal24 (25/25)
[20:19:22] [Client thread/INFO]: [CHAT] DoVaKiN_Adel ? » tout le monde ready ?
[20:19:24] [Client thread/INFO]: [CHAT] ubiqwity » y
[20:19:26] [Client thread/INFO]: [CHAT] Gakoxx » yep
[20:19:27] [Client thread/INFO]: [CHAT] Molifo » OUIIIIIIIII!!!!!!
[20:19:28] [Client thread/INFO]: [CHAT] _fenix_yte » ouiiiiiiiiii
[20:19:28] [Client thread/INFO]: [CHAT] LMT_Primal24 » R
[20:19:28] [Client thread/INFO]: [CHAT] MDF_LaRKiN » y
[20:19:28] [Client thread/INFO]: [CHAT] TiXou_YT » yes
[20:19:29] [Client thread/INFO]: [CHAT] Vei_1 » oe
[20:19:29] [Client thread/INFO]: [CHAT] TPGLETPG » oe
[20:19:40] [Client thread/INFO]: [CHAT] ssplouch08 » oe
[20:19:45] [Client thread/INFO]: [CHAT] 
[20:19:45] [Client thread/INFO]: [CHAT]  HOST DoVaKiN_Adel » si quitte pendant start ou en game c'est bl et report
[20:19:45] [Client thread/INFO]: [CHAT]  
[20:19:52] [Client thread/INFO]: [CHAT] 
[20:19:52] [Client thread/INFO]: [CHAT]  HOST DoVaKiN_Adel » bonne game
[20:19:52] [Client thread/INFO]: [CHAT]  
[20:19:54] [Client thread/INFO]: [CHAT] Gakoxx » mince
[20:19:54] [Client thread/INFO]: [CHAT] ssplouch08 » tkt mon gars
[20:19:58] [Client thread/INFO]: [CHAT] Gakoxx » dommage
[20:19:59] [Client thread/INFO]: [CHAT] [?] Vous avez été déplacé vers le canal Game sur Mumble.
[20:20:01] [Client thread/INFO]: [CHAT] Gakoxx » gl
[20:20:02] [Client thread/INFO]: [CHAT] Vei_1 » GL
[20:20:03] [Client thread/INFO]: [CHAT] Grub_le_Grand » gl
[20:20:09] [Client thread/INFO]: [CHAT] GabFromQuebec » gl
[20:20:12] [Client thread/INFO]: [CHAT] renji59fr » gl
[20:20:13] [Chunk Batcher 1/WARN]: Needed to grow BufferBuilder buffer: Old size 524288 bytes, new size 2621440 bytes.
[20:20:13] [Client thread/WARN]: Needed to grow BufferBuilder buffer: Old size 524288 bytes, new size 2621440 bytes.
[20:20:15] [Client thread/INFO]: [CHAT] [UHC] Bienvenue dans cette partie de LG UHC S10.5  
[20:20:15] [Client thread/INFO]: [CHAT] [UHC] Bonne chance à tout le monde !
[20:20:15] [Client thread/INFO]: [CHAT] [UHC] Scénarios : CutClean, HasteyBoys, OreMagnet, SafeMiners, TimberPVP, AutoBreak, Loup-Garou UHC
[20:20:15] [Client thread/INFO]: [CHAT] [«] _fenix_yte
[20:20:16] [Client thread/INFO]: [CHAT]  Faites /rules pour avoir toutes les informations.
[20:20:16] [Client thread/INFO]: [CHAT]  S'il y a une question, vous pouvez faire /helpop !
[20:20:17] [Client thread/INFO]: [CHAT] [UHC] Bonne chance à tous !
[20:20:40] [Chunk Batcher 0/WARN]: Needed to grow BufferBuilder buffer: Old size 524288 bytes, new size 2621440 bytes.
[20:20:56] [Chunk Batcher 0/WARN]: Needed to grow BufferBuilder buffer: Old size 524288 bytes, new size 2621440 bytes.
[20:20:58] [Chunk Batcher 0/WARN]: Needed to grow BufferBuilder buffer: Old size 524288 bytes, new size 2621440 bytes.
[20:21:13] [Client thread/INFO]: [CHAT] [UHC] Fin de l'invincibilité !
[20:21:14] [Client thread/INFO]: [CHAT] 
[20:21:14] [Client thread/INFO]: [CHAT]  HOST DoVaKiN_Adel » je precise au cas Kill maison off et enfin Dig Down Off
[20:21:14] [Client thread/INFO]: [CHAT]  
[20:21:36] [Client thread/INFO]: [CHAT] 
[20:21:36] [Client thread/INFO]: [CHAT]  HOST DoVaKiN_Adel » si un mec dig down helpop moi
[20:21:36] [Client thread/INFO]: [CHAT]  
[20:28:48] [Client thread/INFO]: [CHAT] [«] Mesrineee
[20:29:44] [Client thread/INFO]: [CHAT] [UHC] FinalHeal dans 30 secondes.
[20:30:14] [Client thread/INFO]: [CHAT] [UHC] FinalHeal effectué, tous les joueurs ont été soignés !
[20:35:08] [Chunk Batcher 1/WARN]: Needed to grow BufferBuilder buffer: Old size 524288 bytes, new size 2621440 bytes.
[20:37:01] [Client thread/WARN]: Unable to play unknown soundEvent: minecraft:step.anvil
[20:37:01] [Client thread/WARN]: Unable to play unknown soundEvent: minecraft:step.anvil
[20:37:01] [Client thread/WARN]: Unable to play unknown soundEvent: minecraft:step.anvil
[20:38:40] [Client thread/WARN]: Unable to play unknown soundEvent: minecraft:step.anvil
[20:38:40] [Client thread/WARN]: Unable to play unknown soundEvent: minecraft:step.anvil
[20:38:40] [Client thread/WARN]: Unable to play unknown soundEvent: minecraft:step.anvil
[20:39:14] [Client thread/INFO]: [CHAT] [UHC] FinalHeal dans 30 secondes.
[20:39:44] [Client thread/INFO]: [CHAT] [UHC] FinalHeal effectué, tous les joueurs ont été soignés !
[20:40:03] [Client thread/WARN]: Unable to play unknown soundEvent: minecraft:step.anvil
[20:40:04] [Client thread/WARN]: Unable to play unknown soundEvent: minecraft:step.anvil
[20:40:04] [Client thread/WARN]: Unable to play unknown soundEvent: minecraft:step.anvil
[20:40:14] [Client thread/INFO]: [CHAT] [LG UHC] Attribution des rôles...
[20:40:15] [Client thread/INFO]: [CHAT] 
[20:40:15] [Client thread/INFO]: [CHAT]  ---- Début de l'épisode 2 ----
[20:40:15] [Client thread/INFO]: [CHAT]  
[20:40:15] [Client thread/INFO]: [CHAT] ---------- ?  Rôle ? ---------- 
[20:40:15] [Client thread/INFO]: [CHAT]  
[20:40:15] [Client thread/INFO]: [CHAT]  • Vous êtes Voyante
[20:40:15] [Client thread/INFO]: [CHAT]  • Objectif : Vous devez gagner avec le Village.
[20:40:15] [Client thread/INFO]: [CHAT]  • Aura : Lumineuse
[20:40:15] [Client thread/INFO]: [CHAT]  
[20:40:15] [Client thread/INFO]: [CHAT]  Vous disposez de 4 blocs d'obsidienne ainsi que de 4 bibliothèques.
[20:40:15] [Client thread/INFO]: [CHAT]  
[20:40:15] [Client thread/INFO]: [CHAT]  Vous pouvez, une fois par épisode, espionner un joueur avec la commande /lg voir [Pseudo]. Vous obtiendrez alors 2 rôles parmi lesquels figure le rôle du joueur espionné. L'un des rôles est forcément villageois.
[20:40:15] [Client thread/INFO]: [CHAT]  
[20:40:16] [Client thread/INFO]: [CHAT] 
[20:40:16] [Client thread/INFO]: [CHAT]  HOST DoVaKiN_Adel » bl Mesrinee et _fenix_yte pls
[20:40:16] [Client thread/INFO]: [CHAT]  
[20:41:00] [Client thread/INFO]: [CHAT] [LG UHC] Vous espionnez le rôle de GabFromQuebec qui figure parmi les suivants :  Montreur d'Ours et Idiot du Village.
[20:41:00] [Client thread/WARN]: Unable to play unknown soundEvent: minecraft:mob.enderman.idle
[20:42:44] [Client thread/INFO]: [CHAT] [«] LMT_Primal24
[20:42:47] [Client thread/WARN]: Unable to play unknown soundEvent: minecraft:step.anvil
[20:42:47] [Client thread/WARN]: Unable to play unknown soundEvent: minecraft:step.anvil
[20:42:47] [Client thread/WARN]: Unable to play unknown soundEvent: minecraft:step.anvil
[20:42:49] [Client thread/INFO]: [CHAT] [»] LMT_Primal24 (4s)
[20:45:02] [Client thread/WARN]: Unable to play unknown soundEvent: minecraft:step.anvil
[20:45:02] [Client thread/WARN]: Unable to play unknown soundEvent: minecraft:step.anvil
[20:45:02] [Client thread/WARN]: Unable to play unknown soundEvent: minecraft:step.anvil
[20:45:14] [Client thread/INFO]: [CHAT] [UHC] PvP activé dans 20 minutes.
[20:45:27] [Client thread/WARN]: Unable to play unknown soundEvent: minecraft:step.anvil
[20:45:28] [Client thread/WARN]: Unable to play unknown soundEvent: minecraft:step.anvil
[20:45:28] [Client thread/WARN]: Unable to play unknown soundEvent: minecraft:step.anvil
[20:46:28] [Client thread/WARN]: Unable to play unknown soundEvent: minecraft:step.anvil
[20:46:28] [Client thread/WARN]: Unable to play unknown soundEvent: minecraft:step.anvil
[20:46:28] [Client thread/WARN]: Unable to play unknown soundEvent: minecraft:step.anvil
[20:47:34] [Client thread/INFO]: [CHAT] Unknown command. Type "/help" for help.
[20:47:41] [Client thread/WARN]: Unable to play unknown soundEvent: minecraft:step.anvil
[20:47:41] [Client thread/WARN]: Unable to play unknown soundEvent: minecraft:step.anvil
[20:47:41] [Client thread/WARN]: Unable to play unknown soundEvent: minecraft:step.anvil
[20:48:55] [Client thread/WARN]: Unable to play unknown soundEvent: minecraft:step.anvil
[20:48:55] [Client thread/WARN]: Unable to play unknown soundEvent: minecraft:step.anvil
[20:48:55] [Client thread/WARN]: Unable to play unknown soundEvent: minecraft:step.anvil
[20:52:33] [Client thread/INFO]: [CHAT] [«] Grub_le_Grand
[20:52:45] [Client thread/INFO]: [CHAT] [»] Grub_le_Grand (11s)
[20:55:14] [Client thread/INFO]: [CHAT] [UHC] PvP activé dans 10 minutes.
[20:56:27] [Client thread/INFO]: [CHAT] [«] Pigwar19
[20:56:46] [Client thread/INFO]: [CHAT] [»] Pigwar19 (19s)
[21:00:04] [Client thread/INFO]: [CHAT] [UHC] Le chat est bloqué.
[21:00:16] [Client thread/INFO]: [CHAT] 
[21:00:16] [Client thread/INFO]: [CHAT]  ---- Début de l'épisode 3 ----
[21:00:16] [Client thread/INFO]: [CHAT]  
[21:00:17] [Client thread/INFO]: [CHAT] [LG UHC] Grrrrrrrrrrrr !
[21:00:25] [Client thread/INFO]: [CHAT] color, compo, composition
[21:00:30] [Client thread/INFO]: [CHAT] [LG UHC] Vous espionnez le rôle de Cubi_14 qui figure parmi les suivants :  Soeur et Loup-Garou Perfide.
[21:00:30] [Client thread/WARN]: Unable to play unknown soundEvent: minecraft:mob.enderman.idle
[21:00:39] [Client thread/INFO]: [CHAT] [LG UHC] Le joueur Cubi_14 possède le niveau d'Honneur suivant : 1
[21:02:15] [Client thread/INFO]: [CHAT] [UHC] PvP activé dans 3 minutes.
[21:04:15] [Client thread/INFO]: [CHAT] [UHC] PvP activé dans 1 minute.
[21:04:53] [Client thread/INFO]: [CHAT] [«] MDF_LaRKiN
[21:05:15] [Client thread/INFO]: [CHAT] [UHC] PvP activé !
[21:07:32] [Client thread/INFO]: [CHAT] LMT_Primal24, Labatjour, le_dragon_demon
[21:12:34] [Client thread/INFO]: [CHAT] ------------- ? -------------
[21:12:34] [Client thread/INFO]: [CHAT]  Le village a perdu un de ses membres : aaiaaiaaa, qui était seikufnzieuio.
[21:12:34] [Client thread/INFO]: [CHAT] ----------------------------
[21:15:05] [Client thread/INFO]: [CHAT] [LG UHC] Un vote est lancé ! (Vote #1)
[21:15:05] [Client thread/INFO]: [CHAT] [LG UHC] Vous avez 10 minutes pour voter contre un joueur en vous rendant dans un bâtiment prévu à cet effet. La capacité des urnes est de : 5 !
[21:15:32] [Client thread/INFO]: [CHAT] [LG UHC] Vous portez votre vote sur Cubi_14.
[21:16:34] [Client thread/INFO]: [CHAT] [UHC] Le chat est bloqué.
[21:17:17] [Client thread/INFO]: [CHAT] [UHC] Le chat est bloqué.
[21:18:42] [Client thread/INFO]: [CHAT] [UHC] Le chat est bloqué.
[21:20:16] [Client thread/INFO]: [CHAT] 
[21:20:16] [Client thread/INFO]: [CHAT]  ---- Début de l'épisode 4 ----
[21:20:16] [Client thread/INFO]: [CHAT]  
[21:20:17] [Client thread/INFO]: [CHAT] [LG UHC] Grrrrrrrrrrrr !
[21:20:17] [Client thread/INFO]: [CHAT] [LG UHC] Grrrrrrrrrrrr !
[21:20:28] [Client thread/INFO]: [CHAT] [UHC] Le chat est bloqué.
[21:20:46] [Client thread/INFO]: [CHAT] LMT_Primal24, Labatjour, le_dragon_demon
[21:20:47] [Client thread/INFO]: [CHAT] [LG UHC] Vous espionnez le rôle de LMT_Primal24 qui figure parmi les suivants :  Montreur d'Ours et Loup-Garou Grimeur.
[21:20:47] [Client thread/WARN]: Unable to play unknown soundEvent: minecraft:mob.enderman.idle
[21:22:05] [Client thread/INFO]: [CHAT] [LG UHC] Le vote se termine dans 3m00s ! N'oubliez pas de voter !
[21:22:36] [Client thread/INFO]: [CHAT] [LG UHC] Vous venez de mourir mais vous avez encore une chance d'être ressuscité. Dans le cas contraire, vous mourrez définitivement dans 10 secondes.
[21:22:46] [Client thread/INFO]: [CHAT] [LG - AURORE] La couleur des cieux change et parmi ces lumières, vous distinguez les noms de trois duos qui partagent actuellement la même aura : OdZeL et Labatjour // TPGLETPG et renji59fr // Pigwar19 et Txso_
[21:22:46] [Client thread/INFO]: [CHAT] ------------- ? -------------
[21:22:46] [Client thread/INFO]: [CHAT]  Le village a perdu un de ses membres : mayorie, qui était Voyante.
[21:22:46] [Client thread/INFO]: [CHAT] ----------------------------
[21:22:48] [Client thread/INFO]: [CHAT] [?] Vous avez été déplacé vers le canal Spectateurs sur Mumble.
[21:24:23] [Client thread/INFO]: [CHAT] ------------- ? -------------
[21:24:23] [Client thread/INFO]: [CHAT]  Le village a perdu un de ses membres : Grub_le_Grand, qui était Ancien.
[21:24:23] [Client thread/INFO]: [CHAT] ----------------------------
[21:24:55] [Client thread/INFO]: [CHAT] ------------- ? -------------
[21:24:55] [Client thread/INFO]: [CHAT]  Le village a perdu un de ses membres dû à une déconnexion : MDF_LaRKiN, qui était Conteuse.
[21:24:55] [Client thread/INFO]: [CHAT] ----------------------------
[21:25:02] [Client thread/INFO]: [CHAT] [?] Molifo a été retiré de votre blacklist !
[21:25:05] [Client thread/INFO]: [CHAT] [LG UHC] Fin de la période de vote.
[21:25:15] [Client thread/INFO]: [CHAT] [LG UHC] Résultat du vote #1
[21:25:15] [Client thread/INFO]: [CHAT] [LG UHC] Le joueur renji59fr est la cible majoritaire des votes avec 6 votes. Il perd donc 2 niveaux d'Honneur !
[21:25:15] [Client thread/INFO]: [CHAT] [LG - EXPOSED] Le rôle de renji59fr se trouve parmi les rôles suivants : Ancien   Feu Follet   Soeur  Loup-Garou Blanc
[21:25:41] [Client thread/INFO]: [CHAT] ------------- ? -------------
[21:25:41] [Client thread/INFO]: [CHAT]  Le village a perdu un de ses membres : Gakoxx, qui était Cupidon.
[21:25:41] [Client thread/INFO]: [CHAT] ----------------------------
[21:25:50] [Client thread/INFO]: [CHAT] 
[21:25:50] [Client thread/INFO]: [CHAT] [UHC] Les groupes sont désormais limités à 4 joueurs.
[21:25:50] [Client thread/INFO]: [CHAT]  
[21:25:56] [Client thread/INFO]: [CHAT] ------------- ? -------------
[21:25:56] [Client thread/INFO]: [CHAT]  Le village a perdu un de ses membres : Txso_, qui était seikufnzieuio.
[21:25:56] [Client thread/INFO]: [CHAT] ----------------------------
[21:26:11] [Client thread/INFO]: [CHAT] [LG UHC] Le Chasseur a tiré sur Cubi_14. Celui-ci perd donc 6?.
[21:28:51] [Client thread/INFO]: [CHAT] [?] Téléportation en cours...
[21:28:52] [Client thread/FATAL]: Error executing task
java.util.concurrent.ExecutionException: java.lang.NullPointerException
	at java.util.concurrent.FutureTask.report(FutureTask.java:122) ~[?:1.8.0_51]
	at java.util.concurrent.FutureTask.get(FutureTask.java:192) ~[?:1.8.0_51]
	at net.minecraft.util.Util.func_181617_a(SourceFile:45) [g.class:?]
	at net.minecraft.client.Minecraft.func_71411_J(Minecraft.java:1014) [ave.class:?]
	at net.minecraft.client.Minecraft.func_99999_d(Minecraft.java:349) [ave.class:?]
	at net.minecraft.client.main.Main.main(SourceFile:124) [Main.class:?]
	at sun.reflect.NativeMethodAccessorImpl.invoke0(Native Method) ~[?:1.8.0_51]
	at sun.reflect.NativeMethodAccessorImpl.invoke(NativeMethodAccessorImpl.java:62) ~[?:1.8.0_51]
	at sun.reflect.DelegatingMethodAccessorImpl.invoke(DelegatingMethodAccessorImpl.java:43) ~[?:1.8.0_51]
	at java.lang.reflect.Method.invoke(Method.java:497) ~[?:1.8.0_51]
	at net.minecraft.launchwrapper.Launch.launch(Launch.java:135) [launchwrapper-1.12.jar:?]
	at net.minecraft.launchwrapper.Launch.main(Launch.java:28) [launchwrapper-1.12.jar:?]
Caused by: java.lang.NullPointerException
	at net.minecraft.network.play.server.S0CPacketSpawnPlayer.func_148944_c(SourceFile:80) ~[fp.class:?]
	at net.minecraft.client.network.NetHandlerPlayClient.func_147237_a(NetHandlerPlayClient.java:501) ~[bcy.class:?]
	at net.minecraft.network.play.server.S0CPacketSpawnPlayer.func_148833_a(SourceFile:75) ~[fp.class:?]
	at net.minecraft.network.play.server.S0CPacketSpawnPlayer.func_148833_a(SourceFile:16) ~[fp.class:?]
	at net.minecraft.network.PacketThreadUtil$1.run(SourceFile:13) ~[fh$1.class:?]
	at java.util.concurrent.Executors$RunnableAdapter.call(Executors.java:511) ~[?:1.8.0_51]
	at java.util.concurrent.FutureTask.run(FutureTask.java:266) ~[?:1.8.0_51]
	at net.minecraft.util.Util.func_181617_a(SourceFile:44) ~[g.class:?]
	... 9 more
[21:28:52] [Client thread/FATAL]: Error executing task
java.util.concurrent.ExecutionException: java.lang.IllegalArgumentException: A team with the name 'citizen_team' already exists!
	at java.util.concurrent.FutureTask.report(FutureTask.java:122) ~[?:1.8.0_51]
	at java.util.concurrent.FutureTask.get(FutureTask.java:192) ~[?:1.8.0_51]
	at net.minecraft.util.Util.func_181617_a(SourceFile:45) [g.class:?]
	at net.minecraft.client.Minecraft.func_71411_J(Minecraft.java:1014) [ave.class:?]
	at net.minecraft.client.Minecraft.func_99999_d(Minecraft.java:349) [ave.class:?]
	at net.minecraft.client.main.Main.main(SourceFile:124) [Main.class:?]
	at sun.reflect.NativeMethodAccessorImpl.invoke0(Native Method) ~[?:1.8.0_51]
	at sun.reflect.NativeMethodAccessorImpl.invoke(NativeMethodAccessorImpl.java:62) ~[?:1.8.0_51]
	at sun.reflect.DelegatingMethodAccessorImpl.invoke(DelegatingMethodAccessorImpl.java:43) ~[?:1.8.0_51]
	at java.lang.reflect.Method.invoke(Method.java:497) ~[?:1.8.0_51]
	at net.minecraft.launchwrapper.Launch.launch(Launch.java:135) [launchwrapper-1.12.jar:?]
	at net.minecraft.launchwrapper.Launch.main(Launch.java:28) [launchwrapper-1.12.jar:?]
Caused by: java.lang.IllegalArgumentException: A team with the name 'citizen_team' already exists!
	at net.minecraft.scoreboard.Scoreboard.func_96527_f(SourceFile:218) ~[auo.class:?]
	at net.minecraft.client.network.NetHandlerPlayClient.func_147247_a(NetHandlerPlayClient.java:1773) ~[bcy.class:?]
	at net.minecraft.network.play.server.S3EPacketTeams.func_148833_a(SourceFile:113) ~[hr.class:?]
	at net.minecraft.network.play.server.S3EPacketTeams.func_148833_a(SourceFile:13) ~[hr.class:?]
	at net.minecraft.network.PacketThreadUtil$1.run(SourceFile:13) ~[fh$1.class:?]
	at java.util.concurrent.Executors$RunnableAdapter.call(Executors.java:511) ~[?:1.8.0_51]
	at java.util.concurrent.FutureTask.run(FutureTask.java:266) ~[?:1.8.0_51]
	at net.minecraft.util.Util.func_181617_a(SourceFile:44) ~[g.class:?]
	... 9 more
[21:28:52] [Client thread/FATAL]: Error executing task
java.util.concurrent.ExecutionException: java.lang.NullPointerException
	at java.util.concurrent.FutureTask.report(FutureTask.java:122) ~[?:1.8.0_51]
	at java.util.concurrent.FutureTask.get(FutureTask.java:192) ~[?:1.8.0_51]
	at net.minecraft.util.Util.func_181617_a(SourceFile:45) [g.class:?]
	at net.minecraft.client.Minecraft.func_71411_J(Minecraft.java:1014) [ave.class:?]
	at net.minecraft.client.Minecraft.func_99999_d(Minecraft.java:349) [ave.class:?]
	at net.minecraft.client.main.Main.main(SourceFile:124) [Main.class:?]
	at sun.reflect.NativeMethodAccessorImpl.invoke0(Native Method) ~[?:1.8.0_51]
	at sun.reflect.NativeMethodAccessorImpl.invoke(NativeMethodAccessorImpl.java:62) ~[?:1.8.0_51]
	at sun.reflect.DelegatingMethodAccessorImpl.invoke(DelegatingMethodAccessorImpl.java:43) ~[?:1.8.0_51]
	at java.lang.reflect.Method.invoke(Method.java:497) ~[?:1.8.0_51]
	at net.minecraft.launchwrapper.Launch.launch(Launch.java:135) [launchwrapper-1.12.jar:?]
	at net.minecraft.launchwrapper.Launch.main(Launch.java:28) [launchwrapper-1.12.jar:?]
Caused by: java.lang.NullPointerException
	at net.minecraft.network.play.server.S0CPacketSpawnPlayer.func_148944_c(SourceFile:80) ~[fp.class:?]
	at net.minecraft.client.network.NetHandlerPlayClient.func_147237_a(NetHandlerPlayClient.java:501) ~[bcy.class:?]
	at net.minecraft.network.play.server.S0CPacketSpawnPlayer.func_148833_a(SourceFile:75) ~[fp.class:?]
	at net.minecraft.network.play.server.S0CPacketSpawnPlayer.func_148833_a(SourceFile:16) ~[fp.class:?]
	at net.minecraft.network.PacketThreadUtil$1.run(SourceFile:13) ~[fh$1.class:?]
	at java.util.concurrent.Executors$RunnableAdapter.call(Executors.java:511) ~[?:1.8.0_51]
	at java.util.concurrent.FutureTask.run(FutureTask.java:266) ~[?:1.8.0_51]
	at net.minecraft.util.Util.func_181617_a(SourceFile:44) ~[g.class:?]
	... 9 more
[21:28:52] [Client thread/FATAL]: Error executing task
java.util.concurrent.ExecutionException: java.lang.NullPointerException
	at java.util.concurrent.FutureTask.report(FutureTask.java:122) ~[?:1.8.0_51]
	at java.util.concurrent.FutureTask.get(FutureTask.java:192) ~[?:1.8.0_51]
	at net.minecraft.util.Util.func_181617_a(SourceFile:45) [g.class:?]
	at net.minecraft.client.Minecraft.func_71411_J(Minecraft.java:1014) [ave.class:?]
	at net.minecraft.client.Minecraft.func_99999_d(Minecraft.java:349) [ave.class:?]
	at net.minecraft.client.main.Main.main(SourceFile:124) [Main.class:?]
	at sun.reflect.NativeMethodAccessorImpl.invoke0(Native Method) ~[?:1.8.0_51]
	at sun.reflect.NativeMethodAccessorImpl.invoke(NativeMethodAccessorImpl.java:62) ~[?:1.8.0_51]
	at sun.reflect.DelegatingMethodAccessorImpl.invoke(DelegatingMethodAccessorImpl.java:43) ~[?:1.8.0_51]
	at java.lang.reflect.Method.invoke(Method.java:497) ~[?:1.8.0_51]
	at net.minecraft.launchwrapper.Launch.launch(Launch.java:135) [launchwrapper-1.12.jar:?]
	at net.minecraft.launchwrapper.Launch.main(Launch.java:28) [launchwrapper-1.12.jar:?]
Caused by: java.lang.NullPointerException
	at net.minecraft.network.play.server.S0FPacketSpawnMob.func_149027_c(SourceFile:114) ~[fn.class:?]
	at net.minecraft.client.network.NetHandlerPlayClient.func_147281_a(NetHandlerPlayClient.java:840) ~[bcy.class:?]
	at net.minecraft.network.play.server.S0FPacketSpawnMob.func_148833_a(SourceFile:109) ~[fn.class:?]
	at net.minecraft.network.play.server.S0FPacketSpawnMob.func_148833_a(SourceFile:15) ~[fn.class:?]
	at net.minecraft.network.PacketThreadUtil$1.run(SourceFile:13) ~[fh$1.class:?]
	at java.util.concurrent.Executors$RunnableAdapter.call(Executors.java:511) ~[?:1.8.0_51]
	at java.util.concurrent.FutureTask.run(FutureTask.java:266) ~[?:1.8.0_51]
	at net.minecraft.util.Util.func_181617_a(SourceFile:44) ~[g.class:?]
	... 9 more
[21:28:52] [Client thread/FATAL]: Error executing task
java.util.concurrent.ExecutionException: java.lang.NullPointerException
	at java.util.concurrent.FutureTask.report(FutureTask.java:122) ~[?:1.8.0_51]
	at java.util.concurrent.FutureTask.get(FutureTask.java:192) ~[?:1.8.0_51]
	at net.minecraft.util.Util.func_181617_a(SourceFile:45) [g.class:?]
	at net.minecraft.client.Minecraft.func_71411_J(Minecraft.java:1014) [ave.class:?]
	at net.minecraft.client.Minecraft.func_99999_d(Minecraft.java:349) [ave.class:?]
	at net.minecraft.client.main.Main.main(SourceFile:124) [Main.class:?]
	at sun.reflect.NativeMethodAccessorImpl.invoke0(Native Method) ~[?:1.8.0_51]
	at sun.reflect.NativeMethodAccessorImpl.invoke(NativeMethodAccessorImpl.java:62) ~[?:1.8.0_51]
	at sun.reflect.DelegatingMethodAccessorImpl.invoke(DelegatingMethodAccessorImpl.java:43) ~[?:1.8.0_51]
	at java.lang.reflect.Method.invoke(Method.java:497) ~[?:1.8.0_51]
	at net.minecraft.launchwrapper.Launch.launch(Launch.java:135) [launchwrapper-1.12.jar:?]
	at net.minecraft.launchwrapper.Launch.main(Launch.java:28) [launchwrapper-1.12.jar:?]
Caused by: java.lang.NullPointerException
	at net.minecraft.network.play.server.S0FPacketSpawnMob.func_149027_c(SourceFile:114) ~[fn.class:?]
	at net.minecraft.client.network.NetHandlerPlayClient.func_147281_a(NetHandlerPlayClient.java:840) ~[bcy.class:?]
	at net.minecraft.network.play.server.S0FPacketSpawnMob.func_148833_a(SourceFile:109) ~[fn.class:?]
	at net.minecraft.network.play.server.S0FPacketSpawnMob.func_148833_a(SourceFile:15) ~[fn.class:?]
	at net.minecraft.network.PacketThreadUtil$1.run(SourceFile:13) ~[fh$1.class:?]
	at java.util.concurrent.Executors$RunnableAdapter.call(Executors.java:511) ~[?:1.8.0_51]
	at java.util.concurrent.FutureTask.run(FutureTask.java:266) ~[?:1.8.0_51]
	at net.minecraft.util.Util.func_181617_a(SourceFile:44) ~[g.class:?]
	... 9 more
[21:28:54] [Client thread/INFO]: Applying holder lookups
[21:28:54] [Client thread/INFO]: Holder lookups applied
[21:28:54] [Netty Client IO #2/INFO]: Attempting connection with missing mods [mcp, FML, Forge, oneconfig, evergreenhud, MumbleLink, ExtendedPASupport] at SERVER
[21:28:55] [Client thread/INFO]: Stopping!
[21:28:55] [Client thread/INFO]: SoundSystem shutting down...
[21:28:55] [Client thread/WARN]: Author: Paul Lamb, www.paulscode.com
[21:28:55] [Client thread/ERROR]: The jar file C:\Users\matts\curseforge\minecraft\Install\libraries\org\lwjgl\lwjgl\lwjgl\2.9.4-nightly-20150209\lwjgl-2.9.4-nightly-20150209.jar has a security seal for path org.lwjgl.opengl, but that path is defined and not secure
[21:28:56] [Thread-17/INFO]: [ChatLog/TWK]Successfully closed chat log file.
