[16:31:22] [main/INFO]: Loading tweak class name net.minecraftforge.fml.common.launcher.FMLTweaker
[16:31:22] [main/INFO]: Using primary tweak class name net.minecraftforge.fml.common.launcher.FMLTweaker
[16:31:22] [main/INFO]: Calling tweak class net.minecraftforge.fml.common.launcher.FMLTweaker
[16:31:22] [main/INFO]: Forge Mod Loader version 11.15.1.2318 for Minecraft 1.8.9 loading
[16:31:22] [main/INFO]: Java is Java HotSpot(TM) 64-Bit Server VM, version 1.8.0_51, running on Windows 10:amd64:10.0, installed at C:\Users\matts\curseforge\minecraft\Install\runtime\jre-legacy\windows-x64\jre-legacy
[16:31:22] [main/INFO]: Loading tweaker info.varden.chatlog.CLTweaker from ChatLog_V1.jar
[16:31:22] [main/INFO]: Loading tweaker cc.polyfrost.oneconfig.loader.stage0.LaunchWrapperTweaker from EvergreenHUD-1.8.9-forge-2.1.7.jar
[16:31:22] [main/INFO]: Loading tweak class name net.minecraftforge.fml.common.launcher.FMLInjectionAndSortingTweaker
[16:31:22] [main/INFO]: Loading tweak class name info.varden.chatlog.CLTweaker
[16:31:22] [main/INFO]: Loading tweak class name cc.polyfrost.oneconfig.loader.stage0.LaunchWrapperTweaker
[16:31:23] [main/INFO]: [cc.polyfrost.oneconfig.loader.stage0.OneConfigWrapperBase:addSSLStore:258]: Attempting to load Polyfrost certificate.
[16:31:23] [main/INFO]: [cc.polyfrost.oneconfig.loader.stage0.OneConfigWrapperBase:<init>:49]: OneConfig has detected the version 1.8.9. If this is false, report this at https://inv.wtf/polyfrost
[16:31:23] [main/INFO]: [cc.polyfrost.oneconfig.loader.OneConfigWrapperBase:<init>:49]: OneConfig has detected the version 1.8.9. If this is false, report this at https://inv.wtf/polyfrost
[16:31:23] [main/INFO]: [cc.polyfrost.oneconfig.internal.plugin.asm.OneConfigTweaker:injectMixinTweaker:186]: Injecting MixinTweaker from EssentialSetupTweaker
[16:31:23] [main/INFO]: SpongePowered MIXIN Subsystem Version=0.7.11 Source=file:/C:/Users/matts/curseforge/minecraft/Instances/test%20chatlog/./OneConfig/OneConfig%20(1.8.9-forge).jar Service=LaunchWrapper Env=CLIENT
[16:31:23] [main/INFO]: [cc.polyfrost.oneconfig.loader.OneConfigLoaderBase:<init>:44]: OneConfig has detected the version 1.8.9. If this is false, report this at https://inv.wtf/polyfrost
[16:31:23] [main/INFO]: Loading tweak class name net.minecraftforge.fml.common.launcher.FMLDeobfTweaker
[16:31:23] [main/INFO]: Calling tweak class net.minecraftforge.fml.common.launcher.FMLInjectionAndSortingTweaker
[16:31:23] [main/INFO]: Calling tweak class net.minecraftforge.fml.common.launcher.FMLInjectionAndSortingTweaker
[16:31:23] [main/INFO]: Calling tweak class net.minecraftforge.fml.relauncher.CoreModManager$FMLPluginWrapper
[16:31:23] [main/DEBUG]: Injecting coremod FMLCorePlugin {net.minecraftforge.fml.relauncher.FMLCorePlugin} class transformers
[16:31:23] [main/TRACE]: Registering transformer net.minecraftforge.fml.common.asm.transformers.BlamingTransformer
[16:31:23] [main/TRACE]: Registering transformer net.minecraftforge.fml.common.asm.transformers.SideTransformer
[16:31:23] [main/TRACE]: Registering transformer net.minecraftforge.fml.common.asm.transformers.EventSubscriptionTransformer
[16:31:23] [main/TRACE]: Registering transformer net.minecraftforge.fml.common.asm.transformers.EventSubscriberTransformer
[16:31:23] [main/DEBUG]: Injection complete
[16:31:23] [main/DEBUG]: Running coremod plugin for FMLCorePlugin {net.minecraftforge.fml.relauncher.FMLCorePlugin}
[16:31:23] [main/DEBUG]: Running coremod plugin FMLCorePlugin
[16:31:23] [main/DEBUG]: Read 825 binary patches
[16:31:24] [main/DEBUG]: Loading deobfuscation resource /deobfuscation_data-1.8.9.lzma with 27891 records
[16:31:24] [main/INFO]: Found valid fingerprint for Minecraft Forge. Certificate fingerprint e3c3d50c7c986df74c645c0ac54639741c90a557
[16:31:24] [main/INFO]: Found valid fingerprint for Minecraft. Certificate fingerprint cd99959656f753dc28d863b46769f7f8fbaefcfc
[16:31:24] [main/DEBUG]: Coremod plugin class FMLCorePlugin run successfully
[16:31:24] [main/INFO]: Calling tweak class net.minecraftforge.fml.relauncher.CoreModManager$FMLPluginWrapper
[16:31:24] [main/DEBUG]: Injecting coremod FMLForgePlugin {net.minecraftforge.classloading.FMLForgePlugin} class transformers
[16:31:24] [main/DEBUG]: Injection complete
[16:31:24] [main/DEBUG]: Running coremod plugin for FMLForgePlugin {net.minecraftforge.classloading.FMLForgePlugin}
[16:31:24] [main/DEBUG]: Running coremod plugin FMLForgePlugin
[16:31:24] [main/DEBUG]: Coremod plugin class FMLForgePlugin run successfully
[16:31:24] [main/INFO]: Calling tweak class info.varden.chatlog.CLTweaker
[16:31:24] [main/INFO]: Calling tweak class org.spongepowered.asm.launch.MixinTweaker
[16:31:24] [main/INFO]: Compatibility level set to JAVA_8
[16:31:24] [main/INFO]: Initialised Mixin FML Remapper Adapter with net.minecraftforge.fml.common.asm.transformers.deobf.FMLDeobfuscatingRemapper@705202d1
[16:31:24] [main/INFO]: Calling tweak class cc.polyfrost.oneconfig.loader.stage0.LaunchWrapperTweaker
[16:31:24] [main/INFO]: Calling tweak class net.minecraftforge.fml.common.launcher.FMLDeobfTweaker
[16:31:24] [main/DEBUG]: Loaded 165 rules from AccessTransformer config file forge_at.cfg
[16:31:24] [main/DEBUG]: Validating minecraft
[16:31:24] [main/INFO]: Loading tweak class name net.minecraftforge.fml.common.launcher.TerminalTweaker
[16:31:24] [main/INFO]: Loading tweak class name org.spongepowered.asm.mixin.EnvironmentStateTweaker
[16:31:24] [main/INFO]: Calling tweak class net.minecraftforge.fml.common.launcher.TerminalTweaker
[16:31:24] [main/INFO]: Calling tweak class org.spongepowered.asm.mixin.EnvironmentStateTweaker
[16:31:24] [main/WARN]: Error loading class: Config (java.lang.ClassNotFoundException: The specified class 'Config' was not found)
[16:31:24] [main/WARN]: Error loading class: net/wyvest/redaction/features/NameHighlight (java.lang.ClassNotFoundException: The specified class 'net.wyvest.redaction.features.NameHighlight' was not found)
[16:31:24] [main/WARN]: Error loading class: org/polyfrost/redaction/features/NameHighlight (java.lang.ClassNotFoundException: The specified class 'org.polyfrost.redaction.features.NameHighlight' was not found)
[16:31:24] [main/WARN]: Error loading class: mynameisjeff/skyblockclientupdater/UpdateChecker (java.lang.ClassNotFoundException: The specified class 'mynameisjeff.skyblockclientupdater.UpdateChecker' was not found)
[16:31:24] [main/WARN]: Error loading class: club/sk1er/mods/levelhead/render/AboveHeadRender (java.lang.ClassNotFoundException: The specified class 'club.sk1er.mods.levelhead.render.AboveHeadRender' was not found)
[16:31:24] [main/INFO]: Mixing MainMixin from mixins.evergreenhud.json into net.minecraft.client.main.Main
[16:31:24] [main/INFO]: Launching wrapped minecraft {net.minecraft.client.main.Main}
[16:31:24] [main/INFO]: Mixing MinecraftMixin from mixins.oneconfig.json into net.minecraft.client.Minecraft
[16:31:24] [main/INFO]: Mixing EntityPlayerMixin from mixins.evergreenhud.json into net.minecraft.entity.player.EntityPlayer
[16:31:24] [main/INFO]: Mixing EntityPlayerSPMixin from mixins.oneconfig.json into net.minecraft.client.entity.EntityPlayerSP
[16:31:24] [main/INFO]: Mixing WorldClientMixin from mixins.oneconfig.json into net.minecraft.client.multiplayer.WorldClient
[16:31:24] [main/INFO]: Mixing GuiScreenMixin from mixins.oneconfig.json into net.minecraft.client.gui.GuiScreen
[16:31:24] [main/INFO]: Mixing GuiIngameAccessor from mixins.evergreenhud.json into net.minecraft.client.gui.GuiIngame
[16:31:24] [main/INFO]: Mixing GuiIngameForgeMixin from mixins.oneconfig.json into net.minecraftforge.client.GuiIngameForge
[16:31:24] [main/ERROR]: The jar file C:\Users\matts\curseforge\minecraft\Install\libraries\org\lwjgl\lwjgl\lwjgl\2.9.4-nightly-20150209\lwjgl-2.9.4-nightly-20150209.jar has a security seal for path org.lwjgl.opengl, but that path is defined and not secure
[16:31:24] [main/ERROR]: The jar file C:\Users\matts\curseforge\minecraft\Install\libraries\org\lwjgl\lwjgl\lwjgl\2.9.4-nightly-20150209\lwjgl-2.9.4-nightly-20150209.jar has a security seal for path org.lwjgl, but that path is defined and not secure
[16:31:24] [main/ERROR]: The jar file C:\Users\matts\curseforge\minecraft\Install\libraries\org\lwjgl\lwjgl\lwjgl\2.9.4-nightly-20150209\lwjgl-2.9.4-nightly-20150209.jar has a security seal for path org.lwjgl, but that path is defined and not secure
[16:31:24] [main/ERROR]: The jar file C:\Users\matts\curseforge\minecraft\Install\libraries\org\lwjgl\lwjgl\lwjgl\2.9.4-nightly-20150209\lwjgl-2.9.4-nightly-20150209.jar has a security seal for path org.lwjgl, but that path is defined and not secure
[16:31:24] [main/ERROR]: The jar file C:\Users\matts\curseforge\minecraft\Install\libraries\org\lwjgl\lwjgl\lwjgl\2.9.4-nightly-20150209\lwjgl-2.9.4-nightly-20150209.jar has a security seal for path org.lwjgl, but that path is defined and not secure
[16:31:24] [main/ERROR]: The jar file C:\Users\matts\curseforge\minecraft\Install\libraries\org\lwjgl\lwjgl\lwjgl\2.9.4-nightly-20150209\lwjgl-2.9.4-nightly-20150209.jar has a security seal for path org.lwjgl, but that path is defined and not secure
[16:31:24] [main/ERROR]: The jar file C:\Users\matts\curseforge\minecraft\Install\libraries\org\lwjgl\lwjgl\lwjgl\2.9.4-nightly-20150209\lwjgl-2.9.4-nightly-20150209.jar has a security seal for path org.lwjgl, but that path is defined and not secure
[16:31:24] [main/ERROR]: The jar file C:\Users\matts\curseforge\minecraft\Install\libraries\org\lwjgl\lwjgl\lwjgl\2.9.4-nightly-20150209\lwjgl-2.9.4-nightly-20150209.jar has a security seal for path org.lwjgl, but that path is defined and not secure
[16:31:24] [main/ERROR]: The jar file C:\Users\matts\curseforge\minecraft\Install\libraries\org\lwjgl\lwjgl\lwjgl\2.9.4-nightly-20150209\lwjgl-2.9.4-nightly-20150209.jar has a security seal for path org.lwjgl, but that path is defined and not secure
[16:31:24] [main/ERROR]: The jar file C:\Users\matts\curseforge\minecraft\Install\libraries\org\lwjgl\lwjgl\lwjgl\2.9.4-nightly-20150209\lwjgl-2.9.4-nightly-20150209.jar has a security seal for path org.lwjgl, but that path is defined and not secure
[16:31:24] [main/ERROR]: The jar file C:\Users\matts\curseforge\minecraft\Install\libraries\org\lwjgl\lwjgl\lwjgl\2.9.4-nightly-20150209\lwjgl-2.9.4-nightly-20150209.jar has a security seal for path org.lwjgl, but that path is defined and not secure
[16:31:24] [Client thread/INFO]: Setting user: mayorie
[16:31:25] [Client thread/INFO]: Mixing EventBusMixin from mixins.oneconfig.json into net.minecraftforge.fml.common.eventhandler.EventBus
[16:31:26] [Client thread/INFO]: LWJGL Version: 2.9.4
[16:31:26] [Client thread/ERROR]: The jar file C:\Users\matts\curseforge\minecraft\Install\libraries\org\lwjgl\lwjgl\lwjgl\2.9.4-nightly-20150209\lwjgl-2.9.4-nightly-20150209.jar has a security seal for path org.lwjgl.opengl, but that path is defined and not secure
[16:31:26] [Client thread/ERROR]: The jar file C:\Users\matts\curseforge\minecraft\Install\libraries\org\lwjgl\lwjgl\lwjgl\2.9.4-nightly-20150209\lwjgl-2.9.4-nightly-20150209.jar has a security seal for path org.lwjgl.opengl, but that path is defined and not secure
[16:31:26] [Client thread/ERROR]: The jar file C:\Users\matts\curseforge\minecraft\Install\libraries\org\lwjgl\lwjgl\lwjgl\2.9.4-nightly-20150209\lwjgl-2.9.4-nightly-20150209.jar has a security seal for path org.lwjgl.opengl, but that path is defined and not secure
[16:31:26] [Client thread/ERROR]: The jar file C:\Users\matts\curseforge\minecraft\Install\libraries\org\lwjgl\lwjgl\lwjgl\2.9.4-nightly-20150209\lwjgl-2.9.4-nightly-20150209.jar has a security seal for path org.lwjgl.opengl, but that path is defined and not secure
[16:31:26] [Client thread/ERROR]: The jar file C:\Users\matts\curseforge\minecraft\Install\libraries\org\lwjgl\lwjgl\lwjgl\2.9.4-nightly-20150209\lwjgl-2.9.4-nightly-20150209.jar has a security seal for path org.lwjgl.opengl, but that path is defined and not secure
[16:31:26] [Client thread/ERROR]: The jar file C:\Users\matts\curseforge\minecraft\Install\libraries\org\lwjgl\lwjgl\lwjgl\2.9.4-nightly-20150209\lwjgl-2.9.4-nightly-20150209.jar has a security seal for path org.lwjgl.opengl, but that path is defined and not secure
[16:31:26] [Client thread/ERROR]: The jar file C:\Users\matts\curseforge\minecraft\Install\libraries\org\lwjgl\lwjgl\lwjgl\2.9.4-nightly-20150209\lwjgl-2.9.4-nightly-20150209.jar has a security seal for path org.lwjgl.opengl, but that path is defined and not secure
[16:31:26] [Client thread/ERROR]: The jar file C:\Users\matts\curseforge\minecraft\Install\libraries\org\lwjgl\lwjgl\lwjgl\2.9.4-nightly-20150209\lwjgl-2.9.4-nightly-20150209.jar has a security seal for path org.lwjgl.opengl, but that path is defined and not secure
[16:31:26] [Client thread/ERROR]: The jar file C:\Users\matts\curseforge\minecraft\Install\libraries\org\lwjgl\lwjgl\lwjgl\2.9.4-nightly-20150209\lwjgl-2.9.4-nightly-20150209.jar has a security seal for path org.lwjgl.opengl, but that path is defined and not secure
[16:31:26] [Client thread/ERROR]: The jar file C:\Users\matts\curseforge\minecraft\Install\libraries\org\lwjgl\lwjgl\lwjgl\2.9.4-nightly-20150209\lwjgl-2.9.4-nightly-20150209.jar has a security seal for path org.lwjgl.opengl, but that path is defined and not secure
[16:31:26] [Client thread/ERROR]: The jar file C:\Users\matts\curseforge\minecraft\Install\libraries\org\lwjgl\lwjgl\lwjgl\2.9.4-nightly-20150209\lwjgl-2.9.4-nightly-20150209.jar has a security seal for path org.lwjgl.opengl, but that path is defined and not secure
[16:31:26] [Client thread/ERROR]: The jar file C:\Users\matts\curseforge\minecraft\Install\libraries\org\lwjgl\lwjgl\lwjgl\2.9.4-nightly-20150209\lwjgl-2.9.4-nightly-20150209.jar has a security seal for path org.lwjgl.opengl, but that path is defined and not secure
[16:31:26] [Client thread/ERROR]: The jar file C:\Users\matts\curseforge\minecraft\Install\libraries\org\lwjgl\lwjgl\lwjgl\2.9.4-nightly-20150209\lwjgl-2.9.4-nightly-20150209.jar has a security seal for path org.lwjgl.opengl, but that path is defined and not secure
[16:31:26] [Client thread/ERROR]: The jar file C:\Users\matts\curseforge\minecraft\Install\libraries\org\lwjgl\lwjgl\lwjgl\2.9.4-nightly-20150209\lwjgl-2.9.4-nightly-20150209.jar has a security seal for path org.lwjgl.opengl, but that path is defined and not secure
[16:31:26] [Client thread/ERROR]: The jar file C:\Users\matts\curseforge\minecraft\Install\libraries\org\lwjgl\lwjgl\lwjgl\2.9.4-nightly-20150209\lwjgl-2.9.4-nightly-20150209.jar has a security seal for path org.lwjgl.opengl, but that path is defined and not secure
[16:31:26] [Client thread/ERROR]: The jar file C:\Users\matts\curseforge\minecraft\Install\libraries\org\lwjgl\lwjgl\lwjgl\2.9.4-nightly-20150209\lwjgl-2.9.4-nightly-20150209.jar has a security seal for path org.lwjgl.opengl, but that path is defined and not secure
[16:31:26] [Client thread/ERROR]: The jar file C:\Users\matts\curseforge\minecraft\Install\libraries\org\lwjgl\lwjgl\lwjgl\2.9.4-nightly-20150209\lwjgl-2.9.4-nightly-20150209.jar has a security seal for path org.lwjgl.opengl, but that path is defined and not secure
[16:31:26] [Client thread/ERROR]: The jar file C:\Users\matts\curseforge\minecraft\Install\libraries\org\lwjgl\lwjgl\lwjgl\2.9.4-nightly-20150209\lwjgl-2.9.4-nightly-20150209.jar has a security seal for path org.lwjgl.opengl, but that path is defined and not secure
[16:31:26] [Client thread/ERROR]: The jar file C:\Users\matts\curseforge\minecraft\Install\libraries\org\lwjgl\lwjgl\lwjgl\2.9.4-nightly-20150209\lwjgl-2.9.4-nightly-20150209.jar has a security seal for path org.lwjgl.opengl, but that path is defined and not secure
[16:31:26] [Client thread/ERROR]: The jar file C:\Users\matts\curseforge\minecraft\Install\libraries\org\lwjgl\lwjgl\lwjgl\2.9.4-nightly-20150209\lwjgl-2.9.4-nightly-20150209.jar has a security seal for path org.lwjgl.opengl, but that path is defined and not secure
[16:31:26] [Client thread/ERROR]: The jar file C:\Users\matts\curseforge\minecraft\Install\libraries\org\lwjgl\lwjgl\lwjgl\2.9.4-nightly-20150209\lwjgl-2.9.4-nightly-20150209.jar has a security seal for path org.lwjgl.opengl, but that path is defined and not secure
[16:31:26] [Client thread/ERROR]: The jar file C:\Users\matts\curseforge\minecraft\Install\libraries\org\lwjgl\lwjgl\lwjgl\2.9.4-nightly-20150209\lwjgl-2.9.4-nightly-20150209.jar has a security seal for path org.lwjgl.opengl, but that path is defined and not secure
[16:31:26] [Client thread/ERROR]: The jar file C:\Users\matts\curseforge\minecraft\Install\libraries\org\lwjgl\lwjgl\lwjgl\2.9.4-nightly-20150209\lwjgl-2.9.4-nightly-20150209.jar has a security seal for path org.lwjgl.opengl, but that path is defined and not secure
[16:31:26] [Client thread/ERROR]: The jar file C:\Users\matts\curseforge\minecraft\Install\libraries\org\lwjgl\lwjgl\lwjgl\2.9.4-nightly-20150209\lwjgl-2.9.4-nightly-20150209.jar has a security seal for path org.lwjgl.opengl, but that path is defined and not secure
[16:31:26] [Client thread/ERROR]: The jar file C:\Users\matts\curseforge\minecraft\Install\libraries\org\lwjgl\lwjgl\lwjgl\2.9.4-nightly-20150209\lwjgl-2.9.4-nightly-20150209.jar has a security seal for path org.lwjgl.opengl, but that path is defined and not secure
[16:31:26] [Client thread/ERROR]: The jar file C:\Users\matts\curseforge\minecraft\Install\libraries\org\lwjgl\lwjgl\lwjgl\2.9.4-nightly-20150209\lwjgl-2.9.4-nightly-20150209.jar has a security seal for path org.lwjgl.opengl, but that path is defined and not secure
[16:31:26] [Client thread/ERROR]: The jar file C:\Users\matts\curseforge\minecraft\Install\libraries\org\lwjgl\lwjgl\lwjgl\2.9.4-nightly-20150209\lwjgl-2.9.4-nightly-20150209.jar has a security seal for path org.lwjgl.opengl, but that path is defined and not secure
[16:31:26] [Client thread/ERROR]: The jar file C:\Users\matts\curseforge\minecraft\Install\libraries\org\lwjgl\lwjgl\lwjgl\2.9.4-nightly-20150209\lwjgl-2.9.4-nightly-20150209.jar has a security seal for path org.lwjgl.opengl, but that path is defined and not secure
[16:31:26] [Client thread/ERROR]: The jar file C:\Users\matts\curseforge\minecraft\Install\libraries\org\lwjgl\lwjgl\lwjgl\2.9.4-nightly-20150209\lwjgl-2.9.4-nightly-20150209.jar has a security seal for path org.lwjgl.opengl, but that path is defined and not secure
[16:31:26] [Client thread/ERROR]: The jar file C:\Users\matts\curseforge\minecraft\Install\libraries\org\lwjgl\lwjgl\lwjgl\2.9.4-nightly-20150209\lwjgl-2.9.4-nightly-20150209.jar has a security seal for path org.lwjgl, but that path is defined and not secure
[16:31:26] [Client thread/ERROR]: The jar file C:\Users\matts\curseforge\minecraft\Install\libraries\org\lwjgl\lwjgl\lwjgl\2.9.4-nightly-20150209\lwjgl-2.9.4-nightly-20150209.jar has a security seal for path org.lwjgl, but that path is defined and not secure
[16:31:26] [Client thread/ERROR]: The jar file C:\Users\matts\curseforge\minecraft\Install\libraries\org\lwjgl\lwjgl\lwjgl\2.9.4-nightly-20150209\lwjgl-2.9.4-nightly-20150209.jar has a security seal for path org.lwjgl, but that path is defined and not secure
[16:31:26] [Client thread/ERROR]: The jar file C:\Users\matts\curseforge\minecraft\Install\libraries\org\lwjgl\lwjgl\lwjgl\2.9.4-nightly-20150209\lwjgl-2.9.4-nightly-20150209.jar has a security seal for path org.lwjgl, but that path is defined and not secure
[16:31:26] [Client thread/ERROR]: The jar file C:\Users\matts\curseforge\minecraft\Install\libraries\org\lwjgl\lwjgl\lwjgl\2.9.4-nightly-20150209\lwjgl-2.9.4-nightly-20150209.jar has a security seal for path org.lwjgl, but that path is defined and not secure
[16:31:26] [Client thread/ERROR]: The jar file C:\Users\matts\curseforge\minecraft\Install\libraries\org\lwjgl\lwjgl\lwjgl\2.9.4-nightly-20150209\lwjgl-2.9.4-nightly-20150209.jar has a security seal for path org.lwjgl, but that path is defined and not secure
[16:31:26] [Client thread/ERROR]: The jar file C:\Users\matts\curseforge\minecraft\Install\libraries\org\lwjgl\lwjgl\lwjgl\2.9.4-nightly-20150209\lwjgl-2.9.4-nightly-20150209.jar has a security seal for path org.lwjgl.input, but that path is defined and not secure
[16:31:26] [Client thread/ERROR]: The jar file C:\Users\matts\curseforge\minecraft\Install\libraries\org\lwjgl\lwjgl\lwjgl\2.9.4-nightly-20150209\lwjgl-2.9.4-nightly-20150209.jar has a security seal for path org.lwjgl.input, but that path is defined and not secure
[16:31:26] [Client thread/ERROR]: The jar file C:\Users\matts\curseforge\minecraft\Install\libraries\org\lwjgl\lwjgl\lwjgl\2.9.4-nightly-20150209\lwjgl-2.9.4-nightly-20150209.jar has a security seal for path org.lwjgl.input, but that path is defined and not secure
[16:31:26] [Client thread/ERROR]: The jar file C:\Users\matts\curseforge\minecraft\Install\libraries\org\lwjgl\lwjgl\lwjgl\2.9.4-nightly-20150209\lwjgl-2.9.4-nightly-20150209.jar has a security seal for path org.lwjgl.input, but that path is defined and not secure
[16:31:26] [Client thread/ERROR]: The jar file C:\Users\matts\curseforge\minecraft\Install\libraries\org\lwjgl\lwjgl\lwjgl\2.9.4-nightly-20150209\lwjgl-2.9.4-nightly-20150209.jar has a security seal for path org.lwjgl.opengl, but that path is defined and not secure
[16:31:26] [Client thread/ERROR]: The jar file C:\Users\matts\curseforge\minecraft\Install\libraries\org\lwjgl\lwjgl\lwjgl\2.9.4-nightly-20150209\lwjgl-2.9.4-nightly-20150209.jar has a security seal for path org.lwjgl.opengl, but that path is defined and not secure
[16:31:26] [Client thread/ERROR]: The jar file C:\Users\matts\curseforge\minecraft\Install\libraries\org\lwjgl\lwjgl\lwjgl\2.9.4-nightly-20150209\lwjgl-2.9.4-nightly-20150209.jar has a security seal for path org.lwjgl.input, but that path is defined and not secure
[16:31:26] [Client thread/ERROR]: The jar file C:\Users\matts\curseforge\minecraft\Install\libraries\org\lwjgl\lwjgl\lwjgl\2.9.4-nightly-20150209\lwjgl-2.9.4-nightly-20150209.jar has a security seal for path org.lwjgl.input, but that path is defined and not secure
[16:31:26] [Client thread/ERROR]: The jar file C:\Users\matts\curseforge\minecraft\Install\libraries\org\lwjgl\lwjgl\lwjgl\2.9.4-nightly-20150209\lwjgl-2.9.4-nightly-20150209.jar has a security seal for path org.lwjgl.opengl, but that path is defined and not secure
[16:31:26] [Client thread/ERROR]: The jar file C:\Users\matts\curseforge\minecraft\Install\libraries\org\lwjgl\lwjgl\lwjgl\2.9.4-nightly-20150209\lwjgl-2.9.4-nightly-20150209.jar has a security seal for path org.lwjgl.opengl, but that path is defined and not secure
[16:31:26] [Client thread/ERROR]: The jar file C:\Users\matts\curseforge\minecraft\Install\libraries\org\lwjgl\lwjgl\lwjgl\2.9.4-nightly-20150209\lwjgl-2.9.4-nightly-20150209.jar has a security seal for path org.lwjgl.opengl, but that path is defined and not secure
[16:31:26] [Client thread/ERROR]: The jar file C:\Users\matts\curseforge\minecraft\Install\libraries\org\lwjgl\lwjgl\lwjgl\2.9.4-nightly-20150209\lwjgl-2.9.4-nightly-20150209.jar has a security seal for path org.lwjgl.opengl, but that path is defined and not secure
[16:31:26] [Client thread/ERROR]: The jar file C:\Users\matts\curseforge\minecraft\Install\libraries\org\lwjgl\lwjgl\lwjgl\2.9.4-nightly-20150209\lwjgl-2.9.4-nightly-20150209.jar has a security seal for path org.lwjgl.opengl, but that path is defined and not secure
[16:31:26] [Client thread/ERROR]: The jar file C:\Users\matts\curseforge\minecraft\Install\libraries\org\lwjgl\lwjgl\lwjgl\2.9.4-nightly-20150209\lwjgl-2.9.4-nightly-20150209.jar has a security seal for path org.lwjgl.opengl, but that path is defined and not secure
[16:31:26] [Client thread/ERROR]: The jar file C:\Users\matts\curseforge\minecraft\Install\libraries\org\lwjgl\lwjgl\lwjgl\2.9.4-nightly-20150209\lwjgl-2.9.4-nightly-20150209.jar has a security seal for path org.lwjgl.opengl, but that path is defined and not secure
[16:31:26] [Client thread/ERROR]: The jar file C:\Users\matts\curseforge\minecraft\Install\libraries\org\lwjgl\lwjgl\lwjgl\2.9.4-nightly-20150209\lwjgl-2.9.4-nightly-20150209.jar has a security seal for path org.lwjgl.opengl, but that path is defined and not secure
[16:31:26] [Client thread/ERROR]: The jar file C:\Users\matts\curseforge\minecraft\Install\libraries\org\lwjgl\lwjgl\lwjgl\2.9.4-nightly-20150209\lwjgl-2.9.4-nightly-20150209.jar has a security seal for path org.lwjgl.opengl, but that path is defined and not secure
[16:31:26] [Client thread/ERROR]: The jar file C:\Users\matts\curseforge\minecraft\Install\libraries\org\lwjgl\lwjgl\lwjgl\2.9.4-nightly-20150209\lwjgl-2.9.4-nightly-20150209.jar has a security seal for path org.lwjgl.opengl, but that path is defined and not secure
[16:31:26] [Client thread/ERROR]: The jar file C:\Users\matts\curseforge\minecraft\Install\libraries\org\lwjgl\lwjgl\lwjgl\2.9.4-nightly-20150209\lwjgl-2.9.4-nightly-20150209.jar has a security seal for path org.lwjgl.opengl, but that path is defined and not secure
[16:31:26] [Client thread/ERROR]: The jar file C:\Users\matts\curseforge\minecraft\Install\libraries\org\lwjgl\lwjgl\lwjgl\2.9.4-nightly-20150209\lwjgl-2.9.4-nightly-20150209.jar has a security seal for path org.lwjgl.opengl, but that path is defined and not secure
[16:31:26] [Client thread/ERROR]: The jar file C:\Users\matts\curseforge\minecraft\Install\libraries\org\lwjgl\lwjgl\lwjgl\2.9.4-nightly-20150209\lwjgl-2.9.4-nightly-20150209.jar has a security seal for path org.lwjgl.opengl, but that path is defined and not secure
[16:31:26] [Client thread/ERROR]: The jar file C:\Users\matts\curseforge\minecraft\Install\libraries\org\lwjgl\lwjgl\lwjgl\2.9.4-nightly-20150209\lwjgl-2.9.4-nightly-20150209.jar has a security seal for path org.lwjgl, but that path is defined and not secure
[16:31:26] [Client thread/ERROR]: The jar file C:\Users\matts\curseforge\minecraft\Install\libraries\org\lwjgl\lwjgl\lwjgl\2.9.4-nightly-20150209\lwjgl-2.9.4-nightly-20150209.jar has a security seal for path org.lwjgl.opengl, but that path is defined and not secure
[16:31:26] [Client thread/ERROR]: The jar file C:\Users\matts\curseforge\minecraft\Install\libraries\org\lwjgl\lwjgl\lwjgl\2.9.4-nightly-20150209\lwjgl-2.9.4-nightly-20150209.jar has a security seal for path org.lwjgl.opengl, but that path is defined and not secure
[16:31:26] [Client thread/ERROR]: The jar file C:\Users\matts\curseforge\minecraft\Install\libraries\org\lwjgl\lwjgl\lwjgl\2.9.4-nightly-20150209\lwjgl-2.9.4-nightly-20150209.jar has a security seal for path org.lwjgl.opengl, but that path is defined and not secure
[16:31:26] [Client thread/ERROR]: The jar file C:\Users\matts\curseforge\minecraft\Install\libraries\org\lwjgl\lwjgl\lwjgl\2.9.4-nightly-20150209\lwjgl-2.9.4-nightly-20150209.jar has a security seal for path org.lwjgl.opengl, but that path is defined and not secure
[16:31:26] [Client thread/ERROR]: The jar file C:\Users\matts\curseforge\minecraft\Install\libraries\org\lwjgl\lwjgl\lwjgl\2.9.4-nightly-20150209\lwjgl-2.9.4-nightly-20150209.jar has a security seal for path org.lwjgl.input, but that path is defined and not secure
[16:31:26] [Client thread/WARN]: =============================================================
[16:31:26] [Client thread/WARN]: MOD HAS DIRECT REFERENCE System.exit() THIS IS NOT ALLOWED REROUTING TO FML!
[16:31:26] [Client thread/WARN]: Offendor: com/sun/jna/Native.main([Ljava/lang/String;)V
[16:31:26] [Client thread/WARN]: Use FMLCommonHandler.exitJava instead
[16:31:26] [Client thread/WARN]: =============================================================
[16:31:26] [Client thread/ERROR]: The jar file C:\Users\matts\curseforge\minecraft\Install\libraries\org\lwjgl\lwjgl\lwjgl\2.9.4-nightly-20150209\lwjgl-2.9.4-nightly-20150209.jar has a security seal for path org.lwjgl.opengl, but that path is defined and not secure
[16:31:26] [Client thread/INFO]: [net.minecraftforge.fml.client.SplashProgress:start:246]: ---- Minecraft Crash Report ----

WARNING: coremods are present:
Contact their authors BEFORE contacting forge

// Don't do that.

Time: 9/6/25 4:31 PM
Description: Loading screen debug info

This is just a prompt for computer specs to be printed. THIS IS NOT A ERROR


A detailed walkthrough of the error, its code path and all known details is as follows:
---------------------------------------------------------------------------------------

-- System Details --
Details:
	Minecraft Version: 1.8.9
	Operating System: Windows 10 (amd64) version 10.0
	Java Version: 1.8.0_51, Oracle Corporation
	Java VM Version: Java HotSpot(TM) 64-Bit Server VM (mixed mode), Oracle Corporation
	Memory: 360476008 bytes (343 MB) / 739246080 bytes (705 MB) up to 14913372160 bytes (14222 MB)
	JVM Flags: 3 total; -XX:HeapDumpPath=MojangTricksIntelDriversForPerformance_javaw.exe_minecraft.exe.heapdump -Xmx16000m -Xms256m
	IntCache: cache: 0, tcache: 0, allocated: 0, tallocated: 0
	FML: 
	Loaded coremods (and transformers): 
	GL info: ' Vendor: 'NVIDIA Corporation' Version: '4.6.0 NVIDIA 577.00' Renderer: 'NVIDIA GeForce RTX 4070 Ti SUPER/PCIe/SSE2'
[16:31:26] [Client thread/ERROR]: The jar file C:\Users\matts\curseforge\minecraft\Install\libraries\org\lwjgl\lwjgl\lwjgl\2.9.4-nightly-20150209\lwjgl-2.9.4-nightly-20150209.jar has a security seal for path org.lwjgl.opengl, but that path is defined and not secure
[16:31:26] [Client thread/INFO]: MinecraftForge v11.15.1.2318 Initialized
[16:31:26] [Client thread/INFO]: Replaced 229 ore recipies
[16:31:26] [Thread-8/ERROR]: The jar file C:\Users\matts\curseforge\minecraft\Install\libraries\org\lwjgl\lwjgl\lwjgl\2.9.4-nightly-20150209\lwjgl-2.9.4-nightly-20150209.jar has a security seal for path org.lwjgl.opengl, but that path is defined and not secure
[16:31:26] [Thread-8/ERROR]: The jar file C:\Users\matts\curseforge\minecraft\Install\libraries\org\lwjgl\lwjgl\lwjgl\2.9.4-nightly-20150209\lwjgl-2.9.4-nightly-20150209.jar has a security seal for path org.lwjgl.opengl, but that path is defined and not secure
[16:31:26] [Thread-8/ERROR]: The jar file C:\Users\matts\curseforge\minecraft\Install\libraries\org\lwjgl\lwjgl\lwjgl\2.9.4-nightly-20150209\lwjgl-2.9.4-nightly-20150209.jar has a security seal for path org.lwjgl.opengl, but that path is defined and not secure
[16:31:27] [Client thread/INFO]: Found 0 mods from the command line. Injecting into mod discoverer
[16:31:27] [Client thread/INFO]: Searching C:\Users\matts\curseforge\minecraft\Instances\test chatlog\mods for mods
[16:31:28] [Client thread/WARN]: Mod MumbleLink is missing the required element 'version' and a version.properties file could not be found. Falling back to metadata version 1.8.9-4.1.4
[16:31:28] [Client thread/WARN]: Mod ExtendedPASupport is missing the required element 'version' and a version.properties file could not be found. Falling back to metadata version 1.0.0
[16:31:28] [Client thread/INFO]: Forge Mod Loader has identified 7 mods to load
[16:31:28] [Client thread/INFO]: Attempting connection with missing mods [mcp, FML, Forge, oneconfig, evergreenhud, MumbleLink, ExtendedPASupport] at CLIENT
[16:31:28] [Client thread/INFO]: Attempting connection with missing mods [mcp, FML, Forge, oneconfig, evergreenhud, MumbleLink, ExtendedPASupport] at SERVER
[16:31:28] [Client thread/INFO]: Reloading ResourceManager: Default, FMLFileResourcePack:Forge Mod Loader, FMLFileResourcePack:Minecraft Forge, FMLFileResourcePack:OneConfig, FMLFileResourcePack:EvergreenHUD, FMLFileResourcePack:MumbleLink for Forge, FMLFileResourcePack:ExtendedPASupport for MumbleLink, ! §cRose Revamp §7[32x].zip
[16:31:28] [Client thread/INFO]: Processing ObjectHolder annotations
[16:31:28] [Client thread/INFO]: Found 384 ObjectHolder annotations
[16:31:28] [Client thread/INFO]: Identifying ItemStackHolder annotations
[16:31:28] [Client thread/INFO]: Found 0 ItemStackHolder annotations
[16:31:28] [Client thread/INFO]: Configured a dormant chunk cache size of 0
[16:31:28] [Forge Version Check/INFO]: [Forge] Starting version check at http://files.minecraftforge.net/maven/net/minecraftforge/forge/promotions_slim.json
[16:31:28] [Client thread/INFO]: Applying holder lookups
[16:31:28] [Client thread/INFO]: Holder lookups applied
[16:31:28] [Client thread/INFO]: Injecting itemstacks
[16:31:28] [Client thread/INFO]: Itemstack injection complete
[16:31:28] [Sound Library Loader/INFO]: Starting up SoundSystem...
[16:31:28] [Thread-10/INFO]: Initializing LWJGL OpenAL
[16:31:28] [Thread-10/INFO]: (The LWJGL binding of OpenAL.  For more information, see http://www.lwjgl.org)
[16:31:28] [Thread-10/ERROR]: The jar file C:\Users\matts\curseforge\minecraft\Install\libraries\org\lwjgl\lwjgl\lwjgl\2.9.4-nightly-20150209\lwjgl-2.9.4-nightly-20150209.jar has a security seal for path org.lwjgl, but that path is defined and not secure
[16:31:28] [Thread-10/ERROR]: The jar file C:\Users\matts\curseforge\minecraft\Install\libraries\org\lwjgl\lwjgl\lwjgl\2.9.4-nightly-20150209\lwjgl-2.9.4-nightly-20150209.jar has a security seal for path org.lwjgl.openal, but that path is defined and not secure
[16:31:28] [Thread-10/ERROR]: The jar file C:\Users\matts\curseforge\minecraft\Install\libraries\org\lwjgl\lwjgl\lwjgl\2.9.4-nightly-20150209\lwjgl-2.9.4-nightly-20150209.jar has a security seal for path org.lwjgl.openal, but that path is defined and not secure
[16:31:29] [Thread-10/ERROR]: The jar file C:\Users\matts\curseforge\minecraft\Install\libraries\org\lwjgl\lwjgl\lwjgl\2.9.4-nightly-20150209\lwjgl-2.9.4-nightly-20150209.jar has a security seal for path org.lwjgl.openal, but that path is defined and not secure
[16:31:29] [Thread-10/ERROR]: The jar file C:\Users\matts\curseforge\minecraft\Install\libraries\org\lwjgl\lwjgl\lwjgl\2.9.4-nightly-20150209\lwjgl-2.9.4-nightly-20150209.jar has a security seal for path org.lwjgl.openal, but that path is defined and not secure
[16:31:29] [Thread-10/ERROR]: The jar file C:\Users\matts\curseforge\minecraft\Install\libraries\org\lwjgl\lwjgl\lwjgl\2.9.4-nightly-20150209\lwjgl-2.9.4-nightly-20150209.jar has a security seal for path org.lwjgl.openal, but that path is defined and not secure
[16:31:29] [Thread-10/ERROR]: The jar file C:\Users\matts\curseforge\minecraft\Install\libraries\org\lwjgl\lwjgl\lwjgl\2.9.4-nightly-20150209\lwjgl-2.9.4-nightly-20150209.jar has a security seal for path org.lwjgl.openal, but that path is defined and not secure
[16:31:29] [Thread-10/ERROR]: The jar file C:\Users\matts\curseforge\minecraft\Install\libraries\org\lwjgl\lwjgl\lwjgl\2.9.4-nightly-20150209\lwjgl-2.9.4-nightly-20150209.jar has a security seal for path org.lwjgl.openal, but that path is defined and not secure
[16:31:29] [Thread-10/ERROR]: The jar file C:\Users\matts\curseforge\minecraft\Install\libraries\org\lwjgl\lwjgl\lwjgl\2.9.4-nightly-20150209\lwjgl-2.9.4-nightly-20150209.jar has a security seal for path org.lwjgl.openal, but that path is defined and not secure
[16:31:29] [Thread-10/ERROR]: The jar file C:\Users\matts\curseforge\minecraft\Install\libraries\org\lwjgl\lwjgl\lwjgl\2.9.4-nightly-20150209\lwjgl-2.9.4-nightly-20150209.jar has a security seal for path org.lwjgl.openal, but that path is defined and not secure
[16:31:29] [Thread-10/INFO]: OpenAL initialized.
[16:31:29] [Sound Library Loader/INFO]: Sound engine started
[16:31:29] [Client thread/INFO]: Max texture size: 16384
[16:31:29] [Client thread/INFO]: Created: 16x16 textures-atlas
[16:31:29] [Client thread/INFO]: Mixing RendererLivingEntityMixin from mixins.evergreenhud.json into net.minecraft.client.renderer.entity.RendererLivingEntity
[16:31:29] [Client thread/INFO]: Mixing EntityRendererMixin from mixins.oneconfig.json into net.minecraft.client.renderer.EntityRenderer
[16:31:30] [Client thread/INFO]: Mixing HUDUtilsMixin from mixins.evergreenhud.json into cc.polyfrost.oneconfig.hud.HUDUtils
[16:31:30] [Client thread/INFO]: Loading library 'LinkAPI' from: C:\Users\matts\AppData\Local\Temp\MumbleLink1171668227305954455native
[16:31:30] [Client thread/INFO]: Injecting itemstacks
[16:31:30] [Client thread/INFO]: Itemstack injection complete
[16:31:30] [Client thread/INFO]: Forge Mod Loader has successfully loaded 7 mods
[16:31:30] [Client thread/INFO]: Reloading ResourceManager: Default, FMLFileResourcePack:Forge Mod Loader, FMLFileResourcePack:Minecraft Forge, FMLFileResourcePack:OneConfig, FMLFileResourcePack:EvergreenHUD, FMLFileResourcePack:MumbleLink for Forge, FMLFileResourcePack:ExtendedPASupport for MumbleLink, ! §cRose Revamp §7[32x].zip
[16:31:30] [Client thread/INFO]: SoundSystem shutting down...
[16:31:30] [Client thread/WARN]: Author: Paul Lamb, www.paulscode.com
[16:31:30] [Sound Library Loader/INFO]: Starting up SoundSystem...
[16:31:31] [Thread-14/INFO]: Initializing LWJGL OpenAL
[16:31:31] [Thread-14/INFO]: (The LWJGL binding of OpenAL.  For more information, see http://www.lwjgl.org)
[16:31:31] [Thread-14/INFO]: OpenAL initialized.
[16:31:31] [Client thread/INFO]: Max texture size: 16384
[16:31:31] [Sound Library Loader/INFO]: Sound engine started
[16:31:31] [Client thread/INFO]: Created: 1024x1024 textures-atlas
[16:31:31] [Client thread/INFO]: [ChatLog/TWK]Transformer called for class avt
[16:31:31] [Client thread/INFO]: [ChatLog/TWK]Initialized. Now looking through methods...
[16:31:31] [Client thread/INFO]: [ChatLog/TWK]Found method a(Leu;I)V
[16:31:31] [Client thread/INFO]: [ChatLog/TWK]Found a return in above method, creating instruction list
[16:31:31] [Client thread/INFO]: [ChatLog/TWK]Injecting instructions into method...
[16:31:31] [Client thread/INFO]: [ChatLog/TWK]Instructions successfully injected!
[16:31:31] [Client thread/INFO]: [ChatLog/TWK]Preparing class writer...
[16:31:31] [Client thread/INFO]: [ChatLog/TWK]Returning modified class to the game tweaker
[16:31:32] [Client thread/INFO]: Mixing ShaderGroupAccessor from mixins.oneconfig.json into net.minecraft.client.shader.ShaderGroup
[16:31:32] [Client thread/ERROR]: The jar file C:\Users\matts\curseforge\minecraft\Install\libraries\org\lwjgl\lwjgl\lwjgl\2.9.4-nightly-20150209\lwjgl-2.9.4-nightly-20150209.jar has a security seal for path org.lwjgl.opengl, but that path is defined and not secure
[16:31:32] [Client thread/ERROR]: The jar file C:\Users\matts\curseforge\minecraft\Install\libraries\org\lwjgl\lwjgl\lwjgl\2.9.4-nightly-20150209\lwjgl-2.9.4-nightly-20150209.jar has a security seal for path org.lwjgl.opengl, but that path is defined and not secure
[16:31:32] [Client thread/ERROR]: The jar file C:\Users\matts\curseforge\minecraft\Install\libraries\org\lwjgl\lwjgl\lwjgl\2.9.4-nightly-20150209\lwjgl-2.9.4-nightly-20150209.jar has a security seal for path org.lwjgl.opengl, but that path is defined and not secure
[16:31:36] [Server Pinger #0/INFO]: Mixing NetworkManagerMixin from mixins.oneconfig.json into net.minecraft.network.NetworkManager
[16:31:36] [Netty Client IO #0/INFO]: Attempting connection with missing mods [mcp, FML, Forge, oneconfig, evergreenhud, MumbleLink, ExtendedPASupport] at SERVER
[16:31:46] [Client thread/ERROR]: The jar file C:\Users\matts\curseforge\minecraft\Install\libraries\org\lwjgl\lwjgl\lwjgl\2.9.4-nightly-20150209\lwjgl-2.9.4-nightly-20150209.jar has a security seal for path org.lwjgl.opengl, but that path is defined and not secure
[16:34:04] [Client thread/INFO]: Connecting to mc.uhcworld.fr, 25565
[16:34:05] [Netty Client IO #1/INFO]: Unexpected packet during modded negotiation - assuming vanilla or keepalives : net.minecraft.network.play.server.S47PacketPlayerListHeaderFooter
[16:34:05] [Netty Client IO #1/INFO]: Aborting client handshake "VANILLA"
[16:34:05] [Netty Client IO #1/INFO]: [Netty Client IO #1] Client side vanilla connection established
[16:34:05] [Client thread/INFO]: Mixing ForgeHooksMixin from mixins.evergreenhud.json into net.minecraftforge.common.ForgeHooks
[16:34:06] [Client thread/INFO]: [CHAT] ? ? Il est encore temps de vous reconnecter à votre précédente partie !
[SE RECONNECTER]
[16:34:06] [Client thread/INFO]: [ChatLog/TWK]Initializing ChatLog...
[16:34:06] [Client thread/INFO]: [ChatLog/TWK]Initializing themes...
[16:34:06] [Client thread/INFO]: [ChatLog/TWK]Themes initialized.
[16:34:06] [Client thread/INFO]: [ChatLog/TWK]Reading configuration file...
[16:34:06] [Client thread/INFO]: [ChatLog/TWK]Initialized.
[16:34:06] [Client thread/FATAL]: Error executing task
java.util.concurrent.ExecutionException: java.lang.NullPointerException
	at java.util.concurrent.FutureTask.report(FutureTask.java:122) ~[?:1.8.0_51]
	at java.util.concurrent.FutureTask.get(FutureTask.java:192) ~[?:1.8.0_51]
	at net.minecraft.util.Util.func_181617_a(SourceFile:45) [g.class:?]
	at net.minecraft.client.Minecraft.func_71411_J(Minecraft.java:1014) [ave.class:?]
	at net.minecraft.client.Minecraft.func_99999_d(Minecraft.java:349) [ave.class:?]
	at net.minecraft.client.main.Main.main(SourceFile:124) [Main.class:?]
	at sun.reflect.NativeMethodAccessorImpl.invoke0(Native Method) ~[?:1.8.0_51]
	at sun.reflect.NativeMethodAccessorImpl.invoke(NativeMethodAccessorImpl.java:62) ~[?:1.8.0_51]
	at sun.reflect.DelegatingMethodAccessorImpl.invoke(DelegatingMethodAccessorImpl.java:43) ~[?:1.8.0_51]
	at java.lang.reflect.Method.invoke(Method.java:497) ~[?:1.8.0_51]
	at net.minecraft.launchwrapper.Launch.launch(Launch.java:135) [launchwrapper-1.12.jar:?]
	at net.minecraft.launchwrapper.Launch.main(Launch.java:28) [launchwrapper-1.12.jar:?]
Caused by: java.lang.NullPointerException
	at net.minecraft.network.play.server.S0CPacketSpawnPlayer.func_148944_c(SourceFile:80) ~[fp.class:?]
	at net.minecraft.client.network.NetHandlerPlayClient.func_147237_a(NetHandlerPlayClient.java:501) ~[bcy.class:?]
	at net.minecraft.network.play.server.S0CPacketSpawnPlayer.func_148833_a(SourceFile:75) ~[fp.class:?]
	at net.minecraft.network.play.server.S0CPacketSpawnPlayer.func_148833_a(SourceFile:16) ~[fp.class:?]
	at net.minecraft.network.PacketThreadUtil$1.run(SourceFile:13) ~[fh$1.class:?]
	at java.util.concurrent.Executors$RunnableAdapter.call(Executors.java:511) ~[?:1.8.0_51]
	at java.util.concurrent.FutureTask.run(FutureTask.java:266) ~[?:1.8.0_51]
	at net.minecraft.util.Util.func_181617_a(SourceFile:44) ~[g.class:?]
	... 9 more
[16:34:06] [Client thread/FATAL]: Error executing task
java.util.concurrent.ExecutionException: java.lang.IllegalArgumentException: A team with the name 'citizen_team' already exists!
	at java.util.concurrent.FutureTask.report(FutureTask.java:122) ~[?:1.8.0_51]
	at java.util.concurrent.FutureTask.get(FutureTask.java:192) ~[?:1.8.0_51]
	at net.minecraft.util.Util.func_181617_a(SourceFile:45) [g.class:?]
	at net.minecraft.client.Minecraft.func_71411_J(Minecraft.java:1014) [ave.class:?]
	at net.minecraft.client.Minecraft.func_99999_d(Minecraft.java:349) [ave.class:?]
	at net.minecraft.client.main.Main.main(SourceFile:124) [Main.class:?]
	at sun.reflect.NativeMethodAccessorImpl.invoke0(Native Method) ~[?:1.8.0_51]
	at sun.reflect.NativeMethodAccessorImpl.invoke(NativeMethodAccessorImpl.java:62) ~[?:1.8.0_51]
	at sun.reflect.DelegatingMethodAccessorImpl.invoke(DelegatingMethodAccessorImpl.java:43) ~[?:1.8.0_51]
	at java.lang.reflect.Method.invoke(Method.java:497) ~[?:1.8.0_51]
	at net.minecraft.launchwrapper.Launch.launch(Launch.java:135) [launchwrapper-1.12.jar:?]
	at net.minecraft.launchwrapper.Launch.main(Launch.java:28) [launchwrapper-1.12.jar:?]
Caused by: java.lang.IllegalArgumentException: A team with the name 'citizen_team' already exists!
	at net.minecraft.scoreboard.Scoreboard.func_96527_f(SourceFile:218) ~[auo.class:?]
	at net.minecraft.client.network.NetHandlerPlayClient.func_147247_a(NetHandlerPlayClient.java:1773) ~[bcy.class:?]
	at net.minecraft.network.play.server.S3EPacketTeams.func_148833_a(SourceFile:113) ~[hr.class:?]
	at net.minecraft.network.play.server.S3EPacketTeams.func_148833_a(SourceFile:13) ~[hr.class:?]
	at net.minecraft.network.PacketThreadUtil$1.run(SourceFile:13) ~[fh$1.class:?]
	at java.util.concurrent.Executors$RunnableAdapter.call(Executors.java:511) ~[?:1.8.0_51]
	at java.util.concurrent.FutureTask.run(FutureTask.java:266) ~[?:1.8.0_51]
	at net.minecraft.util.Util.func_181617_a(SourceFile:44) ~[g.class:?]
	... 9 more
[16:34:06] [Client thread/FATAL]: Error executing task
java.util.concurrent.ExecutionException: java.lang.NullPointerException
	at java.util.concurrent.FutureTask.report(FutureTask.java:122) ~[?:1.8.0_51]
	at java.util.concurrent.FutureTask.get(FutureTask.java:192) ~[?:1.8.0_51]
	at net.minecraft.util.Util.func_181617_a(SourceFile:45) [g.class:?]
	at net.minecraft.client.Minecraft.func_71411_J(Minecraft.java:1014) [ave.class:?]
	at net.minecraft.client.Minecraft.func_99999_d(Minecraft.java:349) [ave.class:?]
	at net.minecraft.client.main.Main.main(SourceFile:124) [Main.class:?]
	at sun.reflect.NativeMethodAccessorImpl.invoke0(Native Method) ~[?:1.8.0_51]
	at sun.reflect.NativeMethodAccessorImpl.invoke(NativeMethodAccessorImpl.java:62) ~[?:1.8.0_51]
	at sun.reflect.DelegatingMethodAccessorImpl.invoke(DelegatingMethodAccessorImpl.java:43) ~[?:1.8.0_51]
	at java.lang.reflect.Method.invoke(Method.java:497) ~[?:1.8.0_51]
	at net.minecraft.launchwrapper.Launch.launch(Launch.java:135) [launchwrapper-1.12.jar:?]
	at net.minecraft.launchwrapper.Launch.main(Launch.java:28) [launchwrapper-1.12.jar:?]
Caused by: java.lang.NullPointerException
	at net.minecraft.network.play.server.S0CPacketSpawnPlayer.func_148944_c(SourceFile:80) ~[fp.class:?]
	at net.minecraft.client.network.NetHandlerPlayClient.func_147237_a(NetHandlerPlayClient.java:501) ~[bcy.class:?]
	at net.minecraft.network.play.server.S0CPacketSpawnPlayer.func_148833_a(SourceFile:75) ~[fp.class:?]
	at net.minecraft.network.play.server.S0CPacketSpawnPlayer.func_148833_a(SourceFile:16) ~[fp.class:?]
	at net.minecraft.network.PacketThreadUtil$1.run(SourceFile:13) ~[fh$1.class:?]
	at java.util.concurrent.Executors$RunnableAdapter.call(Executors.java:511) ~[?:1.8.0_51]
	at java.util.concurrent.FutureTask.run(FutureTask.java:266) ~[?:1.8.0_51]
	at net.minecraft.util.Util.func_181617_a(SourceFile:44) ~[g.class:?]
	... 9 more
[16:34:06] [Client thread/FATAL]: Error executing task
java.util.concurrent.ExecutionException: java.lang.NullPointerException
	at java.util.concurrent.FutureTask.report(FutureTask.java:122) ~[?:1.8.0_51]
	at java.util.concurrent.FutureTask.get(FutureTask.java:192) ~[?:1.8.0_51]
	at net.minecraft.util.Util.func_181617_a(SourceFile:45) [g.class:?]
	at net.minecraft.client.Minecraft.func_71411_J(Minecraft.java:1014) [ave.class:?]
	at net.minecraft.client.Minecraft.func_99999_d(Minecraft.java:349) [ave.class:?]
	at net.minecraft.client.main.Main.main(SourceFile:124) [Main.class:?]
	at sun.reflect.NativeMethodAccessorImpl.invoke0(Native Method) ~[?:1.8.0_51]
	at sun.reflect.NativeMethodAccessorImpl.invoke(NativeMethodAccessorImpl.java:62) ~[?:1.8.0_51]
	at sun.reflect.DelegatingMethodAccessorImpl.invoke(DelegatingMethodAccessorImpl.java:43) ~[?:1.8.0_51]
	at java.lang.reflect.Method.invoke(Method.java:497) ~[?:1.8.0_51]
	at net.minecraft.launchwrapper.Launch.launch(Launch.java:135) [launchwrapper-1.12.jar:?]
	at net.minecraft.launchwrapper.Launch.main(Launch.java:28) [launchwrapper-1.12.jar:?]
Caused by: java.lang.NullPointerException
	at net.minecraft.network.play.server.S0FPacketSpawnMob.func_149027_c(SourceFile:114) ~[fn.class:?]
	at net.minecraft.client.network.NetHandlerPlayClient.func_147281_a(NetHandlerPlayClient.java:840) ~[bcy.class:?]
	at net.minecraft.network.play.server.S0FPacketSpawnMob.func_148833_a(SourceFile:109) ~[fn.class:?]
	at net.minecraft.network.play.server.S0FPacketSpawnMob.func_148833_a(SourceFile:15) ~[fn.class:?]
	at net.minecraft.network.PacketThreadUtil$1.run(SourceFile:13) ~[fh$1.class:?]
	at java.util.concurrent.Executors$RunnableAdapter.call(Executors.java:511) ~[?:1.8.0_51]
	at java.util.concurrent.FutureTask.run(FutureTask.java:266) ~[?:1.8.0_51]
	at net.minecraft.util.Util.func_181617_a(SourceFile:44) ~[g.class:?]
	... 9 more
[16:34:06] [Client thread/FATAL]: Error executing task
java.util.concurrent.ExecutionException: java.lang.NullPointerException
	at java.util.concurrent.FutureTask.report(FutureTask.java:122) ~[?:1.8.0_51]
	at java.util.concurrent.FutureTask.get(FutureTask.java:192) ~[?:1.8.0_51]
	at net.minecraft.util.Util.func_181617_a(SourceFile:45) [g.class:?]
	at net.minecraft.client.Minecraft.func_71411_J(Minecraft.java:1014) [ave.class:?]
	at net.minecraft.client.Minecraft.func_99999_d(Minecraft.java:349) [ave.class:?]
	at net.minecraft.client.main.Main.main(SourceFile:124) [Main.class:?]
	at sun.reflect.NativeMethodAccessorImpl.invoke0(Native Method) ~[?:1.8.0_51]
	at sun.reflect.NativeMethodAccessorImpl.invoke(NativeMethodAccessorImpl.java:62) ~[?:1.8.0_51]
	at sun.reflect.DelegatingMethodAccessorImpl.invoke(DelegatingMethodAccessorImpl.java:43) ~[?:1.8.0_51]
	at java.lang.reflect.Method.invoke(Method.java:497) ~[?:1.8.0_51]
	at net.minecraft.launchwrapper.Launch.launch(Launch.java:135) [launchwrapper-1.12.jar:?]
	at net.minecraft.launchwrapper.Launch.main(Launch.java:28) [launchwrapper-1.12.jar:?]
Caused by: java.lang.NullPointerException
	at net.minecraft.network.play.server.S0FPacketSpawnMob.func_149027_c(SourceFile:114) ~[fn.class:?]
	at net.minecraft.client.network.NetHandlerPlayClient.func_147281_a(NetHandlerPlayClient.java:840) ~[bcy.class:?]
	at net.minecraft.network.play.server.S0FPacketSpawnMob.func_148833_a(SourceFile:109) ~[fn.class:?]
	at net.minecraft.network.play.server.S0FPacketSpawnMob.func_148833_a(SourceFile:15) ~[fn.class:?]
	at net.minecraft.network.PacketThreadUtil$1.run(SourceFile:13) ~[fh$1.class:?]
	at java.util.concurrent.Executors$RunnableAdapter.call(Executors.java:511) ~[?:1.8.0_51]
	at java.util.concurrent.FutureTask.run(FutureTask.java:266) ~[?:1.8.0_51]
	at net.minecraft.util.Util.func_181617_a(SourceFile:44) ~[g.class:?]
	... 9 more
[16:34:13] [Client thread/ERROR]: The jar file C:\Users\matts\curseforge\minecraft\Install\libraries\org\lwjgl\lwjgl\lwjgl\2.9.4-nightly-20150209\lwjgl-2.9.4-nightly-20150209.jar has a security seal for path org.lwjgl.input, but that path is defined and not secure
[16:34:15] [Client thread/INFO]: [CHAT] /f, /friend
[16:34:16] [Client thread/INFO]: [CHAT] /f, /friend
[16:36:15] [Client thread/INFO]: [CHAT] Mael_ vient de lancer une partie de Loup-Garou UHC.
[16:36:15] [Client thread/FATAL]: Error executing task
java.util.concurrent.ExecutionException: java.lang.IllegalArgumentException: A team with the name 'citizen_team' already exists!
	at java.util.concurrent.FutureTask.report(FutureTask.java:122) ~[?:1.8.0_51]
	at java.util.concurrent.FutureTask.get(FutureTask.java:192) ~[?:1.8.0_51]
	at net.minecraft.util.Util.func_181617_a(SourceFile:45) [g.class:?]
	at net.minecraft.client.Minecraft.func_71411_J(Minecraft.java:1014) [ave.class:?]
	at net.minecraft.client.Minecraft.func_99999_d(Minecraft.java:349) [ave.class:?]
	at net.minecraft.client.main.Main.main(SourceFile:124) [Main.class:?]
	at sun.reflect.NativeMethodAccessorImpl.invoke0(Native Method) ~[?:1.8.0_51]
	at sun.reflect.NativeMethodAccessorImpl.invoke(NativeMethodAccessorImpl.java:62) ~[?:1.8.0_51]
	at sun.reflect.DelegatingMethodAccessorImpl.invoke(DelegatingMethodAccessorImpl.java:43) ~[?:1.8.0_51]
	at java.lang.reflect.Method.invoke(Method.java:497) ~[?:1.8.0_51]
	at net.minecraft.launchwrapper.Launch.launch(Launch.java:135) [launchwrapper-1.12.jar:?]
	at net.minecraft.launchwrapper.Launch.main(Launch.java:28) [launchwrapper-1.12.jar:?]
Caused by: java.lang.IllegalArgumentException: A team with the name 'citizen_team' already exists!
	at net.minecraft.scoreboard.Scoreboard.func_96527_f(SourceFile:218) ~[auo.class:?]
	at net.minecraft.client.network.NetHandlerPlayClient.func_147247_a(NetHandlerPlayClient.java:1773) ~[bcy.class:?]
	at net.minecraft.network.play.server.S3EPacketTeams.func_148833_a(SourceFile:113) ~[hr.class:?]
	at net.minecraft.network.play.server.S3EPacketTeams.func_148833_a(SourceFile:13) ~[hr.class:?]
	at net.minecraft.network.PacketThreadUtil$1.run(SourceFile:13) ~[fh$1.class:?]
	at java.util.concurrent.Executors$RunnableAdapter.call(Executors.java:511) ~[?:1.8.0_51]
	at java.util.concurrent.FutureTask.run(FutureTask.java:266) ~[?:1.8.0_51]
	at net.minecraft.util.Util.func_181617_a(SourceFile:44) ~[g.class:?]
	... 9 more
[16:36:15] [Client thread/FATAL]: Error executing task
java.util.concurrent.ExecutionException: java.lang.NullPointerException
	at java.util.concurrent.FutureTask.report(FutureTask.java:122) ~[?:1.8.0_51]
	at java.util.concurrent.FutureTask.get(FutureTask.java:192) ~[?:1.8.0_51]
	at net.minecraft.util.Util.func_181617_a(SourceFile:45) [g.class:?]
	at net.minecraft.client.Minecraft.func_71411_J(Minecraft.java:1014) [ave.class:?]
	at net.minecraft.client.Minecraft.func_99999_d(Minecraft.java:349) [ave.class:?]
	at net.minecraft.client.main.Main.main(SourceFile:124) [Main.class:?]
	at sun.reflect.NativeMethodAccessorImpl.invoke0(Native Method) ~[?:1.8.0_51]
	at sun.reflect.NativeMethodAccessorImpl.invoke(NativeMethodAccessorImpl.java:62) ~[?:1.8.0_51]
	at sun.reflect.DelegatingMethodAccessorImpl.invoke(DelegatingMethodAccessorImpl.java:43) ~[?:1.8.0_51]
	at java.lang.reflect.Method.invoke(Method.java:497) ~[?:1.8.0_51]
	at net.minecraft.launchwrapper.Launch.launch(Launch.java:135) [launchwrapper-1.12.jar:?]
	at net.minecraft.launchwrapper.Launch.main(Launch.java:28) [launchwrapper-1.12.jar:?]
Caused by: java.lang.NullPointerException
	at net.minecraft.network.play.server.S0CPacketSpawnPlayer.func_148944_c(SourceFile:80) ~[fp.class:?]
	at net.minecraft.client.network.NetHandlerPlayClient.func_147237_a(NetHandlerPlayClient.java:501) ~[bcy.class:?]
	at net.minecraft.network.play.server.S0CPacketSpawnPlayer.func_148833_a(SourceFile:75) ~[fp.class:?]
	at net.minecraft.network.play.server.S0CPacketSpawnPlayer.func_148833_a(SourceFile:16) ~[fp.class:?]
	at net.minecraft.network.PacketThreadUtil$1.run(SourceFile:13) ~[fh$1.class:?]
	at java.util.concurrent.Executors$RunnableAdapter.call(Executors.java:511) ~[?:1.8.0_51]
	at java.util.concurrent.FutureTask.run(FutureTask.java:266) ~[?:1.8.0_51]
	at net.minecraft.util.Util.func_181617_a(SourceFile:44) ~[g.class:?]
	... 9 more
[16:36:18] [Client thread/FATAL]: Error executing task
java.util.concurrent.ExecutionException: java.lang.IllegalArgumentException: A team with the name 'citizen_team' already exists!
	at java.util.concurrent.FutureTask.report(FutureTask.java:122) ~[?:1.8.0_51]
	at java.util.concurrent.FutureTask.get(FutureTask.java:192) ~[?:1.8.0_51]
	at net.minecraft.util.Util.func_181617_a(SourceFile:45) [g.class:?]
	at net.minecraft.client.Minecraft.func_71411_J(Minecraft.java:1014) [ave.class:?]
	at net.minecraft.client.Minecraft.func_99999_d(Minecraft.java:349) [ave.class:?]
	at net.minecraft.client.main.Main.main(SourceFile:124) [Main.class:?]
	at sun.reflect.NativeMethodAccessorImpl.invoke0(Native Method) ~[?:1.8.0_51]
	at sun.reflect.NativeMethodAccessorImpl.invoke(NativeMethodAccessorImpl.java:62) ~[?:1.8.0_51]
	at sun.reflect.DelegatingMethodAccessorImpl.invoke(DelegatingMethodAccessorImpl.java:43) ~[?:1.8.0_51]
	at java.lang.reflect.Method.invoke(Method.java:497) ~[?:1.8.0_51]
	at net.minecraft.launchwrapper.Launch.launch(Launch.java:135) [launchwrapper-1.12.jar:?]
	at net.minecraft.launchwrapper.Launch.main(Launch.java:28) [launchwrapper-1.12.jar:?]
Caused by: java.lang.IllegalArgumentException: A team with the name 'citizen_team' already exists!
	at net.minecraft.scoreboard.Scoreboard.func_96527_f(SourceFile:218) ~[auo.class:?]
	at net.minecraft.client.network.NetHandlerPlayClient.func_147247_a(NetHandlerPlayClient.java:1773) ~[bcy.class:?]
	at net.minecraft.network.play.server.S3EPacketTeams.func_148833_a(SourceFile:113) ~[hr.class:?]
	at net.minecraft.network.play.server.S3EPacketTeams.func_148833_a(SourceFile:13) ~[hr.class:?]
	at net.minecraft.network.PacketThreadUtil$1.run(SourceFile:13) ~[fh$1.class:?]
	at java.util.concurrent.Executors$RunnableAdapter.call(Executors.java:511) ~[?:1.8.0_51]
	at java.util.concurrent.FutureTask.run(FutureTask.java:266) ~[?:1.8.0_51]
	at net.minecraft.util.Util.func_181617_a(SourceFile:44) ~[g.class:?]
	... 9 more
[16:36:18] [Client thread/FATAL]: Error executing task
java.util.concurrent.ExecutionException: java.lang.NullPointerException
	at java.util.concurrent.FutureTask.report(FutureTask.java:122) ~[?:1.8.0_51]
	at java.util.concurrent.FutureTask.get(FutureTask.java:192) ~[?:1.8.0_51]
	at net.minecraft.util.Util.func_181617_a(SourceFile:45) [g.class:?]
	at net.minecraft.client.Minecraft.func_71411_J(Minecraft.java:1014) [ave.class:?]
	at net.minecraft.client.Minecraft.func_99999_d(Minecraft.java:349) [ave.class:?]
	at net.minecraft.client.main.Main.main(SourceFile:124) [Main.class:?]
	at sun.reflect.NativeMethodAccessorImpl.invoke0(Native Method) ~[?:1.8.0_51]
	at sun.reflect.NativeMethodAccessorImpl.invoke(NativeMethodAccessorImpl.java:62) ~[?:1.8.0_51]
	at sun.reflect.DelegatingMethodAccessorImpl.invoke(DelegatingMethodAccessorImpl.java:43) ~[?:1.8.0_51]
	at java.lang.reflect.Method.invoke(Method.java:497) ~[?:1.8.0_51]
	at net.minecraft.launchwrapper.Launch.launch(Launch.java:135) [launchwrapper-1.12.jar:?]
	at net.minecraft.launchwrapper.Launch.main(Launch.java:28) [launchwrapper-1.12.jar:?]
Caused by: java.lang.NullPointerException
	at net.minecraft.network.play.server.S0CPacketSpawnPlayer.func_148944_c(SourceFile:80) ~[fp.class:?]
	at net.minecraft.client.network.NetHandlerPlayClient.func_147237_a(NetHandlerPlayClient.java:501) ~[bcy.class:?]
	at net.minecraft.network.play.server.S0CPacketSpawnPlayer.func_148833_a(SourceFile:75) ~[fp.class:?]
	at net.minecraft.network.play.server.S0CPacketSpawnPlayer.func_148833_a(SourceFile:16) ~[fp.class:?]
	at net.minecraft.network.PacketThreadUtil$1.run(SourceFile:13) ~[fh$1.class:?]
	at java.util.concurrent.Executors$RunnableAdapter.call(Executors.java:511) ~[?:1.8.0_51]
	at java.util.concurrent.FutureTask.run(FutureTask.java:266) ~[?:1.8.0_51]
	at net.minecraft.util.Util.func_181617_a(SourceFile:44) ~[g.class:?]
	... 9 more
[16:36:18] [Client thread/FATAL]: Error executing task
java.util.concurrent.ExecutionException: java.lang.IllegalArgumentException: A team with the name 'citizen_team' already exists!
	at java.util.concurrent.FutureTask.report(FutureTask.java:122) ~[?:1.8.0_51]
	at java.util.concurrent.FutureTask.get(FutureTask.java:192) ~[?:1.8.0_51]
	at net.minecraft.util.Util.func_181617_a(SourceFile:45) [g.class:?]
	at net.minecraft.client.Minecraft.func_71411_J(Minecraft.java:1014) [ave.class:?]
	at net.minecraft.client.Minecraft.func_99999_d(Minecraft.java:349) [ave.class:?]
	at net.minecraft.client.main.Main.main(SourceFile:124) [Main.class:?]
	at sun.reflect.NativeMethodAccessorImpl.invoke0(Native Method) ~[?:1.8.0_51]
	at sun.reflect.NativeMethodAccessorImpl.invoke(NativeMethodAccessorImpl.java:62) ~[?:1.8.0_51]
	at sun.reflect.DelegatingMethodAccessorImpl.invoke(DelegatingMethodAccessorImpl.java:43) ~[?:1.8.0_51]
	at java.lang.reflect.Method.invoke(Method.java:497) ~[?:1.8.0_51]
	at net.minecraft.launchwrapper.Launch.launch(Launch.java:135) [launchwrapper-1.12.jar:?]
	at net.minecraft.launchwrapper.Launch.main(Launch.java:28) [launchwrapper-1.12.jar:?]
Caused by: java.lang.IllegalArgumentException: A team with the name 'citizen_team' already exists!
	at net.minecraft.scoreboard.Scoreboard.func_96527_f(SourceFile:218) ~[auo.class:?]
	at net.minecraft.client.network.NetHandlerPlayClient.func_147247_a(NetHandlerPlayClient.java:1773) ~[bcy.class:?]
	at net.minecraft.network.play.server.S3EPacketTeams.func_148833_a(SourceFile:113) ~[hr.class:?]
	at net.minecraft.network.play.server.S3EPacketTeams.func_148833_a(SourceFile:13) ~[hr.class:?]
	at net.minecraft.network.PacketThreadUtil$1.run(SourceFile:13) ~[fh$1.class:?]
	at java.util.concurrent.Executors$RunnableAdapter.call(Executors.java:511) ~[?:1.8.0_51]
	at java.util.concurrent.FutureTask.run(FutureTask.java:266) ~[?:1.8.0_51]
	at net.minecraft.util.Util.func_181617_a(SourceFile:44) ~[g.class:?]
	... 9 more
[16:36:18] [Client thread/FATAL]: Error executing task
java.util.concurrent.ExecutionException: java.lang.NullPointerException
	at java.util.concurrent.FutureTask.report(FutureTask.java:122) ~[?:1.8.0_51]
	at java.util.concurrent.FutureTask.get(FutureTask.java:192) ~[?:1.8.0_51]
	at net.minecraft.util.Util.func_181617_a(SourceFile:45) [g.class:?]
	at net.minecraft.client.Minecraft.func_71411_J(Minecraft.java:1014) [ave.class:?]
	at net.minecraft.client.Minecraft.func_99999_d(Minecraft.java:349) [ave.class:?]
	at net.minecraft.client.main.Main.main(SourceFile:124) [Main.class:?]
	at sun.reflect.NativeMethodAccessorImpl.invoke0(Native Method) ~[?:1.8.0_51]
	at sun.reflect.NativeMethodAccessorImpl.invoke(NativeMethodAccessorImpl.java:62) ~[?:1.8.0_51]
	at sun.reflect.DelegatingMethodAccessorImpl.invoke(DelegatingMethodAccessorImpl.java:43) ~[?:1.8.0_51]
	at java.lang.reflect.Method.invoke(Method.java:497) ~[?:1.8.0_51]
	at net.minecraft.launchwrapper.Launch.launch(Launch.java:135) [launchwrapper-1.12.jar:?]
	at net.minecraft.launchwrapper.Launch.main(Launch.java:28) [launchwrapper-1.12.jar:?]
Caused by: java.lang.NullPointerException
	at net.minecraft.network.play.server.S0CPacketSpawnPlayer.func_148944_c(SourceFile:80) ~[fp.class:?]
	at net.minecraft.client.network.NetHandlerPlayClient.func_147237_a(NetHandlerPlayClient.java:501) ~[bcy.class:?]
	at net.minecraft.network.play.server.S0CPacketSpawnPlayer.func_148833_a(SourceFile:75) ~[fp.class:?]
	at net.minecraft.network.play.server.S0CPacketSpawnPlayer.func_148833_a(SourceFile:16) ~[fp.class:?]
	at net.minecraft.network.PacketThreadUtil$1.run(SourceFile:13) ~[fh$1.class:?]
	at java.util.concurrent.Executors$RunnableAdapter.call(Executors.java:511) ~[?:1.8.0_51]
	at java.util.concurrent.FutureTask.run(FutureTask.java:266) ~[?:1.8.0_51]
	at net.minecraft.util.Util.func_181617_a(SourceFile:44) ~[g.class:?]
	... 9 more
[16:36:18] [Client thread/INFO]: [CHAT] RaZAUr_ n'en pouvait plus et a quitté le parkour !
[16:36:22] [Client thread/FATAL]: Error executing task
java.util.concurrent.ExecutionException: java.lang.IllegalArgumentException: A team with the name 'citizen_team' already exists!
	at java.util.concurrent.FutureTask.report(FutureTask.java:122) ~[?:1.8.0_51]
	at java.util.concurrent.FutureTask.get(FutureTask.java:192) ~[?:1.8.0_51]
	at net.minecraft.util.Util.func_181617_a(SourceFile:45) [g.class:?]
	at net.minecraft.client.Minecraft.func_71411_J(Minecraft.java:1014) [ave.class:?]
	at net.minecraft.client.Minecraft.func_99999_d(Minecraft.java:349) [ave.class:?]
	at net.minecraft.client.main.Main.main(SourceFile:124) [Main.class:?]
	at sun.reflect.NativeMethodAccessorImpl.invoke0(Native Method) ~[?:1.8.0_51]
	at sun.reflect.NativeMethodAccessorImpl.invoke(NativeMethodAccessorImpl.java:62) ~[?:1.8.0_51]
	at sun.reflect.DelegatingMethodAccessorImpl.invoke(DelegatingMethodAccessorImpl.java:43) ~[?:1.8.0_51]
	at java.lang.reflect.Method.invoke(Method.java:497) ~[?:1.8.0_51]
	at net.minecraft.launchwrapper.Launch.launch(Launch.java:135) [launchwrapper-1.12.jar:?]
	at net.minecraft.launchwrapper.Launch.main(Launch.java:28) [launchwrapper-1.12.jar:?]
Caused by: java.lang.IllegalArgumentException: A team with the name 'citizen_team' already exists!
	at net.minecraft.scoreboard.Scoreboard.func_96527_f(SourceFile:218) ~[auo.class:?]
	at net.minecraft.client.network.NetHandlerPlayClient.func_147247_a(NetHandlerPlayClient.java:1773) ~[bcy.class:?]
	at net.minecraft.network.play.server.S3EPacketTeams.func_148833_a(SourceFile:113) ~[hr.class:?]
	at net.minecraft.network.play.server.S3EPacketTeams.func_148833_a(SourceFile:13) ~[hr.class:?]
	at net.minecraft.network.PacketThreadUtil$1.run(SourceFile:13) ~[fh$1.class:?]
	at java.util.concurrent.Executors$RunnableAdapter.call(Executors.java:511) ~[?:1.8.0_51]
	at java.util.concurrent.FutureTask.run(FutureTask.java:266) ~[?:1.8.0_51]
	at net.minecraft.util.Util.func_181617_a(SourceFile:44) ~[g.class:?]
	... 9 more
[16:36:22] [Client thread/FATAL]: Error executing task
java.util.concurrent.ExecutionException: java.lang.NullPointerException
	at java.util.concurrent.FutureTask.report(FutureTask.java:122) ~[?:1.8.0_51]
	at java.util.concurrent.FutureTask.get(FutureTask.java:192) ~[?:1.8.0_51]
	at net.minecraft.util.Util.func_181617_a(SourceFile:45) [g.class:?]
	at net.minecraft.client.Minecraft.func_71411_J(Minecraft.java:1014) [ave.class:?]
	at net.minecraft.client.Minecraft.func_99999_d(Minecraft.java:349) [ave.class:?]
	at net.minecraft.client.main.Main.main(SourceFile:124) [Main.class:?]
	at sun.reflect.NativeMethodAccessorImpl.invoke0(Native Method) ~[?:1.8.0_51]
	at sun.reflect.NativeMethodAccessorImpl.invoke(NativeMethodAccessorImpl.java:62) ~[?:1.8.0_51]
	at sun.reflect.DelegatingMethodAccessorImpl.invoke(DelegatingMethodAccessorImpl.java:43) ~[?:1.8.0_51]
	at java.lang.reflect.Method.invoke(Method.java:497) ~[?:1.8.0_51]
	at net.minecraft.launchwrapper.Launch.launch(Launch.java:135) [launchwrapper-1.12.jar:?]
	at net.minecraft.launchwrapper.Launch.main(Launch.java:28) [launchwrapper-1.12.jar:?]
Caused by: java.lang.NullPointerException
	at net.minecraft.network.play.server.S0CPacketSpawnPlayer.func_148944_c(SourceFile:80) ~[fp.class:?]
	at net.minecraft.client.network.NetHandlerPlayClient.func_147237_a(NetHandlerPlayClient.java:501) ~[bcy.class:?]
	at net.minecraft.network.play.server.S0CPacketSpawnPlayer.func_148833_a(SourceFile:75) ~[fp.class:?]
	at net.minecraft.network.play.server.S0CPacketSpawnPlayer.func_148833_a(SourceFile:16) ~[fp.class:?]
	at net.minecraft.network.PacketThreadUtil$1.run(SourceFile:13) ~[fh$1.class:?]
	at java.util.concurrent.Executors$RunnableAdapter.call(Executors.java:511) ~[?:1.8.0_51]
	at java.util.concurrent.FutureTask.run(FutureTask.java:266) ~[?:1.8.0_51]
	at net.minecraft.util.Util.func_181617_a(SourceFile:44) ~[g.class:?]
	... 9 more
[16:36:25] [Client thread/FATAL]: Error executing task
java.util.concurrent.ExecutionException: java.lang.IllegalArgumentException: A team with the name 'citizen_team' already exists!
	at java.util.concurrent.FutureTask.report(FutureTask.java:122) ~[?:1.8.0_51]
	at java.util.concurrent.FutureTask.get(FutureTask.java:192) ~[?:1.8.0_51]
	at net.minecraft.util.Util.func_181617_a(SourceFile:45) [g.class:?]
	at net.minecraft.client.Minecraft.func_71411_J(Minecraft.java:1014) [ave.class:?]
	at net.minecraft.client.Minecraft.func_99999_d(Minecraft.java:349) [ave.class:?]
	at net.minecraft.client.main.Main.main(SourceFile:124) [Main.class:?]
	at sun.reflect.NativeMethodAccessorImpl.invoke0(Native Method) ~[?:1.8.0_51]
	at sun.reflect.NativeMethodAccessorImpl.invoke(NativeMethodAccessorImpl.java:62) ~[?:1.8.0_51]
	at sun.reflect.DelegatingMethodAccessorImpl.invoke(DelegatingMethodAccessorImpl.java:43) ~[?:1.8.0_51]
	at java.lang.reflect.Method.invoke(Method.java:497) ~[?:1.8.0_51]
	at net.minecraft.launchwrapper.Launch.launch(Launch.java:135) [launchwrapper-1.12.jar:?]
	at net.minecraft.launchwrapper.Launch.main(Launch.java:28) [launchwrapper-1.12.jar:?]
Caused by: java.lang.IllegalArgumentException: A team with the name 'citizen_team' already exists!
	at net.minecraft.scoreboard.Scoreboard.func_96527_f(SourceFile:218) ~[auo.class:?]
	at net.minecraft.client.network.NetHandlerPlayClient.func_147247_a(NetHandlerPlayClient.java:1773) ~[bcy.class:?]
	at net.minecraft.network.play.server.S3EPacketTeams.func_148833_a(SourceFile:113) ~[hr.class:?]
	at net.minecraft.network.play.server.S3EPacketTeams.func_148833_a(SourceFile:13) ~[hr.class:?]
	at net.minecraft.network.PacketThreadUtil$1.run(SourceFile:13) ~[fh$1.class:?]
	at java.util.concurrent.Executors$RunnableAdapter.call(Executors.java:511) ~[?:1.8.0_51]
	at java.util.concurrent.FutureTask.run(FutureTask.java:266) ~[?:1.8.0_51]
	at net.minecraft.util.Util.func_181617_a(SourceFile:44) ~[g.class:?]
	... 9 more
[16:36:25] [Client thread/FATAL]: Error executing task
java.util.concurrent.ExecutionException: java.lang.NullPointerException
	at java.util.concurrent.FutureTask.report(FutureTask.java:122) ~[?:1.8.0_51]
	at java.util.concurrent.FutureTask.get(FutureTask.java:192) ~[?:1.8.0_51]
	at net.minecraft.util.Util.func_181617_a(SourceFile:45) [g.class:?]
	at net.minecraft.client.Minecraft.func_71411_J(Minecraft.java:1014) [ave.class:?]
	at net.minecraft.client.Minecraft.func_99999_d(Minecraft.java:349) [ave.class:?]
	at net.minecraft.client.main.Main.main(SourceFile:124) [Main.class:?]
	at sun.reflect.NativeMethodAccessorImpl.invoke0(Native Method) ~[?:1.8.0_51]
	at sun.reflect.NativeMethodAccessorImpl.invoke(NativeMethodAccessorImpl.java:62) ~[?:1.8.0_51]
	at sun.reflect.DelegatingMethodAccessorImpl.invoke(DelegatingMethodAccessorImpl.java:43) ~[?:1.8.0_51]
	at java.lang.reflect.Method.invoke(Method.java:497) ~[?:1.8.0_51]
	at net.minecraft.launchwrapper.Launch.launch(Launch.java:135) [launchwrapper-1.12.jar:?]
	at net.minecraft.launchwrapper.Launch.main(Launch.java:28) [launchwrapper-1.12.jar:?]
Caused by: java.lang.NullPointerException
	at net.minecraft.network.play.server.S0CPacketSpawnPlayer.func_148944_c(SourceFile:80) ~[fp.class:?]
	at net.minecraft.client.network.NetHandlerPlayClient.func_147237_a(NetHandlerPlayClient.java:501) ~[bcy.class:?]
	at net.minecraft.network.play.server.S0CPacketSpawnPlayer.func_148833_a(SourceFile:75) ~[fp.class:?]
	at net.minecraft.network.play.server.S0CPacketSpawnPlayer.func_148833_a(SourceFile:16) ~[fp.class:?]
	at net.minecraft.network.PacketThreadUtil$1.run(SourceFile:13) ~[fh$1.class:?]
	at java.util.concurrent.Executors$RunnableAdapter.call(Executors.java:511) ~[?:1.8.0_51]
	at java.util.concurrent.FutureTask.run(FutureTask.java:266) ~[?:1.8.0_51]
	at net.minecraft.util.Util.func_181617_a(SourceFile:44) ~[g.class:?]
	... 9 more
[16:36:25] [Client thread/FATAL]: Error executing task
java.util.concurrent.ExecutionException: java.lang.IllegalArgumentException: A team with the name 'citizen_team' already exists!
	at java.util.concurrent.FutureTask.report(FutureTask.java:122) ~[?:1.8.0_51]
	at java.util.concurrent.FutureTask.get(FutureTask.java:192) ~[?:1.8.0_51]
	at net.minecraft.util.Util.func_181617_a(SourceFile:45) [g.class:?]
	at net.minecraft.client.Minecraft.func_71411_J(Minecraft.java:1014) [ave.class:?]
	at net.minecraft.client.Minecraft.func_99999_d(Minecraft.java:349) [ave.class:?]
	at net.minecraft.client.main.Main.main(SourceFile:124) [Main.class:?]
	at sun.reflect.NativeMethodAccessorImpl.invoke0(Native Method) ~[?:1.8.0_51]
	at sun.reflect.NativeMethodAccessorImpl.invoke(NativeMethodAccessorImpl.java:62) ~[?:1.8.0_51]
	at sun.reflect.DelegatingMethodAccessorImpl.invoke(DelegatingMethodAccessorImpl.java:43) ~[?:1.8.0_51]
	at java.lang.reflect.Method.invoke(Method.java:497) ~[?:1.8.0_51]
	at net.minecraft.launchwrapper.Launch.launch(Launch.java:135) [launchwrapper-1.12.jar:?]
	at net.minecraft.launchwrapper.Launch.main(Launch.java:28) [launchwrapper-1.12.jar:?]
Caused by: java.lang.IllegalArgumentException: A team with the name 'citizen_team' already exists!
	at net.minecraft.scoreboard.Scoreboard.func_96527_f(SourceFile:218) ~[auo.class:?]
	at net.minecraft.client.network.NetHandlerPlayClient.func_147247_a(NetHandlerPlayClient.java:1773) ~[bcy.class:?]
	at net.minecraft.network.play.server.S3EPacketTeams.func_148833_a(SourceFile:113) ~[hr.class:?]
	at net.minecraft.network.play.server.S3EPacketTeams.func_148833_a(SourceFile:13) ~[hr.class:?]
	at net.minecraft.network.PacketThreadUtil$1.run(SourceFile:13) ~[fh$1.class:?]
	at java.util.concurrent.Executors$RunnableAdapter.call(Executors.java:511) ~[?:1.8.0_51]
	at java.util.concurrent.FutureTask.run(FutureTask.java:266) ~[?:1.8.0_51]
	at net.minecraft.util.Util.func_181617_a(SourceFile:44) ~[g.class:?]
	... 9 more
[16:36:25] [Client thread/FATAL]: Error executing task
java.util.concurrent.ExecutionException: java.lang.NullPointerException
	at java.util.concurrent.FutureTask.report(FutureTask.java:122) ~[?:1.8.0_51]
	at java.util.concurrent.FutureTask.get(FutureTask.java:192) ~[?:1.8.0_51]
	at net.minecraft.util.Util.func_181617_a(SourceFile:45) [g.class:?]
	at net.minecraft.client.Minecraft.func_71411_J(Minecraft.java:1014) [ave.class:?]
	at net.minecraft.client.Minecraft.func_99999_d(Minecraft.java:349) [ave.class:?]
	at net.minecraft.client.main.Main.main(SourceFile:124) [Main.class:?]
	at sun.reflect.NativeMethodAccessorImpl.invoke0(Native Method) ~[?:1.8.0_51]
	at sun.reflect.NativeMethodAccessorImpl.invoke(NativeMethodAccessorImpl.java:62) ~[?:1.8.0_51]
	at sun.reflect.DelegatingMethodAccessorImpl.invoke(DelegatingMethodAccessorImpl.java:43) ~[?:1.8.0_51]
	at java.lang.reflect.Method.invoke(Method.java:497) ~[?:1.8.0_51]
	at net.minecraft.launchwrapper.Launch.launch(Launch.java:135) [launchwrapper-1.12.jar:?]
	at net.minecraft.launchwrapper.Launch.main(Launch.java:28) [launchwrapper-1.12.jar:?]
Caused by: java.lang.NullPointerException
	at net.minecraft.network.play.server.S0CPacketSpawnPlayer.func_148944_c(SourceFile:80) ~[fp.class:?]
	at net.minecraft.client.network.NetHandlerPlayClient.func_147237_a(NetHandlerPlayClient.java:501) ~[bcy.class:?]
	at net.minecraft.network.play.server.S0CPacketSpawnPlayer.func_148833_a(SourceFile:75) ~[fp.class:?]
	at net.minecraft.network.play.server.S0CPacketSpawnPlayer.func_148833_a(SourceFile:16) ~[fp.class:?]
	at net.minecraft.network.PacketThreadUtil$1.run(SourceFile:13) ~[fh$1.class:?]
	at java.util.concurrent.Executors$RunnableAdapter.call(Executors.java:511) ~[?:1.8.0_51]
	at java.util.concurrent.FutureTask.run(FutureTask.java:266) ~[?:1.8.0_51]
	at net.minecraft.util.Util.func_181617_a(SourceFile:44) ~[g.class:?]
	... 9 more
[16:36:29] [Client thread/FATAL]: Error executing task
java.util.concurrent.ExecutionException: java.lang.IllegalArgumentException: A team with the name 'citizen_team' already exists!
	at java.util.concurrent.FutureTask.report(FutureTask.java:122) ~[?:1.8.0_51]
	at java.util.concurrent.FutureTask.get(FutureTask.java:192) ~[?:1.8.0_51]
	at net.minecraft.util.Util.func_181617_a(SourceFile:45) [g.class:?]
	at net.minecraft.client.Minecraft.func_71411_J(Minecraft.java:1014) [ave.class:?]
	at net.minecraft.client.Minecraft.func_99999_d(Minecraft.java:349) [ave.class:?]
	at net.minecraft.client.main.Main.main(SourceFile:124) [Main.class:?]
	at sun.reflect.NativeMethodAccessorImpl.invoke0(Native Method) ~[?:1.8.0_51]
	at sun.reflect.NativeMethodAccessorImpl.invoke(NativeMethodAccessorImpl.java:62) ~[?:1.8.0_51]
	at sun.reflect.DelegatingMethodAccessorImpl.invoke(DelegatingMethodAccessorImpl.java:43) ~[?:1.8.0_51]
	at java.lang.reflect.Method.invoke(Method.java:497) ~[?:1.8.0_51]
	at net.minecraft.launchwrapper.Launch.launch(Launch.java:135) [launchwrapper-1.12.jar:?]
	at net.minecraft.launchwrapper.Launch.main(Launch.java:28) [launchwrapper-1.12.jar:?]
Caused by: java.lang.IllegalArgumentException: A team with the name 'citizen_team' already exists!
	at net.minecraft.scoreboard.Scoreboard.func_96527_f(SourceFile:218) ~[auo.class:?]
	at net.minecraft.client.network.NetHandlerPlayClient.func_147247_a(NetHandlerPlayClient.java:1773) ~[bcy.class:?]
	at net.minecraft.network.play.server.S3EPacketTeams.func_148833_a(SourceFile:113) ~[hr.class:?]
	at net.minecraft.network.play.server.S3EPacketTeams.func_148833_a(SourceFile:13) ~[hr.class:?]
	at net.minecraft.network.PacketThreadUtil$1.run(SourceFile:13) ~[fh$1.class:?]
	at java.util.concurrent.Executors$RunnableAdapter.call(Executors.java:511) ~[?:1.8.0_51]
	at java.util.concurrent.FutureTask.run(FutureTask.java:266) ~[?:1.8.0_51]
	at net.minecraft.util.Util.func_181617_a(SourceFile:44) ~[g.class:?]
	... 9 more
[16:36:29] [Client thread/FATAL]: Error executing task
java.util.concurrent.ExecutionException: java.lang.NullPointerException
	at java.util.concurrent.FutureTask.report(FutureTask.java:122) ~[?:1.8.0_51]
	at java.util.concurrent.FutureTask.get(FutureTask.java:192) ~[?:1.8.0_51]
	at net.minecraft.util.Util.func_181617_a(SourceFile:45) [g.class:?]
	at net.minecraft.client.Minecraft.func_71411_J(Minecraft.java:1014) [ave.class:?]
	at net.minecraft.client.Minecraft.func_99999_d(Minecraft.java:349) [ave.class:?]
	at net.minecraft.client.main.Main.main(SourceFile:124) [Main.class:?]
	at sun.reflect.NativeMethodAccessorImpl.invoke0(Native Method) ~[?:1.8.0_51]
	at sun.reflect.NativeMethodAccessorImpl.invoke(NativeMethodAccessorImpl.java:62) ~[?:1.8.0_51]
	at sun.reflect.DelegatingMethodAccessorImpl.invoke(DelegatingMethodAccessorImpl.java:43) ~[?:1.8.0_51]
	at java.lang.reflect.Method.invoke(Method.java:497) ~[?:1.8.0_51]
	at net.minecraft.launchwrapper.Launch.launch(Launch.java:135) [launchwrapper-1.12.jar:?]
	at net.minecraft.launchwrapper.Launch.main(Launch.java:28) [launchwrapper-1.12.jar:?]
Caused by: java.lang.NullPointerException
	at net.minecraft.network.play.server.S0CPacketSpawnPlayer.func_148944_c(SourceFile:80) ~[fp.class:?]
	at net.minecraft.client.network.NetHandlerPlayClient.func_147237_a(NetHandlerPlayClient.java:501) ~[bcy.class:?]
	at net.minecraft.network.play.server.S0CPacketSpawnPlayer.func_148833_a(SourceFile:75) ~[fp.class:?]
	at net.minecraft.network.play.server.S0CPacketSpawnPlayer.func_148833_a(SourceFile:16) ~[fp.class:?]
	at net.minecraft.network.PacketThreadUtil$1.run(SourceFile:13) ~[fh$1.class:?]
	at java.util.concurrent.Executors$RunnableAdapter.call(Executors.java:511) ~[?:1.8.0_51]
	at java.util.concurrent.FutureTask.run(FutureTask.java:266) ~[?:1.8.0_51]
	at net.minecraft.util.Util.func_181617_a(SourceFile:44) ~[g.class:?]
	... 9 more
[16:36:40] [Client thread/INFO]: [CHAT] [?] Votre partie est en cours de création... Cette opération peut prendre jusqu'à 45 secondes, veuillez patienter.
[16:36:41] [Client thread/INFO]: [CHAT] [?] Votre serveur a été créé avec succès, préparation des paramètres de la partie... Vous serez téléporté d'ici une quarantaine de secondes.
[16:37:06] [Client thread/FATAL]: Error executing task
java.util.concurrent.ExecutionException: java.lang.IllegalArgumentException: A team with the name 'citizen_team' already exists!
	at java.util.concurrent.FutureTask.report(FutureTask.java:122) ~[?:1.8.0_51]
	at java.util.concurrent.FutureTask.get(FutureTask.java:192) ~[?:1.8.0_51]
	at net.minecraft.util.Util.func_181617_a(SourceFile:45) [g.class:?]
	at net.minecraft.client.Minecraft.func_71411_J(Minecraft.java:1014) [ave.class:?]
	at net.minecraft.client.Minecraft.func_99999_d(Minecraft.java:349) [ave.class:?]
	at net.minecraft.client.main.Main.main(SourceFile:124) [Main.class:?]
	at sun.reflect.NativeMethodAccessorImpl.invoke0(Native Method) ~[?:1.8.0_51]
	at sun.reflect.NativeMethodAccessorImpl.invoke(NativeMethodAccessorImpl.java:62) ~[?:1.8.0_51]
	at sun.reflect.DelegatingMethodAccessorImpl.invoke(DelegatingMethodAccessorImpl.java:43) ~[?:1.8.0_51]
	at java.lang.reflect.Method.invoke(Method.java:497) ~[?:1.8.0_51]
	at net.minecraft.launchwrapper.Launch.launch(Launch.java:135) [launchwrapper-1.12.jar:?]
	at net.minecraft.launchwrapper.Launch.main(Launch.java:28) [launchwrapper-1.12.jar:?]
Caused by: java.lang.IllegalArgumentException: A team with the name 'citizen_team' already exists!
	at net.minecraft.scoreboard.Scoreboard.func_96527_f(SourceFile:218) ~[auo.class:?]
	at net.minecraft.client.network.NetHandlerPlayClient.func_147247_a(NetHandlerPlayClient.java:1773) ~[bcy.class:?]
	at net.minecraft.network.play.server.S3EPacketTeams.func_148833_a(SourceFile:113) ~[hr.class:?]
	at net.minecraft.network.play.server.S3EPacketTeams.func_148833_a(SourceFile:13) ~[hr.class:?]
	at net.minecraft.network.PacketThreadUtil$1.run(SourceFile:13) ~[fh$1.class:?]
	at java.util.concurrent.Executors$RunnableAdapter.call(Executors.java:511) ~[?:1.8.0_51]
	at java.util.concurrent.FutureTask.run(FutureTask.java:266) ~[?:1.8.0_51]
	at net.minecraft.util.Util.func_181617_a(SourceFile:44) ~[g.class:?]
	... 9 more
[16:37:06] [Client thread/FATAL]: Error executing task
java.util.concurrent.ExecutionException: java.lang.NullPointerException
	at java.util.concurrent.FutureTask.report(FutureTask.java:122) ~[?:1.8.0_51]
	at java.util.concurrent.FutureTask.get(FutureTask.java:192) ~[?:1.8.0_51]
	at net.minecraft.util.Util.func_181617_a(SourceFile:45) [g.class:?]
	at net.minecraft.client.Minecraft.func_71411_J(Minecraft.java:1014) [ave.class:?]
	at net.minecraft.client.Minecraft.func_99999_d(Minecraft.java:349) [ave.class:?]
	at net.minecraft.client.main.Main.main(SourceFile:124) [Main.class:?]
	at sun.reflect.NativeMethodAccessorImpl.invoke0(Native Method) ~[?:1.8.0_51]
	at sun.reflect.NativeMethodAccessorImpl.invoke(NativeMethodAccessorImpl.java:62) ~[?:1.8.0_51]
	at sun.reflect.DelegatingMethodAccessorImpl.invoke(DelegatingMethodAccessorImpl.java:43) ~[?:1.8.0_51]
	at java.lang.reflect.Method.invoke(Method.java:497) ~[?:1.8.0_51]
	at net.minecraft.launchwrapper.Launch.launch(Launch.java:135) [launchwrapper-1.12.jar:?]
	at net.minecraft.launchwrapper.Launch.main(Launch.java:28) [launchwrapper-1.12.jar:?]
Caused by: java.lang.NullPointerException
	at net.minecraft.network.play.server.S0CPacketSpawnPlayer.func_148944_c(SourceFile:80) ~[fp.class:?]
	at net.minecraft.client.network.NetHandlerPlayClient.func_147237_a(NetHandlerPlayClient.java:501) ~[bcy.class:?]
	at net.minecraft.network.play.server.S0CPacketSpawnPlayer.func_148833_a(SourceFile:75) ~[fp.class:?]
	at net.minecraft.network.play.server.S0CPacketSpawnPlayer.func_148833_a(SourceFile:16) ~[fp.class:?]
	at net.minecraft.network.PacketThreadUtil$1.run(SourceFile:13) ~[fh$1.class:?]
	at java.util.concurrent.Executors$RunnableAdapter.call(Executors.java:511) ~[?:1.8.0_51]
	at java.util.concurrent.FutureTask.run(FutureTask.java:266) ~[?:1.8.0_51]
	at net.minecraft.util.Util.func_181617_a(SourceFile:44) ~[g.class:?]
	... 9 more
[16:37:07] [Client thread/FATAL]: Error executing task
java.util.concurrent.ExecutionException: java.lang.IllegalArgumentException: A team with the name 'citizen_team' already exists!
	at java.util.concurrent.FutureTask.report(FutureTask.java:122) ~[?:1.8.0_51]
	at java.util.concurrent.FutureTask.get(FutureTask.java:192) ~[?:1.8.0_51]
	at net.minecraft.util.Util.func_181617_a(SourceFile:45) [g.class:?]
	at net.minecraft.client.Minecraft.func_71411_J(Minecraft.java:1014) [ave.class:?]
	at net.minecraft.client.Minecraft.func_99999_d(Minecraft.java:349) [ave.class:?]
	at net.minecraft.client.main.Main.main(SourceFile:124) [Main.class:?]
	at sun.reflect.NativeMethodAccessorImpl.invoke0(Native Method) ~[?:1.8.0_51]
	at sun.reflect.NativeMethodAccessorImpl.invoke(NativeMethodAccessorImpl.java:62) ~[?:1.8.0_51]
	at sun.reflect.DelegatingMethodAccessorImpl.invoke(DelegatingMethodAccessorImpl.java:43) ~[?:1.8.0_51]
	at java.lang.reflect.Method.invoke(Method.java:497) ~[?:1.8.0_51]
	at net.minecraft.launchwrapper.Launch.launch(Launch.java:135) [launchwrapper-1.12.jar:?]
	at net.minecraft.launchwrapper.Launch.main(Launch.java:28) [launchwrapper-1.12.jar:?]
Caused by: java.lang.IllegalArgumentException: A team with the name 'citizen_team' already exists!
	at net.minecraft.scoreboard.Scoreboard.func_96527_f(SourceFile:218) ~[auo.class:?]
	at net.minecraft.client.network.NetHandlerPlayClient.func_147247_a(NetHandlerPlayClient.java:1773) ~[bcy.class:?]
	at net.minecraft.network.play.server.S3EPacketTeams.func_148833_a(SourceFile:113) ~[hr.class:?]
	at net.minecraft.network.play.server.S3EPacketTeams.func_148833_a(SourceFile:13) ~[hr.class:?]
	at net.minecraft.network.PacketThreadUtil$1.run(SourceFile:13) ~[fh$1.class:?]
	at java.util.concurrent.Executors$RunnableAdapter.call(Executors.java:511) ~[?:1.8.0_51]
	at java.util.concurrent.FutureTask.run(FutureTask.java:266) ~[?:1.8.0_51]
	at net.minecraft.util.Util.func_181617_a(SourceFile:44) ~[g.class:?]
	... 9 more
[16:37:07] [Client thread/FATAL]: Error executing task
java.util.concurrent.ExecutionException: java.lang.NullPointerException
	at java.util.concurrent.FutureTask.report(FutureTask.java:122) ~[?:1.8.0_51]
	at java.util.concurrent.FutureTask.get(FutureTask.java:192) ~[?:1.8.0_51]
	at net.minecraft.util.Util.func_181617_a(SourceFile:45) [g.class:?]
	at net.minecraft.client.Minecraft.func_71411_J(Minecraft.java:1014) [ave.class:?]
	at net.minecraft.client.Minecraft.func_99999_d(Minecraft.java:349) [ave.class:?]
	at net.minecraft.client.main.Main.main(SourceFile:124) [Main.class:?]
	at sun.reflect.NativeMethodAccessorImpl.invoke0(Native Method) ~[?:1.8.0_51]
	at sun.reflect.NativeMethodAccessorImpl.invoke(NativeMethodAccessorImpl.java:62) ~[?:1.8.0_51]
	at sun.reflect.DelegatingMethodAccessorImpl.invoke(DelegatingMethodAccessorImpl.java:43) ~[?:1.8.0_51]
	at java.lang.reflect.Method.invoke(Method.java:497) ~[?:1.8.0_51]
	at net.minecraft.launchwrapper.Launch.launch(Launch.java:135) [launchwrapper-1.12.jar:?]
	at net.minecraft.launchwrapper.Launch.main(Launch.java:28) [launchwrapper-1.12.jar:?]
Caused by: java.lang.NullPointerException
	at net.minecraft.network.play.server.S0CPacketSpawnPlayer.func_148944_c(SourceFile:80) ~[fp.class:?]
	at net.minecraft.client.network.NetHandlerPlayClient.func_147237_a(NetHandlerPlayClient.java:501) ~[bcy.class:?]
	at net.minecraft.network.play.server.S0CPacketSpawnPlayer.func_148833_a(SourceFile:75) ~[fp.class:?]
	at net.minecraft.network.play.server.S0CPacketSpawnPlayer.func_148833_a(SourceFile:16) ~[fp.class:?]
	at net.minecraft.network.PacketThreadUtil$1.run(SourceFile:13) ~[fh$1.class:?]
	at java.util.concurrent.Executors$RunnableAdapter.call(Executors.java:511) ~[?:1.8.0_51]
	at java.util.concurrent.FutureTask.run(FutureTask.java:266) ~[?:1.8.0_51]
	at net.minecraft.util.Util.func_181617_a(SourceFile:44) ~[g.class:?]
	... 9 more
[16:37:10] [Client thread/FATAL]: Error executing task
java.util.concurrent.ExecutionException: java.lang.IllegalArgumentException: A team with the name 'citizen_team' already exists!
	at java.util.concurrent.FutureTask.report(FutureTask.java:122) ~[?:1.8.0_51]
	at java.util.concurrent.FutureTask.get(FutureTask.java:192) ~[?:1.8.0_51]
	at net.minecraft.util.Util.func_181617_a(SourceFile:45) [g.class:?]
	at net.minecraft.client.Minecraft.func_71411_J(Minecraft.java:1014) [ave.class:?]
	at net.minecraft.client.Minecraft.func_99999_d(Minecraft.java:349) [ave.class:?]
	at net.minecraft.client.main.Main.main(SourceFile:124) [Main.class:?]
	at sun.reflect.NativeMethodAccessorImpl.invoke0(Native Method) ~[?:1.8.0_51]
	at sun.reflect.NativeMethodAccessorImpl.invoke(NativeMethodAccessorImpl.java:62) ~[?:1.8.0_51]
	at sun.reflect.DelegatingMethodAccessorImpl.invoke(DelegatingMethodAccessorImpl.java:43) ~[?:1.8.0_51]
	at java.lang.reflect.Method.invoke(Method.java:497) ~[?:1.8.0_51]
	at net.minecraft.launchwrapper.Launch.launch(Launch.java:135) [launchwrapper-1.12.jar:?]
	at net.minecraft.launchwrapper.Launch.main(Launch.java:28) [launchwrapper-1.12.jar:?]
Caused by: java.lang.IllegalArgumentException: A team with the name 'citizen_team' already exists!
	at net.minecraft.scoreboard.Scoreboard.func_96527_f(SourceFile:218) ~[auo.class:?]
	at net.minecraft.client.network.NetHandlerPlayClient.func_147247_a(NetHandlerPlayClient.java:1773) ~[bcy.class:?]
	at net.minecraft.network.play.server.S3EPacketTeams.func_148833_a(SourceFile:113) ~[hr.class:?]
	at net.minecraft.network.play.server.S3EPacketTeams.func_148833_a(SourceFile:13) ~[hr.class:?]
	at net.minecraft.network.PacketThreadUtil$1.run(SourceFile:13) ~[fh$1.class:?]
	at java.util.concurrent.Executors$RunnableAdapter.call(Executors.java:511) ~[?:1.8.0_51]
	at java.util.concurrent.FutureTask.run(FutureTask.java:266) ~[?:1.8.0_51]
	at net.minecraft.util.Util.func_181617_a(SourceFile:44) ~[g.class:?]
	... 9 more
[16:37:10] [Client thread/FATAL]: Error executing task
java.util.concurrent.ExecutionException: java.lang.NullPointerException
	at java.util.concurrent.FutureTask.report(FutureTask.java:122) ~[?:1.8.0_51]
	at java.util.concurrent.FutureTask.get(FutureTask.java:192) ~[?:1.8.0_51]
	at net.minecraft.util.Util.func_181617_a(SourceFile:45) [g.class:?]
	at net.minecraft.client.Minecraft.func_71411_J(Minecraft.java:1014) [ave.class:?]
	at net.minecraft.client.Minecraft.func_99999_d(Minecraft.java:349) [ave.class:?]
	at net.minecraft.client.main.Main.main(SourceFile:124) [Main.class:?]
	at sun.reflect.NativeMethodAccessorImpl.invoke0(Native Method) ~[?:1.8.0_51]
	at sun.reflect.NativeMethodAccessorImpl.invoke(NativeMethodAccessorImpl.java:62) ~[?:1.8.0_51]
	at sun.reflect.DelegatingMethodAccessorImpl.invoke(DelegatingMethodAccessorImpl.java:43) ~[?:1.8.0_51]
	at java.lang.reflect.Method.invoke(Method.java:497) ~[?:1.8.0_51]
	at net.minecraft.launchwrapper.Launch.launch(Launch.java:135) [launchwrapper-1.12.jar:?]
	at net.minecraft.launchwrapper.Launch.main(Launch.java:28) [launchwrapper-1.12.jar:?]
Caused by: java.lang.NullPointerException
	at net.minecraft.network.play.server.S0CPacketSpawnPlayer.func_148944_c(SourceFile:80) ~[fp.class:?]
	at net.minecraft.client.network.NetHandlerPlayClient.func_147237_a(NetHandlerPlayClient.java:501) ~[bcy.class:?]
	at net.minecraft.network.play.server.S0CPacketSpawnPlayer.func_148833_a(SourceFile:75) ~[fp.class:?]
	at net.minecraft.network.play.server.S0CPacketSpawnPlayer.func_148833_a(SourceFile:16) ~[fp.class:?]
	at net.minecraft.network.PacketThreadUtil$1.run(SourceFile:13) ~[fh$1.class:?]
	at java.util.concurrent.Executors$RunnableAdapter.call(Executors.java:511) ~[?:1.8.0_51]
	at java.util.concurrent.FutureTask.run(FutureTask.java:266) ~[?:1.8.0_51]
	at net.minecraft.util.Util.func_181617_a(SourceFile:44) ~[g.class:?]
	... 9 more
[16:37:13] [Client thread/FATAL]: Error executing task
java.util.concurrent.ExecutionException: java.lang.IllegalArgumentException: A team with the name 'citizen_team' already exists!
	at java.util.concurrent.FutureTask.report(FutureTask.java:122) ~[?:1.8.0_51]
	at java.util.concurrent.FutureTask.get(FutureTask.java:192) ~[?:1.8.0_51]
	at net.minecraft.util.Util.func_181617_a(SourceFile:45) [g.class:?]
	at net.minecraft.client.Minecraft.func_71411_J(Minecraft.java:1014) [ave.class:?]
	at net.minecraft.client.Minecraft.func_99999_d(Minecraft.java:349) [ave.class:?]
	at net.minecraft.client.main.Main.main(SourceFile:124) [Main.class:?]
	at sun.reflect.NativeMethodAccessorImpl.invoke0(Native Method) ~[?:1.8.0_51]
	at sun.reflect.NativeMethodAccessorImpl.invoke(NativeMethodAccessorImpl.java:62) ~[?:1.8.0_51]
	at sun.reflect.DelegatingMethodAccessorImpl.invoke(DelegatingMethodAccessorImpl.java:43) ~[?:1.8.0_51]
	at java.lang.reflect.Method.invoke(Method.java:497) ~[?:1.8.0_51]
	at net.minecraft.launchwrapper.Launch.launch(Launch.java:135) [launchwrapper-1.12.jar:?]
	at net.minecraft.launchwrapper.Launch.main(Launch.java:28) [launchwrapper-1.12.jar:?]
Caused by: java.lang.IllegalArgumentException: A team with the name 'citizen_team' already exists!
	at net.minecraft.scoreboard.Scoreboard.func_96527_f(SourceFile:218) ~[auo.class:?]
	at net.minecraft.client.network.NetHandlerPlayClient.func_147247_a(NetHandlerPlayClient.java:1773) ~[bcy.class:?]
	at net.minecraft.network.play.server.S3EPacketTeams.func_148833_a(SourceFile:113) ~[hr.class:?]
	at net.minecraft.network.play.server.S3EPacketTeams.func_148833_a(SourceFile:13) ~[hr.class:?]
	at net.minecraft.network.PacketThreadUtil$1.run(SourceFile:13) ~[fh$1.class:?]
	at java.util.concurrent.Executors$RunnableAdapter.call(Executors.java:511) ~[?:1.8.0_51]
	at java.util.concurrent.FutureTask.run(FutureTask.java:266) ~[?:1.8.0_51]
	at net.minecraft.util.Util.func_181617_a(SourceFile:44) ~[g.class:?]
	... 9 more
[16:37:13] [Client thread/FATAL]: Error executing task
java.util.concurrent.ExecutionException: java.lang.NullPointerException
	at java.util.concurrent.FutureTask.report(FutureTask.java:122) ~[?:1.8.0_51]
	at java.util.concurrent.FutureTask.get(FutureTask.java:192) ~[?:1.8.0_51]
	at net.minecraft.util.Util.func_181617_a(SourceFile:45) [g.class:?]
	at net.minecraft.client.Minecraft.func_71411_J(Minecraft.java:1014) [ave.class:?]
	at net.minecraft.client.Minecraft.func_99999_d(Minecraft.java:349) [ave.class:?]
	at net.minecraft.client.main.Main.main(SourceFile:124) [Main.class:?]
	at sun.reflect.NativeMethodAccessorImpl.invoke0(Native Method) ~[?:1.8.0_51]
	at sun.reflect.NativeMethodAccessorImpl.invoke(NativeMethodAccessorImpl.java:62) ~[?:1.8.0_51]
	at sun.reflect.DelegatingMethodAccessorImpl.invoke(DelegatingMethodAccessorImpl.java:43) ~[?:1.8.0_51]
	at java.lang.reflect.Method.invoke(Method.java:497) ~[?:1.8.0_51]
	at net.minecraft.launchwrapper.Launch.launch(Launch.java:135) [launchwrapper-1.12.jar:?]
	at net.minecraft.launchwrapper.Launch.main(Launch.java:28) [launchwrapper-1.12.jar:?]
Caused by: java.lang.NullPointerException
	at net.minecraft.network.play.server.S0CPacketSpawnPlayer.func_148944_c(SourceFile:80) ~[fp.class:?]
	at net.minecraft.client.network.NetHandlerPlayClient.func_147237_a(NetHandlerPlayClient.java:501) ~[bcy.class:?]
	at net.minecraft.network.play.server.S0CPacketSpawnPlayer.func_148833_a(SourceFile:75) ~[fp.class:?]
	at net.minecraft.network.play.server.S0CPacketSpawnPlayer.func_148833_a(SourceFile:16) ~[fp.class:?]
	at net.minecraft.network.PacketThreadUtil$1.run(SourceFile:13) ~[fh$1.class:?]
	at java.util.concurrent.Executors$RunnableAdapter.call(Executors.java:511) ~[?:1.8.0_51]
	at java.util.concurrent.FutureTask.run(FutureTask.java:266) ~[?:1.8.0_51]
	at net.minecraft.util.Util.func_181617_a(SourceFile:44) ~[g.class:?]
	... 9 more
[16:37:13] [Client thread/FATAL]: Error executing task
java.util.concurrent.ExecutionException: java.lang.IllegalArgumentException: A team with the name 'citizen_team' already exists!
	at java.util.concurrent.FutureTask.report(FutureTask.java:122) ~[?:1.8.0_51]
	at java.util.concurrent.FutureTask.get(FutureTask.java:192) ~[?:1.8.0_51]
	at net.minecraft.util.Util.func_181617_a(SourceFile:45) [g.class:?]
	at net.minecraft.client.Minecraft.func_71411_J(Minecraft.java:1014) [ave.class:?]
	at net.minecraft.client.Minecraft.func_99999_d(Minecraft.java:349) [ave.class:?]
	at net.minecraft.client.main.Main.main(SourceFile:124) [Main.class:?]
	at sun.reflect.NativeMethodAccessorImpl.invoke0(Native Method) ~[?:1.8.0_51]
	at sun.reflect.NativeMethodAccessorImpl.invoke(NativeMethodAccessorImpl.java:62) ~[?:1.8.0_51]
	at sun.reflect.DelegatingMethodAccessorImpl.invoke(DelegatingMethodAccessorImpl.java:43) ~[?:1.8.0_51]
	at java.lang.reflect.Method.invoke(Method.java:497) ~[?:1.8.0_51]
	at net.minecraft.launchwrapper.Launch.launch(Launch.java:135) [launchwrapper-1.12.jar:?]
	at net.minecraft.launchwrapper.Launch.main(Launch.java:28) [launchwrapper-1.12.jar:?]
Caused by: java.lang.IllegalArgumentException: A team with the name 'citizen_team' already exists!
	at net.minecraft.scoreboard.Scoreboard.func_96527_f(SourceFile:218) ~[auo.class:?]
	at net.minecraft.client.network.NetHandlerPlayClient.func_147247_a(NetHandlerPlayClient.java:1773) ~[bcy.class:?]
	at net.minecraft.network.play.server.S3EPacketTeams.func_148833_a(SourceFile:113) ~[hr.class:?]
	at net.minecraft.network.play.server.S3EPacketTeams.func_148833_a(SourceFile:13) ~[hr.class:?]
	at net.minecraft.network.PacketThreadUtil$1.run(SourceFile:13) ~[fh$1.class:?]
	at java.util.concurrent.Executors$RunnableAdapter.call(Executors.java:511) ~[?:1.8.0_51]
	at java.util.concurrent.FutureTask.run(FutureTask.java:266) ~[?:1.8.0_51]
	at net.minecraft.util.Util.func_181617_a(SourceFile:44) ~[g.class:?]
	... 9 more
[16:37:13] [Client thread/FATAL]: Error executing task
java.util.concurrent.ExecutionException: java.lang.NullPointerException
	at java.util.concurrent.FutureTask.report(FutureTask.java:122) ~[?:1.8.0_51]
	at java.util.concurrent.FutureTask.get(FutureTask.java:192) ~[?:1.8.0_51]
	at net.minecraft.util.Util.func_181617_a(SourceFile:45) [g.class:?]
	at net.minecraft.client.Minecraft.func_71411_J(Minecraft.java:1014) [ave.class:?]
	at net.minecraft.client.Minecraft.func_99999_d(Minecraft.java:349) [ave.class:?]
	at net.minecraft.client.main.Main.main(SourceFile:124) [Main.class:?]
	at sun.reflect.NativeMethodAccessorImpl.invoke0(Native Method) ~[?:1.8.0_51]
	at sun.reflect.NativeMethodAccessorImpl.invoke(NativeMethodAccessorImpl.java:62) ~[?:1.8.0_51]
	at sun.reflect.DelegatingMethodAccessorImpl.invoke(DelegatingMethodAccessorImpl.java:43) ~[?:1.8.0_51]
	at java.lang.reflect.Method.invoke(Method.java:497) ~[?:1.8.0_51]
	at net.minecraft.launchwrapper.Launch.launch(Launch.java:135) [launchwrapper-1.12.jar:?]
	at net.minecraft.launchwrapper.Launch.main(Launch.java:28) [launchwrapper-1.12.jar:?]
Caused by: java.lang.NullPointerException
	at net.minecraft.network.play.server.S0CPacketSpawnPlayer.func_148944_c(SourceFile:80) ~[fp.class:?]
	at net.minecraft.client.network.NetHandlerPlayClient.func_147237_a(NetHandlerPlayClient.java:501) ~[bcy.class:?]
	at net.minecraft.network.play.server.S0CPacketSpawnPlayer.func_148833_a(SourceFile:75) ~[fp.class:?]
	at net.minecraft.network.play.server.S0CPacketSpawnPlayer.func_148833_a(SourceFile:16) ~[fp.class:?]
	at net.minecraft.network.PacketThreadUtil$1.run(SourceFile:13) ~[fh$1.class:?]
	at java.util.concurrent.Executors$RunnableAdapter.call(Executors.java:511) ~[?:1.8.0_51]
	at java.util.concurrent.FutureTask.run(FutureTask.java:266) ~[?:1.8.0_51]
	at net.minecraft.util.Util.func_181617_a(SourceFile:44) ~[g.class:?]
	... 9 more
[16:37:17] [Client thread/FATAL]: Error executing task
java.util.concurrent.ExecutionException: java.lang.IllegalArgumentException: A team with the name 'citizen_team' already exists!
	at java.util.concurrent.FutureTask.report(FutureTask.java:122) ~[?:1.8.0_51]
	at java.util.concurrent.FutureTask.get(FutureTask.java:192) ~[?:1.8.0_51]
	at net.minecraft.util.Util.func_181617_a(SourceFile:45) [g.class:?]
	at net.minecraft.client.Minecraft.func_71411_J(Minecraft.java:1014) [ave.class:?]
	at net.minecraft.client.Minecraft.func_99999_d(Minecraft.java:349) [ave.class:?]
	at net.minecraft.client.main.Main.main(SourceFile:124) [Main.class:?]
	at sun.reflect.NativeMethodAccessorImpl.invoke0(Native Method) ~[?:1.8.0_51]
	at sun.reflect.NativeMethodAccessorImpl.invoke(NativeMethodAccessorImpl.java:62) ~[?:1.8.0_51]
	at sun.reflect.DelegatingMethodAccessorImpl.invoke(DelegatingMethodAccessorImpl.java:43) ~[?:1.8.0_51]
	at java.lang.reflect.Method.invoke(Method.java:497) ~[?:1.8.0_51]
	at net.minecraft.launchwrapper.Launch.launch(Launch.java:135) [launchwrapper-1.12.jar:?]
	at net.minecraft.launchwrapper.Launch.main(Launch.java:28) [launchwrapper-1.12.jar:?]
Caused by: java.lang.IllegalArgumentException: A team with the name 'citizen_team' already exists!
	at net.minecraft.scoreboard.Scoreboard.func_96527_f(SourceFile:218) ~[auo.class:?]
	at net.minecraft.client.network.NetHandlerPlayClient.func_147247_a(NetHandlerPlayClient.java:1773) ~[bcy.class:?]
	at net.minecraft.network.play.server.S3EPacketTeams.func_148833_a(SourceFile:113) ~[hr.class:?]
	at net.minecraft.network.play.server.S3EPacketTeams.func_148833_a(SourceFile:13) ~[hr.class:?]
	at net.minecraft.network.PacketThreadUtil$1.run(SourceFile:13) ~[fh$1.class:?]
	at java.util.concurrent.Executors$RunnableAdapter.call(Executors.java:511) ~[?:1.8.0_51]
	at java.util.concurrent.FutureTask.run(FutureTask.java:266) ~[?:1.8.0_51]
	at net.minecraft.util.Util.func_181617_a(SourceFile:44) ~[g.class:?]
	... 9 more
[16:37:17] [Client thread/FATAL]: Error executing task
java.util.concurrent.ExecutionException: java.lang.NullPointerException
	at java.util.concurrent.FutureTask.report(FutureTask.java:122) ~[?:1.8.0_51]
	at java.util.concurrent.FutureTask.get(FutureTask.java:192) ~[?:1.8.0_51]
	at net.minecraft.util.Util.func_181617_a(SourceFile:45) [g.class:?]
	at net.minecraft.client.Minecraft.func_71411_J(Minecraft.java:1014) [ave.class:?]
	at net.minecraft.client.Minecraft.func_99999_d(Minecraft.java:349) [ave.class:?]
	at net.minecraft.client.main.Main.main(SourceFile:124) [Main.class:?]
	at sun.reflect.NativeMethodAccessorImpl.invoke0(Native Method) ~[?:1.8.0_51]
	at sun.reflect.NativeMethodAccessorImpl.invoke(NativeMethodAccessorImpl.java:62) ~[?:1.8.0_51]
	at sun.reflect.DelegatingMethodAccessorImpl.invoke(DelegatingMethodAccessorImpl.java:43) ~[?:1.8.0_51]
	at java.lang.reflect.Method.invoke(Method.java:497) ~[?:1.8.0_51]
	at net.minecraft.launchwrapper.Launch.launch(Launch.java:135) [launchwrapper-1.12.jar:?]
	at net.minecraft.launchwrapper.Launch.main(Launch.java:28) [launchwrapper-1.12.jar:?]
Caused by: java.lang.NullPointerException
	at net.minecraft.network.play.server.S0CPacketSpawnPlayer.func_148944_c(SourceFile:80) ~[fp.class:?]
	at net.minecraft.client.network.NetHandlerPlayClient.func_147237_a(NetHandlerPlayClient.java:501) ~[bcy.class:?]
	at net.minecraft.network.play.server.S0CPacketSpawnPlayer.func_148833_a(SourceFile:75) ~[fp.class:?]
	at net.minecraft.network.play.server.S0CPacketSpawnPlayer.func_148833_a(SourceFile:16) ~[fp.class:?]
	at net.minecraft.network.PacketThreadUtil$1.run(SourceFile:13) ~[fh$1.class:?]
	at java.util.concurrent.Executors$RunnableAdapter.call(Executors.java:511) ~[?:1.8.0_51]
	at java.util.concurrent.FutureTask.run(FutureTask.java:266) ~[?:1.8.0_51]
	at net.minecraft.util.Util.func_181617_a(SourceFile:44) ~[g.class:?]
	... 9 more
[16:37:20] [Client thread/FATAL]: Error executing task
java.util.concurrent.ExecutionException: java.lang.IllegalArgumentException: A team with the name 'citizen_team' already exists!
	at java.util.concurrent.FutureTask.report(FutureTask.java:122) ~[?:1.8.0_51]
	at java.util.concurrent.FutureTask.get(FutureTask.java:192) ~[?:1.8.0_51]
	at net.minecraft.util.Util.func_181617_a(SourceFile:45) [g.class:?]
	at net.minecraft.client.Minecraft.func_71411_J(Minecraft.java:1014) [ave.class:?]
	at net.minecraft.client.Minecraft.func_99999_d(Minecraft.java:349) [ave.class:?]
	at net.minecraft.client.main.Main.main(SourceFile:124) [Main.class:?]
	at sun.reflect.NativeMethodAccessorImpl.invoke0(Native Method) ~[?:1.8.0_51]
	at sun.reflect.NativeMethodAccessorImpl.invoke(NativeMethodAccessorImpl.java:62) ~[?:1.8.0_51]
	at sun.reflect.DelegatingMethodAccessorImpl.invoke(DelegatingMethodAccessorImpl.java:43) ~[?:1.8.0_51]
	at java.lang.reflect.Method.invoke(Method.java:497) ~[?:1.8.0_51]
	at net.minecraft.launchwrapper.Launch.launch(Launch.java:135) [launchwrapper-1.12.jar:?]
	at net.minecraft.launchwrapper.Launch.main(Launch.java:28) [launchwrapper-1.12.jar:?]
Caused by: java.lang.IllegalArgumentException: A team with the name 'citizen_team' already exists!
	at net.minecraft.scoreboard.Scoreboard.func_96527_f(SourceFile:218) ~[auo.class:?]
	at net.minecraft.client.network.NetHandlerPlayClient.func_147247_a(NetHandlerPlayClient.java:1773) ~[bcy.class:?]
	at net.minecraft.network.play.server.S3EPacketTeams.func_148833_a(SourceFile:113) ~[hr.class:?]
	at net.minecraft.network.play.server.S3EPacketTeams.func_148833_a(SourceFile:13) ~[hr.class:?]
	at net.minecraft.network.PacketThreadUtil$1.run(SourceFile:13) ~[fh$1.class:?]
	at java.util.concurrent.Executors$RunnableAdapter.call(Executors.java:511) ~[?:1.8.0_51]
	at java.util.concurrent.FutureTask.run(FutureTask.java:266) ~[?:1.8.0_51]
	at net.minecraft.util.Util.func_181617_a(SourceFile:44) ~[g.class:?]
	... 9 more
[16:37:20] [Client thread/FATAL]: Error executing task
java.util.concurrent.ExecutionException: java.lang.NullPointerException
	at java.util.concurrent.FutureTask.report(FutureTask.java:122) ~[?:1.8.0_51]
	at java.util.concurrent.FutureTask.get(FutureTask.java:192) ~[?:1.8.0_51]
	at net.minecraft.util.Util.func_181617_a(SourceFile:45) [g.class:?]
	at net.minecraft.client.Minecraft.func_71411_J(Minecraft.java:1014) [ave.class:?]
	at net.minecraft.client.Minecraft.func_99999_d(Minecraft.java:349) [ave.class:?]
	at net.minecraft.client.main.Main.main(SourceFile:124) [Main.class:?]
	at sun.reflect.NativeMethodAccessorImpl.invoke0(Native Method) ~[?:1.8.0_51]
	at sun.reflect.NativeMethodAccessorImpl.invoke(NativeMethodAccessorImpl.java:62) ~[?:1.8.0_51]
	at sun.reflect.DelegatingMethodAccessorImpl.invoke(DelegatingMethodAccessorImpl.java:43) ~[?:1.8.0_51]
	at java.lang.reflect.Method.invoke(Method.java:497) ~[?:1.8.0_51]
	at net.minecraft.launchwrapper.Launch.launch(Launch.java:135) [launchwrapper-1.12.jar:?]
	at net.minecraft.launchwrapper.Launch.main(Launch.java:28) [launchwrapper-1.12.jar:?]
Caused by: java.lang.NullPointerException
	at net.minecraft.network.play.server.S0CPacketSpawnPlayer.func_148944_c(SourceFile:80) ~[fp.class:?]
	at net.minecraft.client.network.NetHandlerPlayClient.func_147237_a(NetHandlerPlayClient.java:501) ~[bcy.class:?]
	at net.minecraft.network.play.server.S0CPacketSpawnPlayer.func_148833_a(SourceFile:75) ~[fp.class:?]
	at net.minecraft.network.play.server.S0CPacketSpawnPlayer.func_148833_a(SourceFile:16) ~[fp.class:?]
	at net.minecraft.network.PacketThreadUtil$1.run(SourceFile:13) ~[fh$1.class:?]
	at java.util.concurrent.Executors$RunnableAdapter.call(Executors.java:511) ~[?:1.8.0_51]
	at java.util.concurrent.FutureTask.run(FutureTask.java:266) ~[?:1.8.0_51]
	at net.minecraft.util.Util.func_181617_a(SourceFile:44) ~[g.class:?]
	... 9 more
[16:37:20] [Client thread/FATAL]: Error executing task
java.util.concurrent.ExecutionException: java.lang.IllegalArgumentException: A team with the name 'citizen_team' already exists!
	at java.util.concurrent.FutureTask.report(FutureTask.java:122) ~[?:1.8.0_51]
	at java.util.concurrent.FutureTask.get(FutureTask.java:192) ~[?:1.8.0_51]
	at net.minecraft.util.Util.func_181617_a(SourceFile:45) [g.class:?]
	at net.minecraft.client.Minecraft.func_71411_J(Minecraft.java:1014) [ave.class:?]
	at net.minecraft.client.Minecraft.func_99999_d(Minecraft.java:349) [ave.class:?]
	at net.minecraft.client.main.Main.main(SourceFile:124) [Main.class:?]
	at sun.reflect.NativeMethodAccessorImpl.invoke0(Native Method) ~[?:1.8.0_51]
	at sun.reflect.NativeMethodAccessorImpl.invoke(NativeMethodAccessorImpl.java:62) ~[?:1.8.0_51]
	at sun.reflect.DelegatingMethodAccessorImpl.invoke(DelegatingMethodAccessorImpl.java:43) ~[?:1.8.0_51]
	at java.lang.reflect.Method.invoke(Method.java:497) ~[?:1.8.0_51]
	at net.minecraft.launchwrapper.Launch.launch(Launch.java:135) [launchwrapper-1.12.jar:?]
	at net.minecraft.launchwrapper.Launch.main(Launch.java:28) [launchwrapper-1.12.jar:?]
Caused by: java.lang.IllegalArgumentException: A team with the name 'citizen_team' already exists!
	at net.minecraft.scoreboard.Scoreboard.func_96527_f(SourceFile:218) ~[auo.class:?]
	at net.minecraft.client.network.NetHandlerPlayClient.func_147247_a(NetHandlerPlayClient.java:1773) ~[bcy.class:?]
	at net.minecraft.network.play.server.S3EPacketTeams.func_148833_a(SourceFile:113) ~[hr.class:?]
	at net.minecraft.network.play.server.S3EPacketTeams.func_148833_a(SourceFile:13) ~[hr.class:?]
	at net.minecraft.network.PacketThreadUtil$1.run(SourceFile:13) ~[fh$1.class:?]
	at java.util.concurrent.Executors$RunnableAdapter.call(Executors.java:511) ~[?:1.8.0_51]
	at java.util.concurrent.FutureTask.run(FutureTask.java:266) ~[?:1.8.0_51]
	at net.minecraft.util.Util.func_181617_a(SourceFile:44) ~[g.class:?]
	... 9 more
[16:37:20] [Client thread/FATAL]: Error executing task
java.util.concurrent.ExecutionException: java.lang.NullPointerException
	at java.util.concurrent.FutureTask.report(FutureTask.java:122) ~[?:1.8.0_51]
	at java.util.concurrent.FutureTask.get(FutureTask.java:192) ~[?:1.8.0_51]
	at net.minecraft.util.Util.func_181617_a(SourceFile:45) [g.class:?]
	at net.minecraft.client.Minecraft.func_71411_J(Minecraft.java:1014) [ave.class:?]
	at net.minecraft.client.Minecraft.func_99999_d(Minecraft.java:349) [ave.class:?]
	at net.minecraft.client.main.Main.main(SourceFile:124) [Main.class:?]
	at sun.reflect.NativeMethodAccessorImpl.invoke0(Native Method) ~[?:1.8.0_51]
	at sun.reflect.NativeMethodAccessorImpl.invoke(NativeMethodAccessorImpl.java:62) ~[?:1.8.0_51]
	at sun.reflect.DelegatingMethodAccessorImpl.invoke(DelegatingMethodAccessorImpl.java:43) ~[?:1.8.0_51]
	at java.lang.reflect.Method.invoke(Method.java:497) ~[?:1.8.0_51]
	at net.minecraft.launchwrapper.Launch.launch(Launch.java:135) [launchwrapper-1.12.jar:?]
	at net.minecraft.launchwrapper.Launch.main(Launch.java:28) [launchwrapper-1.12.jar:?]
Caused by: java.lang.NullPointerException
	at net.minecraft.network.play.server.S0CPacketSpawnPlayer.func_148944_c(SourceFile:80) ~[fp.class:?]
	at net.minecraft.client.network.NetHandlerPlayClient.func_147237_a(NetHandlerPlayClient.java:501) ~[bcy.class:?]
	at net.minecraft.network.play.server.S0CPacketSpawnPlayer.func_148833_a(SourceFile:75) ~[fp.class:?]
	at net.minecraft.network.play.server.S0CPacketSpawnPlayer.func_148833_a(SourceFile:16) ~[fp.class:?]
	at net.minecraft.network.PacketThreadUtil$1.run(SourceFile:13) ~[fh$1.class:?]
	at java.util.concurrent.Executors$RunnableAdapter.call(Executors.java:511) ~[?:1.8.0_51]
	at java.util.concurrent.FutureTask.run(FutureTask.java:266) ~[?:1.8.0_51]
	at net.minecraft.util.Util.func_181617_a(SourceFile:44) ~[g.class:?]
	... 9 more
[16:37:23] [Client thread/FATAL]: Error executing task
java.util.concurrent.ExecutionException: java.lang.IllegalArgumentException: A team with the name 'citizen_team' already exists!
	at java.util.concurrent.FutureTask.report(FutureTask.java:122) ~[?:1.8.0_51]
	at java.util.concurrent.FutureTask.get(FutureTask.java:192) ~[?:1.8.0_51]
	at net.minecraft.util.Util.func_181617_a(SourceFile:45) [g.class:?]
	at net.minecraft.client.Minecraft.func_71411_J(Minecraft.java:1014) [ave.class:?]
	at net.minecraft.client.Minecraft.func_99999_d(Minecraft.java:349) [ave.class:?]
	at net.minecraft.client.main.Main.main(SourceFile:124) [Main.class:?]
	at sun.reflect.NativeMethodAccessorImpl.invoke0(Native Method) ~[?:1.8.0_51]
	at sun.reflect.NativeMethodAccessorImpl.invoke(NativeMethodAccessorImpl.java:62) ~[?:1.8.0_51]
	at sun.reflect.DelegatingMethodAccessorImpl.invoke(DelegatingMethodAccessorImpl.java:43) ~[?:1.8.0_51]
	at java.lang.reflect.Method.invoke(Method.java:497) ~[?:1.8.0_51]
	at net.minecraft.launchwrapper.Launch.launch(Launch.java:135) [launchwrapper-1.12.jar:?]
	at net.minecraft.launchwrapper.Launch.main(Launch.java:28) [launchwrapper-1.12.jar:?]
Caused by: java.lang.IllegalArgumentException: A team with the name 'citizen_team' already exists!
	at net.minecraft.scoreboard.Scoreboard.func_96527_f(SourceFile:218) ~[auo.class:?]
	at net.minecraft.client.network.NetHandlerPlayClient.func_147247_a(NetHandlerPlayClient.java:1773) ~[bcy.class:?]
	at net.minecraft.network.play.server.S3EPacketTeams.func_148833_a(SourceFile:113) ~[hr.class:?]
	at net.minecraft.network.play.server.S3EPacketTeams.func_148833_a(SourceFile:13) ~[hr.class:?]
	at net.minecraft.network.PacketThreadUtil$1.run(SourceFile:13) ~[fh$1.class:?]
	at java.util.concurrent.Executors$RunnableAdapter.call(Executors.java:511) ~[?:1.8.0_51]
	at java.util.concurrent.FutureTask.run(FutureTask.java:266) ~[?:1.8.0_51]
	at net.minecraft.util.Util.func_181617_a(SourceFile:44) ~[g.class:?]
	... 9 more
[16:37:23] [Client thread/FATAL]: Error executing task
java.util.concurrent.ExecutionException: java.lang.NullPointerException
	at java.util.concurrent.FutureTask.report(FutureTask.java:122) ~[?:1.8.0_51]
	at java.util.concurrent.FutureTask.get(FutureTask.java:192) ~[?:1.8.0_51]
	at net.minecraft.util.Util.func_181617_a(SourceFile:45) [g.class:?]
	at net.minecraft.client.Minecraft.func_71411_J(Minecraft.java:1014) [ave.class:?]
	at net.minecraft.client.Minecraft.func_99999_d(Minecraft.java:349) [ave.class:?]
	at net.minecraft.client.main.Main.main(SourceFile:124) [Main.class:?]
	at sun.reflect.NativeMethodAccessorImpl.invoke0(Native Method) ~[?:1.8.0_51]
	at sun.reflect.NativeMethodAccessorImpl.invoke(NativeMethodAccessorImpl.java:62) ~[?:1.8.0_51]
	at sun.reflect.DelegatingMethodAccessorImpl.invoke(DelegatingMethodAccessorImpl.java:43) ~[?:1.8.0_51]
	at java.lang.reflect.Method.invoke(Method.java:497) ~[?:1.8.0_51]
	at net.minecraft.launchwrapper.Launch.launch(Launch.java:135) [launchwrapper-1.12.jar:?]
	at net.minecraft.launchwrapper.Launch.main(Launch.java:28) [launchwrapper-1.12.jar:?]
Caused by: java.lang.NullPointerException
	at net.minecraft.network.play.server.S0CPacketSpawnPlayer.func_148944_c(SourceFile:80) ~[fp.class:?]
	at net.minecraft.client.network.NetHandlerPlayClient.func_147237_a(NetHandlerPlayClient.java:501) ~[bcy.class:?]
	at net.minecraft.network.play.server.S0CPacketSpawnPlayer.func_148833_a(SourceFile:75) ~[fp.class:?]
	at net.minecraft.network.play.server.S0CPacketSpawnPlayer.func_148833_a(SourceFile:16) ~[fp.class:?]
	at net.minecraft.network.PacketThreadUtil$1.run(SourceFile:13) ~[fh$1.class:?]
	at java.util.concurrent.Executors$RunnableAdapter.call(Executors.java:511) ~[?:1.8.0_51]
	at java.util.concurrent.FutureTask.run(FutureTask.java:266) ~[?:1.8.0_51]
	at net.minecraft.util.Util.func_181617_a(SourceFile:44) ~[g.class:?]
	... 9 more
[16:37:27] [Client thread/FATAL]: Error executing task
java.util.concurrent.ExecutionException: java.lang.IllegalArgumentException: A team with the name 'citizen_team' already exists!
	at java.util.concurrent.FutureTask.report(FutureTask.java:122) ~[?:1.8.0_51]
	at java.util.concurrent.FutureTask.get(FutureTask.java:192) ~[?:1.8.0_51]
	at net.minecraft.util.Util.func_181617_a(SourceFile:45) [g.class:?]
	at net.minecraft.client.Minecraft.func_71411_J(Minecraft.java:1014) [ave.class:?]
	at net.minecraft.client.Minecraft.func_99999_d(Minecraft.java:349) [ave.class:?]
	at net.minecraft.client.main.Main.main(SourceFile:124) [Main.class:?]
	at sun.reflect.NativeMethodAccessorImpl.invoke0(Native Method) ~[?:1.8.0_51]
	at sun.reflect.NativeMethodAccessorImpl.invoke(NativeMethodAccessorImpl.java:62) ~[?:1.8.0_51]
	at sun.reflect.DelegatingMethodAccessorImpl.invoke(DelegatingMethodAccessorImpl.java:43) ~[?:1.8.0_51]
	at java.lang.reflect.Method.invoke(Method.java:497) ~[?:1.8.0_51]
	at net.minecraft.launchwrapper.Launch.launch(Launch.java:135) [launchwrapper-1.12.jar:?]
	at net.minecraft.launchwrapper.Launch.main(Launch.java:28) [launchwrapper-1.12.jar:?]
Caused by: java.lang.IllegalArgumentException: A team with the name 'citizen_team' already exists!
	at net.minecraft.scoreboard.Scoreboard.func_96527_f(SourceFile:218) ~[auo.class:?]
	at net.minecraft.client.network.NetHandlerPlayClient.func_147247_a(NetHandlerPlayClient.java:1773) ~[bcy.class:?]
	at net.minecraft.network.play.server.S3EPacketTeams.func_148833_a(SourceFile:113) ~[hr.class:?]
	at net.minecraft.network.play.server.S3EPacketTeams.func_148833_a(SourceFile:13) ~[hr.class:?]
	at net.minecraft.network.PacketThreadUtil$1.run(SourceFile:13) ~[fh$1.class:?]
	at java.util.concurrent.Executors$RunnableAdapter.call(Executors.java:511) ~[?:1.8.0_51]
	at java.util.concurrent.FutureTask.run(FutureTask.java:266) ~[?:1.8.0_51]
	at net.minecraft.util.Util.func_181617_a(SourceFile:44) ~[g.class:?]
	... 9 more
[16:37:27] [Client thread/FATAL]: Error executing task
java.util.concurrent.ExecutionException: java.lang.NullPointerException
	at java.util.concurrent.FutureTask.report(FutureTask.java:122) ~[?:1.8.0_51]
	at java.util.concurrent.FutureTask.get(FutureTask.java:192) ~[?:1.8.0_51]
	at net.minecraft.util.Util.func_181617_a(SourceFile:45) [g.class:?]
	at net.minecraft.client.Minecraft.func_71411_J(Minecraft.java:1014) [ave.class:?]
	at net.minecraft.client.Minecraft.func_99999_d(Minecraft.java:349) [ave.class:?]
	at net.minecraft.client.main.Main.main(SourceFile:124) [Main.class:?]
	at sun.reflect.NativeMethodAccessorImpl.invoke0(Native Method) ~[?:1.8.0_51]
	at sun.reflect.NativeMethodAccessorImpl.invoke(NativeMethodAccessorImpl.java:62) ~[?:1.8.0_51]
	at sun.reflect.DelegatingMethodAccessorImpl.invoke(DelegatingMethodAccessorImpl.java:43) ~[?:1.8.0_51]
	at java.lang.reflect.Method.invoke(Method.java:497) ~[?:1.8.0_51]
	at net.minecraft.launchwrapper.Launch.launch(Launch.java:135) [launchwrapper-1.12.jar:?]
	at net.minecraft.launchwrapper.Launch.main(Launch.java:28) [launchwrapper-1.12.jar:?]
Caused by: java.lang.NullPointerException
	at net.minecraft.network.play.server.S0CPacketSpawnPlayer.func_148944_c(SourceFile:80) ~[fp.class:?]
	at net.minecraft.client.network.NetHandlerPlayClient.func_147237_a(NetHandlerPlayClient.java:501) ~[bcy.class:?]
	at net.minecraft.network.play.server.S0CPacketSpawnPlayer.func_148833_a(SourceFile:75) ~[fp.class:?]
	at net.minecraft.network.play.server.S0CPacketSpawnPlayer.func_148833_a(SourceFile:16) ~[fp.class:?]
	at net.minecraft.network.PacketThreadUtil$1.run(SourceFile:13) ~[fh$1.class:?]
	at java.util.concurrent.Executors$RunnableAdapter.call(Executors.java:511) ~[?:1.8.0_51]
	at java.util.concurrent.FutureTask.run(FutureTask.java:266) ~[?:1.8.0_51]
	at net.minecraft.util.Util.func_181617_a(SourceFile:44) ~[g.class:?]
	... 9 more
[16:37:27] [Client thread/FATAL]: Error executing task
java.util.concurrent.ExecutionException: java.lang.IllegalArgumentException: A team with the name 'citizen_team' already exists!
	at java.util.concurrent.FutureTask.report(FutureTask.java:122) ~[?:1.8.0_51]
	at java.util.concurrent.FutureTask.get(FutureTask.java:192) ~[?:1.8.0_51]
	at net.minecraft.util.Util.func_181617_a(SourceFile:45) [g.class:?]
	at net.minecraft.client.Minecraft.func_71411_J(Minecraft.java:1014) [ave.class:?]
	at net.minecraft.client.Minecraft.func_99999_d(Minecraft.java:349) [ave.class:?]
	at net.minecraft.client.main.Main.main(SourceFile:124) [Main.class:?]
	at sun.reflect.NativeMethodAccessorImpl.invoke0(Native Method) ~[?:1.8.0_51]
	at sun.reflect.NativeMethodAccessorImpl.invoke(NativeMethodAccessorImpl.java:62) ~[?:1.8.0_51]
	at sun.reflect.DelegatingMethodAccessorImpl.invoke(DelegatingMethodAccessorImpl.java:43) ~[?:1.8.0_51]
	at java.lang.reflect.Method.invoke(Method.java:497) ~[?:1.8.0_51]
	at net.minecraft.launchwrapper.Launch.launch(Launch.java:135) [launchwrapper-1.12.jar:?]
	at net.minecraft.launchwrapper.Launch.main(Launch.java:28) [launchwrapper-1.12.jar:?]
Caused by: java.lang.IllegalArgumentException: A team with the name 'citizen_team' already exists!
	at net.minecraft.scoreboard.Scoreboard.func_96527_f(SourceFile:218) ~[auo.class:?]
	at net.minecraft.client.network.NetHandlerPlayClient.func_147247_a(NetHandlerPlayClient.java:1773) ~[bcy.class:?]
	at net.minecraft.network.play.server.S3EPacketTeams.func_148833_a(SourceFile:113) ~[hr.class:?]
	at net.minecraft.network.play.server.S3EPacketTeams.func_148833_a(SourceFile:13) ~[hr.class:?]
	at net.minecraft.network.PacketThreadUtil$1.run(SourceFile:13) ~[fh$1.class:?]
	at java.util.concurrent.Executors$RunnableAdapter.call(Executors.java:511) ~[?:1.8.0_51]
	at java.util.concurrent.FutureTask.run(FutureTask.java:266) ~[?:1.8.0_51]
	at net.minecraft.util.Util.func_181617_a(SourceFile:44) ~[g.class:?]
	... 9 more
[16:37:27] [Client thread/FATAL]: Error executing task
java.util.concurrent.ExecutionException: java.lang.NullPointerException
	at java.util.concurrent.FutureTask.report(FutureTask.java:122) ~[?:1.8.0_51]
	at java.util.concurrent.FutureTask.get(FutureTask.java:192) ~[?:1.8.0_51]
	at net.minecraft.util.Util.func_181617_a(SourceFile:45) [g.class:?]
	at net.minecraft.client.Minecraft.func_71411_J(Minecraft.java:1014) [ave.class:?]
	at net.minecraft.client.Minecraft.func_99999_d(Minecraft.java:349) [ave.class:?]
	at net.minecraft.client.main.Main.main(SourceFile:124) [Main.class:?]
	at sun.reflect.NativeMethodAccessorImpl.invoke0(Native Method) ~[?:1.8.0_51]
	at sun.reflect.NativeMethodAccessorImpl.invoke(NativeMethodAccessorImpl.java:62) ~[?:1.8.0_51]
	at sun.reflect.DelegatingMethodAccessorImpl.invoke(DelegatingMethodAccessorImpl.java:43) ~[?:1.8.0_51]
	at java.lang.reflect.Method.invoke(Method.java:497) ~[?:1.8.0_51]
	at net.minecraft.launchwrapper.Launch.launch(Launch.java:135) [launchwrapper-1.12.jar:?]
	at net.minecraft.launchwrapper.Launch.main(Launch.java:28) [launchwrapper-1.12.jar:?]
Caused by: java.lang.NullPointerException
	at net.minecraft.network.play.server.S0CPacketSpawnPlayer.func_148944_c(SourceFile:80) ~[fp.class:?]
	at net.minecraft.client.network.NetHandlerPlayClient.func_147237_a(NetHandlerPlayClient.java:501) ~[bcy.class:?]
	at net.minecraft.network.play.server.S0CPacketSpawnPlayer.func_148833_a(SourceFile:75) ~[fp.class:?]
	at net.minecraft.network.play.server.S0CPacketSpawnPlayer.func_148833_a(SourceFile:16) ~[fp.class:?]
	at net.minecraft.network.PacketThreadUtil$1.run(SourceFile:13) ~[fh$1.class:?]
	at java.util.concurrent.Executors$RunnableAdapter.call(Executors.java:511) ~[?:1.8.0_51]
	at java.util.concurrent.FutureTask.run(FutureTask.java:266) ~[?:1.8.0_51]
	at net.minecraft.util.Util.func_181617_a(SourceFile:44) ~[g.class:?]
	... 9 more
[16:37:31] [Client thread/INFO]: [CHAT] [»] mayorie (1/25)
[16:37:31] [Client thread/INFO]: [CHAT] 
[16:37:31] [Client thread/INFO]: [CHAT] [UHC] mayorie
[16:37:31] [Client thread/INFO]: [CHAT] [UHC] Les scénarios activés sont : CutClean, HasteyBoys, SafeMiners, TimberPVP, AutoBreak, Loup-Garou UHC.
[16:37:31] [Client thread/INFO]: [CHAT] 
[16:37:31] [Client thread/INFO]: [CHAT] [CONFIG] mayorie devient désormais l'host de la partie.
[16:37:31] [Client thread/INFO]: [CHAT] [?] Bienvenue dans votre host !
[16:37:39] [Client thread/INFO]: [CHAT] [UHC] Le scénario OreMagnet vient d'être activé.
[16:37:39] [Client thread/INFO]: [CHAT] [UHC] Le scénario BetaZombies vient d'être activé.
[16:37:39] [Client thread/INFO]: [CHAT] [UHC] Le scénario AutoBreak vient d'être désactivé.
[16:37:39] [Client thread/INFO]: [CHAT] [CONFIG] La template normal vient d'être chargée avec succès.
[16:37:56] [Client thread/INFO]: [CHAT] [UHC] Confirmez pour quitter la partie.
[16:37:56] [Client thread/INFO]: [CHAT] [UHC] Vous quittez la partie.
[16:37:56] [Client thread/INFO]: [CHAT] [?] Téléportation en cours...
[16:37:57] [Client thread/FATAL]: Error executing task
java.util.concurrent.ExecutionException: java.lang.NullPointerException
	at java.util.concurrent.FutureTask.report(FutureTask.java:122) ~[?:1.8.0_51]
	at java.util.concurrent.FutureTask.get(FutureTask.java:192) ~[?:1.8.0_51]
	at net.minecraft.util.Util.func_181617_a(SourceFile:45) [g.class:?]
	at net.minecraft.client.Minecraft.func_71411_J(Minecraft.java:1014) [ave.class:?]
	at net.minecraft.client.Minecraft.func_99999_d(Minecraft.java:349) [ave.class:?]
	at net.minecraft.client.main.Main.main(SourceFile:124) [Main.class:?]
	at sun.reflect.NativeMethodAccessorImpl.invoke0(Native Method) ~[?:1.8.0_51]
	at sun.reflect.NativeMethodAccessorImpl.invoke(NativeMethodAccessorImpl.java:62) ~[?:1.8.0_51]
	at sun.reflect.DelegatingMethodAccessorImpl.invoke(DelegatingMethodAccessorImpl.java:43) ~[?:1.8.0_51]
	at java.lang.reflect.Method.invoke(Method.java:497) ~[?:1.8.0_51]
	at net.minecraft.launchwrapper.Launch.launch(Launch.java:135) [launchwrapper-1.12.jar:?]
	at net.minecraft.launchwrapper.Launch.main(Launch.java:28) [launchwrapper-1.12.jar:?]
Caused by: java.lang.NullPointerException
	at net.minecraft.network.play.server.S0CPacketSpawnPlayer.func_148944_c(SourceFile:80) ~[fp.class:?]
	at net.minecraft.client.network.NetHandlerPlayClient.func_147237_a(NetHandlerPlayClient.java:501) ~[bcy.class:?]
	at net.minecraft.network.play.server.S0CPacketSpawnPlayer.func_148833_a(SourceFile:75) ~[fp.class:?]
	at net.minecraft.network.play.server.S0CPacketSpawnPlayer.func_148833_a(SourceFile:16) ~[fp.class:?]
	at net.minecraft.network.PacketThreadUtil$1.run(SourceFile:13) ~[fh$1.class:?]
	at java.util.concurrent.Executors$RunnableAdapter.call(Executors.java:511) ~[?:1.8.0_51]
	at java.util.concurrent.FutureTask.run(FutureTask.java:266) ~[?:1.8.0_51]
	at net.minecraft.util.Util.func_181617_a(SourceFile:44) ~[g.class:?]
	... 9 more
[16:37:57] [Client thread/FATAL]: Error executing task
java.util.concurrent.ExecutionException: java.lang.IllegalArgumentException: A team with the name 'citizen_team' already exists!
	at java.util.concurrent.FutureTask.report(FutureTask.java:122) ~[?:1.8.0_51]
	at java.util.concurrent.FutureTask.get(FutureTask.java:192) ~[?:1.8.0_51]
	at net.minecraft.util.Util.func_181617_a(SourceFile:45) [g.class:?]
	at net.minecraft.client.Minecraft.func_71411_J(Minecraft.java:1014) [ave.class:?]
	at net.minecraft.client.Minecraft.func_99999_d(Minecraft.java:349) [ave.class:?]
	at net.minecraft.client.main.Main.main(SourceFile:124) [Main.class:?]
	at sun.reflect.NativeMethodAccessorImpl.invoke0(Native Method) ~[?:1.8.0_51]
	at sun.reflect.NativeMethodAccessorImpl.invoke(NativeMethodAccessorImpl.java:62) ~[?:1.8.0_51]
	at sun.reflect.DelegatingMethodAccessorImpl.invoke(DelegatingMethodAccessorImpl.java:43) ~[?:1.8.0_51]
	at java.lang.reflect.Method.invoke(Method.java:497) ~[?:1.8.0_51]
	at net.minecraft.launchwrapper.Launch.launch(Launch.java:135) [launchwrapper-1.12.jar:?]
	at net.minecraft.launchwrapper.Launch.main(Launch.java:28) [launchwrapper-1.12.jar:?]
Caused by: java.lang.IllegalArgumentException: A team with the name 'citizen_team' already exists!
	at net.minecraft.scoreboard.Scoreboard.func_96527_f(SourceFile:218) ~[auo.class:?]
	at net.minecraft.client.network.NetHandlerPlayClient.func_147247_a(NetHandlerPlayClient.java:1773) ~[bcy.class:?]
	at net.minecraft.network.play.server.S3EPacketTeams.func_148833_a(SourceFile:113) ~[hr.class:?]
	at net.minecraft.network.play.server.S3EPacketTeams.func_148833_a(SourceFile:13) ~[hr.class:?]
	at net.minecraft.network.PacketThreadUtil$1.run(SourceFile:13) ~[fh$1.class:?]
	at java.util.concurrent.Executors$RunnableAdapter.call(Executors.java:511) ~[?:1.8.0_51]
	at java.util.concurrent.FutureTask.run(FutureTask.java:266) ~[?:1.8.0_51]
	at net.minecraft.util.Util.func_181617_a(SourceFile:44) ~[g.class:?]
	... 9 more
[16:37:57] [Client thread/FATAL]: Error executing task
java.util.concurrent.ExecutionException: java.lang.NullPointerException
	at java.util.concurrent.FutureTask.report(FutureTask.java:122) ~[?:1.8.0_51]
	at java.util.concurrent.FutureTask.get(FutureTask.java:192) ~[?:1.8.0_51]
	at net.minecraft.util.Util.func_181617_a(SourceFile:45) [g.class:?]
	at net.minecraft.client.Minecraft.func_71411_J(Minecraft.java:1014) [ave.class:?]
	at net.minecraft.client.Minecraft.func_99999_d(Minecraft.java:349) [ave.class:?]
	at net.minecraft.client.main.Main.main(SourceFile:124) [Main.class:?]
	at sun.reflect.NativeMethodAccessorImpl.invoke0(Native Method) ~[?:1.8.0_51]
	at sun.reflect.NativeMethodAccessorImpl.invoke(NativeMethodAccessorImpl.java:62) ~[?:1.8.0_51]
	at sun.reflect.DelegatingMethodAccessorImpl.invoke(DelegatingMethodAccessorImpl.java:43) ~[?:1.8.0_51]
	at java.lang.reflect.Method.invoke(Method.java:497) ~[?:1.8.0_51]
	at net.minecraft.launchwrapper.Launch.launch(Launch.java:135) [launchwrapper-1.12.jar:?]
	at net.minecraft.launchwrapper.Launch.main(Launch.java:28) [launchwrapper-1.12.jar:?]
Caused by: java.lang.NullPointerException
	at net.minecraft.network.play.server.S0CPacketSpawnPlayer.func_148944_c(SourceFile:80) ~[fp.class:?]
	at net.minecraft.client.network.NetHandlerPlayClient.func_147237_a(NetHandlerPlayClient.java:501) ~[bcy.class:?]
	at net.minecraft.network.play.server.S0CPacketSpawnPlayer.func_148833_a(SourceFile:75) ~[fp.class:?]
	at net.minecraft.network.play.server.S0CPacketSpawnPlayer.func_148833_a(SourceFile:16) ~[fp.class:?]
	at net.minecraft.network.PacketThreadUtil$1.run(SourceFile:13) ~[fh$1.class:?]
	at java.util.concurrent.Executors$RunnableAdapter.call(Executors.java:511) ~[?:1.8.0_51]
	at java.util.concurrent.FutureTask.run(FutureTask.java:266) ~[?:1.8.0_51]
	at net.minecraft.util.Util.func_181617_a(SourceFile:44) ~[g.class:?]
	... 9 more
[16:37:57] [Client thread/FATAL]: Error executing task
java.util.concurrent.ExecutionException: java.lang.NullPointerException
	at java.util.concurrent.FutureTask.report(FutureTask.java:122) ~[?:1.8.0_51]
	at java.util.concurrent.FutureTask.get(FutureTask.java:192) ~[?:1.8.0_51]
	at net.minecraft.util.Util.func_181617_a(SourceFile:45) [g.class:?]
	at net.minecraft.client.Minecraft.func_71411_J(Minecraft.java:1014) [ave.class:?]
	at net.minecraft.client.Minecraft.func_99999_d(Minecraft.java:349) [ave.class:?]
	at net.minecraft.client.main.Main.main(SourceFile:124) [Main.class:?]
	at sun.reflect.NativeMethodAccessorImpl.invoke0(Native Method) ~[?:1.8.0_51]
	at sun.reflect.NativeMethodAccessorImpl.invoke(NativeMethodAccessorImpl.java:62) ~[?:1.8.0_51]
	at sun.reflect.DelegatingMethodAccessorImpl.invoke(DelegatingMethodAccessorImpl.java:43) ~[?:1.8.0_51]
	at java.lang.reflect.Method.invoke(Method.java:497) ~[?:1.8.0_51]
	at net.minecraft.launchwrapper.Launch.launch(Launch.java:135) [launchwrapper-1.12.jar:?]
	at net.minecraft.launchwrapper.Launch.main(Launch.java:28) [launchwrapper-1.12.jar:?]
Caused by: java.lang.NullPointerException
	at net.minecraft.network.play.server.S0FPacketSpawnMob.func_149027_c(SourceFile:114) ~[fn.class:?]
	at net.minecraft.client.network.NetHandlerPlayClient.func_147281_a(NetHandlerPlayClient.java:840) ~[bcy.class:?]
	at net.minecraft.network.play.server.S0FPacketSpawnMob.func_148833_a(SourceFile:109) ~[fn.class:?]
	at net.minecraft.network.play.server.S0FPacketSpawnMob.func_148833_a(SourceFile:15) ~[fn.class:?]
	at net.minecraft.network.PacketThreadUtil$1.run(SourceFile:13) ~[fh$1.class:?]
	at java.util.concurrent.Executors$RunnableAdapter.call(Executors.java:511) ~[?:1.8.0_51]
	at java.util.concurrent.FutureTask.run(FutureTask.java:266) ~[?:1.8.0_51]
	at net.minecraft.util.Util.func_181617_a(SourceFile:44) ~[g.class:?]
	... 9 more
[16:37:57] [Client thread/FATAL]: Error executing task
java.util.concurrent.ExecutionException: java.lang.NullPointerException
	at java.util.concurrent.FutureTask.report(FutureTask.java:122) ~[?:1.8.0_51]
	at java.util.concurrent.FutureTask.get(FutureTask.java:192) ~[?:1.8.0_51]
	at net.minecraft.util.Util.func_181617_a(SourceFile:45) [g.class:?]
	at net.minecraft.client.Minecraft.func_71411_J(Minecraft.java:1014) [ave.class:?]
	at net.minecraft.client.Minecraft.func_99999_d(Minecraft.java:349) [ave.class:?]
	at net.minecraft.client.main.Main.main(SourceFile:124) [Main.class:?]
	at sun.reflect.NativeMethodAccessorImpl.invoke0(Native Method) ~[?:1.8.0_51]
	at sun.reflect.NativeMethodAccessorImpl.invoke(NativeMethodAccessorImpl.java:62) ~[?:1.8.0_51]
	at sun.reflect.DelegatingMethodAccessorImpl.invoke(DelegatingMethodAccessorImpl.java:43) ~[?:1.8.0_51]
	at java.lang.reflect.Method.invoke(Method.java:497) ~[?:1.8.0_51]
	at net.minecraft.launchwrapper.Launch.launch(Launch.java:135) [launchwrapper-1.12.jar:?]
	at net.minecraft.launchwrapper.Launch.main(Launch.java:28) [launchwrapper-1.12.jar:?]
Caused by: java.lang.NullPointerException
	at net.minecraft.network.play.server.S0FPacketSpawnMob.func_149027_c(SourceFile:114) ~[fn.class:?]
	at net.minecraft.client.network.NetHandlerPlayClient.func_147281_a(NetHandlerPlayClient.java:840) ~[bcy.class:?]
	at net.minecraft.network.play.server.S0FPacketSpawnMob.func_148833_a(SourceFile:109) ~[fn.class:?]
	at net.minecraft.network.play.server.S0FPacketSpawnMob.func_148833_a(SourceFile:15) ~[fn.class:?]
	at net.minecraft.network.PacketThreadUtil$1.run(SourceFile:13) ~[fh$1.class:?]
	at java.util.concurrent.Executors$RunnableAdapter.call(Executors.java:511) ~[?:1.8.0_51]
	at java.util.concurrent.FutureTask.run(FutureTask.java:266) ~[?:1.8.0_51]
	at net.minecraft.util.Util.func_181617_a(SourceFile:44) ~[g.class:?]
	... 9 more
[16:38:25] [Client thread/FATAL]: Error executing task
java.util.concurrent.ExecutionException: java.lang.NullPointerException
	at java.util.concurrent.FutureTask.report(FutureTask.java:122) ~[?:1.8.0_51]
	at java.util.concurrent.FutureTask.get(FutureTask.java:192) ~[?:1.8.0_51]
	at net.minecraft.util.Util.func_181617_a(SourceFile:45) [g.class:?]
	at net.minecraft.client.Minecraft.func_71411_J(Minecraft.java:1014) [ave.class:?]
	at net.minecraft.client.Minecraft.func_99999_d(Minecraft.java:349) [ave.class:?]
	at net.minecraft.client.main.Main.main(SourceFile:124) [Main.class:?]
	at sun.reflect.NativeMethodAccessorImpl.invoke0(Native Method) ~[?:1.8.0_51]
	at sun.reflect.NativeMethodAccessorImpl.invoke(NativeMethodAccessorImpl.java:62) ~[?:1.8.0_51]
	at sun.reflect.DelegatingMethodAccessorImpl.invoke(DelegatingMethodAccessorImpl.java:43) ~[?:1.8.0_51]
	at java.lang.reflect.Method.invoke(Method.java:497) ~[?:1.8.0_51]
	at net.minecraft.launchwrapper.Launch.launch(Launch.java:135) [launchwrapper-1.12.jar:?]
	at net.minecraft.launchwrapper.Launch.main(Launch.java:28) [launchwrapper-1.12.jar:?]
Caused by: java.lang.NullPointerException
	at net.minecraft.scoreboard.Scoreboard.func_96511_d(SourceFile:229) ~[auo.class:?]
	at net.minecraft.client.network.NetHandlerPlayClient.func_147247_a(NetHandlerPlayClient.java:1813) ~[bcy.class:?]
	at net.minecraft.network.play.server.S3EPacketTeams.func_148833_a(SourceFile:113) ~[hr.class:?]
	at net.minecraft.network.play.server.S3EPacketTeams.func_148833_a(SourceFile:13) ~[hr.class:?]
	at net.minecraft.network.PacketThreadUtil$1.run(SourceFile:13) ~[fh$1.class:?]
	at java.util.concurrent.Executors$RunnableAdapter.call(Executors.java:511) ~[?:1.8.0_51]
	at java.util.concurrent.FutureTask.run(FutureTask.java:266) ~[?:1.8.0_51]
	at net.minecraft.util.Util.func_181617_a(SourceFile:44) ~[g.class:?]
	... 9 more
[16:38:25] [Client thread/INFO]: [CHAT] [»] mayorie (1/29)
[16:38:25] [Client thread/INFO]: [CHAT] 
[16:38:25] [Client thread/INFO]: [CHAT] [UHC] mayorie
[16:38:25] [Client thread/INFO]: [CHAT] [UHC] Partie organisée par mayorie.
[16:38:25] [Client thread/INFO]: [CHAT] [UHC] Les scénarios activés sont : CutClean, HasteyBoys, OreMagnet, SafeMiners, BetaZombies, TimberPVP, Loup-Garou UHC.
[16:38:25] [Client thread/INFO]: [CHAT] 
[16:38:25] [Client thread/INFO]: [CHAT] [?] Bienvenue dans votre host !
[16:38:25] [Client thread/FATAL]: Error executing task
java.util.concurrent.ExecutionException: java.lang.NullPointerException
	at java.util.concurrent.FutureTask.report(FutureTask.java:122) ~[?:1.8.0_51]
	at java.util.concurrent.FutureTask.get(FutureTask.java:192) ~[?:1.8.0_51]
	at net.minecraft.util.Util.func_181617_a(SourceFile:45) [g.class:?]
	at net.minecraft.client.Minecraft.func_71411_J(Minecraft.java:1014) [ave.class:?]
	at net.minecraft.client.Minecraft.func_99999_d(Minecraft.java:349) [ave.class:?]
	at net.minecraft.client.main.Main.main(SourceFile:124) [Main.class:?]
	at sun.reflect.NativeMethodAccessorImpl.invoke0(Native Method) ~[?:1.8.0_51]
	at sun.reflect.NativeMethodAccessorImpl.invoke(NativeMethodAccessorImpl.java:62) ~[?:1.8.0_51]
	at sun.reflect.DelegatingMethodAccessorImpl.invoke(DelegatingMethodAccessorImpl.java:43) ~[?:1.8.0_51]
	at java.lang.reflect.Method.invoke(Method.java:497) ~[?:1.8.0_51]
	at net.minecraft.launchwrapper.Launch.launch(Launch.java:135) [launchwrapper-1.12.jar:?]
	at net.minecraft.launchwrapper.Launch.main(Launch.java:28) [launchwrapper-1.12.jar:?]
Caused by: java.lang.NullPointerException
	at net.minecraft.network.play.server.S0FPacketSpawnMob.func_149027_c(SourceFile:114) ~[fn.class:?]
	at net.minecraft.client.network.NetHandlerPlayClient.func_147281_a(NetHandlerPlayClient.java:840) ~[bcy.class:?]
	at net.minecraft.network.play.server.S0FPacketSpawnMob.func_148833_a(SourceFile:109) ~[fn.class:?]
	at net.minecraft.network.play.server.S0FPacketSpawnMob.func_148833_a(SourceFile:15) ~[fn.class:?]
	at net.minecraft.network.PacketThreadUtil$1.run(SourceFile:13) ~[fh$1.class:?]
	at java.util.concurrent.Executors$RunnableAdapter.call(Executors.java:511) ~[?:1.8.0_51]
	at java.util.concurrent.FutureTask.run(FutureTask.java:266) ~[?:1.8.0_51]
	at net.minecraft.util.Util.func_181617_a(SourceFile:44) ~[g.class:?]
	... 9 more
[16:38:32] [Client thread/INFO]: [CHAT] 
[?] §7Joueur DrGreeen - Informations

 ? Compté vérifié: Oui
 ? Temps de jeu: 79h [?]
 ? Joueurs qui l'ont blocklist: 4
 ? Bannissements(s) reçu(s): 0

 ? CASIER ?
[16:38:33] [Client thread/INFO]: [CHAT] [?] DrGreeen a été ajouté à la whitelist !
[16:38:39] [Client thread/INFO]: [CHAT] [?] Votre serveur Mumble est en cours de création, veuillez patienter...
[16:38:44] [Client thread/INFO]: [CHAT] [CONFIG] Lancement de la génération des mondes, des freezes peuvent être ressentis !
[16:38:51] [Client thread/INFO]: [CHAT] §8[§6§lCONFIG§8]§f §fGénération des mondes terminée avec succès. §a[Voir le monde]
[16:38:51] [Client thread/INFO]: [CHAT] [?] Votre serveur Mumble a été créé avec succès !
[16:38:51] [Client thread/INFO]: [CHAT] §8[§e§lUHC§8]§f §fVous venez de rejoindre une partie utilisant §a§lUHC Link §f!
 §fRejoignez ainsi les autres joueurs de la partie dans le chat vocal via la commande §3/mb§f.
[Générer un lien unique]
[16:39:03] [Client thread/INFO]: [CHAT] §8[§3?§8] §aVous §apouvez §arejoindre §ale §aserveur §aMumble §ade §acette §apartie §aen §acliquant §asur §ace §amessage.
[16:39:15] [Chunk Batcher 0/WARN]: Needed to grow BufferBuilder buffer: Old size 524288 bytes, new size 2621440 bytes.
[16:39:15] [Chunk Batcher 1/WARN]: Needed to grow BufferBuilder buffer: Old size 524288 bytes, new size 2621440 bytes.
[16:39:16] [Chunk Batcher 0/WARN]: Needed to grow BufferBuilder buffer: Old size 524288 bytes, new size 2621440 bytes.
[16:39:18] [Chunk Batcher 1/WARN]: Needed to grow BufferBuilder buffer: Old size 524288 bytes, new size 2621440 bytes.
[16:39:19] [Chunk Batcher 1/WARN]: Needed to grow BufferBuilder buffer: Old size 524288 bytes, new size 2621440 bytes.
[16:40:22] [Client thread/INFO]: [CHAT] 
[?] §7Joueur TicTacBoomm - Informations

 ? Compté vérifié: Oui
 ? Temps de jeu: 874h [?]
 ? Joueurs qui l'ont blocklist: 78
 ? Bannissements(s) reçu(s): 5 [?]

 ? CASIER ?
[16:40:24] [Client thread/INFO]: [CHAT] [?] Vous avez refusé la demande de TicTacBoomm.
[16:40:33] [Client thread/INFO]: [CHAT] 
[?] §7Joueur mirai_uhq - Informations

 ? Compté vérifié: Oui
 ? Temps de jeu: 6h [?]
 ? Joueurs qui l'ont blocklist: 5
 ? Bannissements(s) reçu(s): 0

 ? CASIER ?
[16:40:34] [Client thread/INFO]: [CHAT] [?] mirai_uhq a été ajouté à la whitelist !
[16:40:35] [Client thread/INFO]: [CHAT] [»] mirai_uhq (2/29)
[16:40:35] [Client thread/INFO]: [CHAT] [?] Merci d'attendre quelques instants avant de réutiliser la commande sur ce joueur !
[16:40:36] [Client thread/INFO]: [CHAT] [?] Merci d'attendre quelques instants avant de réutiliser la commande sur ce joueur !
[16:40:37] [Client thread/INFO]: [CHAT] 
[?] §7Joueur ADLaurent - Informations

 ? Compté vérifié: Oui
 ? Temps de jeu: 160h [?]
 ? Joueurs qui l'ont blocklist: 21
 ? Bannissements(s) reçu(s): 2 [?]

 ? CASIER ?
[16:40:37] [Client thread/INFO]: [CHAT] mirai_uhq » hey!
[16:40:40] [Client thread/INFO]: [CHAT] mirai_uhq » c'est mpt?
[16:40:40] [Client thread/INFO]: [CHAT] [?] Vous avez refusé la demande de ADLaurent.
[16:40:42] [Client thread/INFO]: [CHAT] 
[?] §7Joueur balmy_wit0 - Informations

 ? Compté vérifié: Oui
 ? Temps de jeu: 85h [?]
 ? Joueurs qui l'ont blocklist: 1
 ? Bannissements(s) reçu(s): 0

 ? CASIER ?
[16:40:43] [Client thread/INFO]: [CHAT] [?] balmy_wit0 a été ajouté à la whitelist !
[16:40:43] [Client thread/INFO]: [CHAT] mirai_uhq » mtp?
[16:40:43] [Client thread/INFO]: [CHAT] [»] balmy_wit0 (3/29)
[16:40:58] [Client thread/INFO]: [CHAT] 
[?] §7Joueur lypay - Informations

 ? Compté vérifié: Oui
 ? Temps de jeu: 28h [?]
 ? Joueurs qui l'ont blocklist: 3
 ? Bannissements(s) reçu(s): 0

 ? CASIER ?
[16:40:59] [Client thread/INFO]: [CHAT] [?] lypay a été ajouté à la whitelist !
[16:41:00] [Client thread/INFO]: [CHAT] [?] Merci d'attendre quelques instants avant de réutiliser la commande sur ce joueur !
[16:41:01] [Client thread/INFO]: [CHAT] 
[?] §7Joueur bad7497 - Informations

 ? Compté vérifié: Oui
 ? Temps de jeu: 463h [?]
 ? Joueurs qui l'ont blocklist: 27
 ? Bannissements(s) reçu(s): 3 [?]

 ? CASIER ?
[16:41:05] [Client thread/INFO]: [CHAT] 
[?] §7Joueur _PopiPops - Informations

 ? Compté vérifié: Oui
 ? Temps de jeu: 29h [?]
 ? Joueurs qui l'ont blocklist: 4
 ? Bannissements(s) reçu(s): 0

 ? CASIER ?
[16:41:06] [Client thread/INFO]: [CHAT] [?] _PopiPops a été ajouté à la whitelist !
[16:41:07] [Client thread/INFO]: [CHAT] [»] _PopiPops (4/29)
[16:41:07] [Client thread/INFO]: [CHAT] [?] Merci d'attendre quelques instants avant de réutiliser la commande sur ce joueur !
[16:41:08] [Client thread/INFO]: [CHAT] [?] Merci d'attendre quelques instants avant de réutiliser la commande sur ce joueur !
[16:41:09] [Client thread/INFO]: [CHAT] 
[?] §7Joueur b7zenox - Informations

 ? Compté vérifié: Oui
 ? Temps de jeu: 385h [?]
 ? Joueurs qui l'ont blocklist: 12
 ? Bannissements(s) reçu(s): 0

 ? CASIER ?
[16:41:10] [Client thread/INFO]: [CHAT] [?] b7zenox a été ajouté à la whitelist !
[16:41:10] [Client thread/INFO]: [CHAT] [»] b7zenox (5/29)
[16:41:11] [Client thread/INFO]: [CHAT] [?] Merci d'attendre quelques instants avant de réutiliser la commande sur ce joueur !
[16:41:11] [Client thread/INFO]: [CHAT] mirai_uhq » mayorie tu sais config une game ?
[16:41:12] [Client thread/INFO]: [CHAT] [?] Merci d'attendre quelques instants avant de réutiliser la commande sur ce joueur !
[16:41:13] [Client thread/INFO]: [CHAT] 
[?] §7Joueur bad7497 - Informations

 ? Compté vérifié: Oui
 ? Temps de jeu: 463h [?]
 ? Joueurs qui l'ont blocklist: 27
 ? Bannissements(s) reçu(s): 3 [?]

 ? CASIER ?
[16:41:13] [Client thread/INFO]: [CHAT] [?] Vous avez refusé la demande de bad7497.
[16:41:18] [Client thread/INFO]: [CHAT] mayorie ? » oe tkt
[16:41:18] [Client thread/INFO]: [CHAT] b7zenox » mtp?
[16:41:20] [Client thread/INFO]: [CHAT] mirai_uhq » ok ok
[16:41:25] [Client thread/INFO]: [CHAT] mirai_uhq » mayorie dcp mtp?
[16:41:27] [Client thread/INFO]: [CHAT] mayorie ? » non pas mtp
[16:41:30] [Client thread/INFO]: [CHAT] [«] b7zenox (4/29)
[16:41:31] [Client thread/INFO]: [CHAT] mirai_uhq » ok ok
[16:41:33] [Client thread/INFO]: [CHAT] [«] mirai_uhq (3/29)
[16:41:35] [Client thread/INFO]: [CHAT] [«] balmy_wit0 (2/29)
[16:41:44] [Client thread/INFO]: [CHAT] 
[?] §7Joueur Aizox2_2 - Informations

 ? Compté vérifié: Oui
 ? Temps de jeu: 699h [?]
 ? Joueurs qui l'ont blocklist: 35
 ? Bannissements(s) reçu(s): 0

 ? CASIER ?
[16:41:45] [Client thread/INFO]: [CHAT] [«] _PopiPops (1/29)
[16:41:46] [Client thread/INFO]: [CHAT] [?] Vous avez refusé la demande de Aizox2_2.
[16:42:22] [Client thread/INFO]: [CHAT] [CONFIG] Démarrage de la prégénération de Arena.
[16:42:23] [Client thread/FATAL]: Error executing task
java.util.concurrent.ExecutionException: java.lang.NullPointerException
	at java.util.concurrent.FutureTask.report(FutureTask.java:122) ~[?:1.8.0_51]
	at java.util.concurrent.FutureTask.get(FutureTask.java:192) ~[?:1.8.0_51]
	at net.minecraft.util.Util.func_181617_a(SourceFile:45) [g.class:?]
	at net.minecraft.client.Minecraft.func_71411_J(Minecraft.java:1014) [ave.class:?]
	at net.minecraft.client.Minecraft.func_99999_d(Minecraft.java:349) [ave.class:?]
	at net.minecraft.client.main.Main.main(SourceFile:124) [Main.class:?]
	at sun.reflect.NativeMethodAccessorImpl.invoke0(Native Method) ~[?:1.8.0_51]
	at sun.reflect.NativeMethodAccessorImpl.invoke(NativeMethodAccessorImpl.java:62) ~[?:1.8.0_51]
	at sun.reflect.DelegatingMethodAccessorImpl.invoke(DelegatingMethodAccessorImpl.java:43) ~[?:1.8.0_51]
	at java.lang.reflect.Method.invoke(Method.java:497) ~[?:1.8.0_51]
	at net.minecraft.launchwrapper.Launch.launch(Launch.java:135) [launchwrapper-1.12.jar:?]
	at net.minecraft.launchwrapper.Launch.main(Launch.java:28) [launchwrapper-1.12.jar:?]
Caused by: java.lang.NullPointerException
	at net.minecraft.network.play.server.S0FPacketSpawnMob.func_149027_c(SourceFile:114) ~[fn.class:?]
	at net.minecraft.client.network.NetHandlerPlayClient.func_147281_a(NetHandlerPlayClient.java:840) ~[bcy.class:?]
	at net.minecraft.network.play.server.S0FPacketSpawnMob.func_148833_a(SourceFile:109) ~[fn.class:?]
	at net.minecraft.network.play.server.S0FPacketSpawnMob.func_148833_a(SourceFile:15) ~[fn.class:?]
	at net.minecraft.network.PacketThreadUtil$1.run(SourceFile:13) ~[fh$1.class:?]
	at java.util.concurrent.Executors$RunnableAdapter.call(Executors.java:511) ~[?:1.8.0_51]
	at java.util.concurrent.FutureTask.run(FutureTask.java:266) ~[?:1.8.0_51]
	at net.minecraft.util.Util.func_181617_a(SourceFile:44) ~[g.class:?]
	... 9 more
[16:42:51] [Client thread/INFO]: [CHAT] [CONFIG] Vous modifiez désormais l'inventaire de départ . 
[16:42:51] [Client thread/INFO]: [CHAT]  Pour le sauvegarder, utilisez la commande /save. 
[16:42:51] [Client thread/INFO]: [CHAT]  Pour ajouter un enchantement, utilisez la commande /enchant en tenant l'objet souhaité en main. 
[16:43:53] [Client thread/INFO]: [CHAT] 
[?] §7Joueur wilnez - Informations

 ? Compté vérifié: Oui
 ? Temps de jeu: 293h [?]
 ? Joueurs qui l'ont blocklist: 4
 ? Bannissements(s) reçu(s): 0

 ? CASIER ?
[16:43:54] [Client thread/INFO]: [CHAT] [?] wilnez a été ajouté à la whitelist !
[16:43:55] [Client thread/INFO]: [CHAT] [?] Merci d'attendre quelques instants avant de réutiliser la commande sur ce joueur !
[16:43:55] [Client thread/INFO]: [CHAT] [?] FlyseCestMoi a été ajouté à la whitelist !
[16:43:55] [Client thread/INFO]: [CHAT] [»] FlyseCestMoi (2/29)
[16:44:02] [Client thread/INFO]: [CHAT] 
[?] §7Joueur FlyseCestMoi - Informations

 ? Compté vérifié: Oui
 ? Temps de jeu: 70h [?]
 ? Joueurs qui l'ont blocklist: 0
 ? Bannissements(s) reçu(s): 0

 ? CASIER ?
[16:44:18] [Client thread/INFO]: [CHAT] mayad_, mayorie
[16:44:19] [Client thread/INFO]: [CHAT] 
[?] §7Joueur mayad_ - Informations

 ? Compté vérifié: Oui
 ? Temps de jeu: 32h [?]
 ? Joueurs qui l'ont blocklist: 0
 ? Bannissements(s) reçu(s): 0

 ? CASIER ?
[16:44:26] [Client thread/INFO]: [CHAT] 
[?] §aCapitaine mayorie - Informations

 ? Compté vérifié: Oui
 ? Temps de jeu: 275h [?]
 ? Joueurs qui l'ont blocklist: 5
 ? Bannissements(s) reçu(s): 0

 ? CASIER ?
[16:44:48] [Client thread/INFO]: [CHAT] [CONFIG] Prégénération de Arena terminée en 145 secondes.
[16:44:48] [Client thread/INFO]: [CHAT] [CONFIG] Génération des mondes terminée avec succès.
[16:44:48] [Client thread/INFO]: [CHAT] [CONFIG] Les bâtiments viennent d'être placés !
[16:51:10] [Client thread/INFO]: [CHAT] 
[?] §7Joueur houzek - Informations

 ? Compté vérifié: Oui
 ? Temps de jeu: 0h [?]
 ? Joueurs qui l'ont blocklist: 0
 ? Bannissements(s) reçu(s): 0

 ? CASIER ?
[16:51:10] [Client thread/INFO]: [CHAT] [?] houzek a été ajouté à la whitelist !
[16:51:31] [Client thread/INFO]: [CHAT] 
[?] §7Joueur Max0u63 - Informations

 ? Compté vérifié: Oui
 ? Temps de jeu: 52h [?]
 ? Joueurs qui l'ont blocklist: 2
 ? Bannissements(s) reçu(s): 0

 ? CASIER ?
[16:51:32] [Client thread/INFO]: [CHAT] [?] Max0u63 a été ajouté à la whitelist !
[16:51:32] [Client thread/INFO]: [CHAT] [»] Max0u63 (3/29)
[16:52:02] [Client thread/INFO]: [CHAT] [CONFIG] Vous passez le statut du mode bypass à Activé.
[16:52:14] [Client thread/INFO]: [CHAT] [«] Max0u63 (2/29)
[16:53:46] [Client thread/INFO]: [CHAT] [CONFIG] Vous passez le statut du mode bypass à Désactivé.
[16:53:49] [Client thread/INFO]: [CHAT] 
[?] §7Joueur zatochi - Informations

 ? Compté vérifié: Oui
 ? Temps de jeu: 416h [?]
 ? Joueurs qui l'ont blocklist: 27
 ? Bannissements(s) reçu(s): 0

 ? CASIER ?
[16:53:50] [Client thread/INFO]: [CHAT] [?] zatochi a été ajouté à la whitelist !
[16:53:53] [Client thread/INFO]: [CHAT] [CONFIG] Vous passez le statut du mode bypass à Activé.
[16:55:21] [Client thread/INFO]: [CHAT] [CONFIG] Vous passez le statut du mode bypass à Désactivé.
[16:55:24] [Client thread/INFO]: [CHAT] 
[?] §7Joueur molomolu - Informations

 ? Compté vérifié: Oui
 ? Temps de jeu: 3h [?]
 ? Joueurs qui l'ont blocklist: 0
 ? Bannissements(s) reçu(s): 0

 ? CASIER ?
[16:55:25] [Client thread/INFO]: [CHAT] [?] molomolu a été ajouté à la whitelist !
[16:55:27] [Client thread/INFO]: [CHAT] [CONFIG] Vous passez le statut du mode bypass à Activé.
[16:55:49] [Client thread/INFO]: [CHAT] [CONFIG] Vous passez le statut du mode bypass à Désactivé.
[16:55:52] [Client thread/INFO]: [CHAT] 
[?] §7Joueur Foxys78 - Informations

 ? Compté vérifié: Oui
 ? Temps de jeu: 280h [?]
 ? Joueurs qui l'ont blocklist: 1
 ? Bannissements(s) reçu(s): 0

 ? CASIER ?
[16:55:52] [Client thread/INFO]: [CHAT] [?] Foxys78 a été ajouté à la whitelist !
[16:55:52] [Client thread/INFO]: [CHAT] [»] Foxys78 (3/29)
[16:55:52] [Client thread/FATAL]: Error executing task
java.util.concurrent.ExecutionException: java.lang.NullPointerException
	at java.util.concurrent.FutureTask.report(FutureTask.java:122) ~[?:1.8.0_51]
	at java.util.concurrent.FutureTask.get(FutureTask.java:192) ~[?:1.8.0_51]
	at net.minecraft.util.Util.func_181617_a(SourceFile:45) [g.class:?]
	at net.minecraft.client.Minecraft.func_71411_J(Minecraft.java:1014) [ave.class:?]
	at net.minecraft.client.Minecraft.func_99999_d(Minecraft.java:349) [ave.class:?]
	at net.minecraft.client.main.Main.main(SourceFile:124) [Main.class:?]
	at sun.reflect.NativeMethodAccessorImpl.invoke0(Native Method) ~[?:1.8.0_51]
	at sun.reflect.NativeMethodAccessorImpl.invoke(NativeMethodAccessorImpl.java:62) ~[?:1.8.0_51]
	at sun.reflect.DelegatingMethodAccessorImpl.invoke(DelegatingMethodAccessorImpl.java:43) ~[?:1.8.0_51]
	at java.lang.reflect.Method.invoke(Method.java:497) ~[?:1.8.0_51]
	at net.minecraft.launchwrapper.Launch.launch(Launch.java:135) [launchwrapper-1.12.jar:?]
	at net.minecraft.launchwrapper.Launch.main(Launch.java:28) [launchwrapper-1.12.jar:?]
Caused by: java.lang.NullPointerException
	at net.minecraft.network.play.server.S0FPacketSpawnMob.func_149027_c(SourceFile:114) ~[fn.class:?]
	at net.minecraft.client.network.NetHandlerPlayClient.func_147281_a(NetHandlerPlayClient.java:840) ~[bcy.class:?]
	at net.minecraft.network.play.server.S0FPacketSpawnMob.func_148833_a(SourceFile:109) ~[fn.class:?]
	at net.minecraft.network.play.server.S0FPacketSpawnMob.func_148833_a(SourceFile:15) ~[fn.class:?]
	at net.minecraft.network.PacketThreadUtil$1.run(SourceFile:13) ~[fh$1.class:?]
	at java.util.concurrent.Executors$RunnableAdapter.call(Executors.java:511) ~[?:1.8.0_51]
	at java.util.concurrent.FutureTask.run(FutureTask.java:266) ~[?:1.8.0_51]
	at net.minecraft.util.Util.func_181617_a(SourceFile:44) ~[g.class:?]
	... 9 more
[16:55:55] [Client thread/INFO]: [CHAT] [CONFIG] Vous passez le statut du mode bypass à Activé.
[17:03:19] [Client thread/INFO]: [CHAT] [CONFIG] Vous passez le statut du mode bypass à Désactivé.
[17:03:21] [Client thread/INFO]: [CHAT] 
[?] §7Joueur XxTominhoPGM69xX - Informations

 ? Compté vérifié: Oui
 ? Temps de jeu: 446h [?]
 ? Joueurs qui l'ont blocklist: 24
 ? Bannissements(s) reçu(s): 0

 ? CASIER ?
[17:03:23] [Client thread/INFO]: [CHAT] [?] XxTominhoPGM69xX a été ajouté à la whitelist !
[17:03:23] [Client thread/INFO]: [CHAT] [»] XxTominhoPGM69xX (4/29)
[17:03:23] [Client thread/INFO]: [CHAT] [?] Merci d'attendre quelques instants avant de réutiliser la commande sur ce joueur !
[17:03:23] [Client thread/INFO]: [CHAT] [?] Merci d'attendre quelques instants avant de réutiliser la commande sur ce joueur !
[17:03:24] [Client thread/INFO]: [CHAT] [?] Merci d'attendre quelques instants avant de réutiliser la commande sur ce joueur !
[17:03:25] [Client thread/INFO]: [CHAT] 
[?] §7Joueur RaiitoPGM91 - Informations

 ? Compté vérifié: Oui
 ? Temps de jeu: 196h [?]
 ? Joueurs qui l'ont blocklist: 9
 ? Bannissements(s) reçu(s): 0

 ? CASIER ?
[17:03:25] [Client thread/INFO]: [CHAT] [?] RaiitoPGM91 a été ajouté à la whitelist !
[17:03:25] [Client thread/INFO]: [CHAT] [»] RaiitoPGM91 (5/29)
[17:03:26] [Client thread/INFO]: [CHAT] [?] Merci d'attendre quelques instants avant de réutiliser la commande sur ce joueur !
[17:03:26] [Client thread/INFO]: [CHAT] [?] Merci d'attendre quelques instants avant de réutiliser la commande sur ce joueur !
[17:03:26] [Client thread/INFO]: [CHAT] [?] Merci d'attendre quelques instants avant de réutiliser la commande sur ce joueur !
[17:03:27] [Client thread/INFO]: [CHAT] [?] Merci d'attendre quelques instants avant de réutiliser la commande sur ce joueur !
[17:03:27] [Client thread/INFO]: [CHAT] [?] Merci d'attendre quelques instants avant de réutiliser la commande sur ce joueur !
[17:03:27] [Client thread/INFO]: [CHAT] [?] Merci d'attendre quelques instants avant de réutiliser la commande sur ce joueur !
[17:03:28] [Client thread/INFO]: [CHAT] 
[?] §7Joueur 3robiSpaw - Informations

 ? Compté vérifié: Oui
 ? Temps de jeu: 583h [?]
 ? Joueurs qui l'ont blocklist: 4
 ? Bannissements(s) reçu(s): 0

 ? CASIER ?
[17:03:29] [Client thread/INFO]: [CHAT] [?] 3robiSpaw a été ajouté à la whitelist !
[17:03:35] [Client thread/INFO]: [CHAT] RaiitoPGM91 » LLLLLLLLLLLLLLLLLLLLLLLLLLGGGGGGGGGGGGGGGGGGGG
[17:03:40] [Client thread/INFO]: [CHAT] [CONFIG] Vous passez le statut du mode bypass à Activé.
[17:04:32] [Client thread/FATAL]: Error executing task
java.util.concurrent.ExecutionException: java.lang.NullPointerException
	at java.util.concurrent.FutureTask.report(FutureTask.java:122) ~[?:1.8.0_51]
	at java.util.concurrent.FutureTask.get(FutureTask.java:192) ~[?:1.8.0_51]
	at net.minecraft.util.Util.func_181617_a(SourceFile:45) [g.class:?]
	at net.minecraft.client.Minecraft.func_71411_J(Minecraft.java:1014) [ave.class:?]
	at net.minecraft.client.Minecraft.func_99999_d(Minecraft.java:349) [ave.class:?]
	at net.minecraft.client.main.Main.main(SourceFile:124) [Main.class:?]
	at sun.reflect.NativeMethodAccessorImpl.invoke0(Native Method) ~[?:1.8.0_51]
	at sun.reflect.NativeMethodAccessorImpl.invoke(NativeMethodAccessorImpl.java:62) ~[?:1.8.0_51]
	at sun.reflect.DelegatingMethodAccessorImpl.invoke(DelegatingMethodAccessorImpl.java:43) ~[?:1.8.0_51]
	at java.lang.reflect.Method.invoke(Method.java:497) ~[?:1.8.0_51]
	at net.minecraft.launchwrapper.Launch.launch(Launch.java:135) [launchwrapper-1.12.jar:?]
	at net.minecraft.launchwrapper.Launch.main(Launch.java:28) [launchwrapper-1.12.jar:?]
Caused by: java.lang.NullPointerException
	at net.minecraft.network.play.server.S0FPacketSpawnMob.func_149027_c(SourceFile:114) ~[fn.class:?]
	at net.minecraft.client.network.NetHandlerPlayClient.func_147281_a(NetHandlerPlayClient.java:840) ~[bcy.class:?]
	at net.minecraft.network.play.server.S0FPacketSpawnMob.func_148833_a(SourceFile:109) ~[fn.class:?]
	at net.minecraft.network.play.server.S0FPacketSpawnMob.func_148833_a(SourceFile:15) ~[fn.class:?]
	at net.minecraft.network.PacketThreadUtil$1.run(SourceFile:13) ~[fh$1.class:?]
	at java.util.concurrent.Executors$RunnableAdapter.call(Executors.java:511) ~[?:1.8.0_51]
	at java.util.concurrent.FutureTask.run(FutureTask.java:266) ~[?:1.8.0_51]
	at net.minecraft.util.Util.func_181617_a(SourceFile:44) ~[g.class:?]
	... 9 more
[17:05:20] [Client thread/INFO]: [CHAT] [CONFIG] Vous passez le statut du mode bypass à Désactivé.
[17:05:22] [Client thread/INFO]: [CHAT] 
[?] §7Joueur Groomf - Informations

 ? Compté vérifié: Oui
 ? Temps de jeu: 65h [?]
 ? Joueurs qui l'ont blocklist: 2
 ? Bannissements(s) reçu(s): 0

 ? CASIER ?
[17:05:23] [Client thread/INFO]: [CHAT] [?] Groomf a été ajouté à la whitelist !
[17:05:23] [Client thread/INFO]: [CHAT] [»] Groomf (6/29)
[17:05:25] [Client thread/INFO]: [CHAT] [CONFIG] Vous passez le statut du mode bypass à Activé.
[17:05:56] [Client thread/INFO]: [CHAT] [«] Groomf (5/29)
[17:06:59] [Client thread/INFO]: [CHAT] [CONFIG] Vous passez le statut du mode bypass à Désactivé.
[17:07:01] [Client thread/INFO]: [CHAT] 
[?] §7Joueur LumsGOAT69xX - Informations

 ? Compté vérifié: Oui
 ? Temps de jeu: 226h [?]
 ? Joueurs qui l'ont blocklist: 25
 ? Bannissements(s) reçu(s): 1 [?]

 ? CASIER ?
[17:07:03] [Client thread/INFO]: [CHAT] [?] LumsGOAT69xX a été ajouté à la whitelist !
[17:07:04] [Client thread/INFO]: [CHAT] [»] LumsGOAT69xX (6/29)
[17:07:04] [Client thread/FATAL]: Error executing task
java.util.concurrent.ExecutionException: java.lang.NullPointerException
	at java.util.concurrent.FutureTask.report(FutureTask.java:122) ~[?:1.8.0_51]
	at java.util.concurrent.FutureTask.get(FutureTask.java:192) ~[?:1.8.0_51]
	at net.minecraft.util.Util.func_181617_a(SourceFile:45) [g.class:?]
	at net.minecraft.client.Minecraft.func_71411_J(Minecraft.java:1014) [ave.class:?]
	at net.minecraft.client.Minecraft.func_99999_d(Minecraft.java:349) [ave.class:?]
	at net.minecraft.client.main.Main.main(SourceFile:124) [Main.class:?]
	at sun.reflect.NativeMethodAccessorImpl.invoke0(Native Method) ~[?:1.8.0_51]
	at sun.reflect.NativeMethodAccessorImpl.invoke(NativeMethodAccessorImpl.java:62) ~[?:1.8.0_51]
	at sun.reflect.DelegatingMethodAccessorImpl.invoke(DelegatingMethodAccessorImpl.java:43) ~[?:1.8.0_51]
	at java.lang.reflect.Method.invoke(Method.java:497) ~[?:1.8.0_51]
	at net.minecraft.launchwrapper.Launch.launch(Launch.java:135) [launchwrapper-1.12.jar:?]
	at net.minecraft.launchwrapper.Launch.main(Launch.java:28) [launchwrapper-1.12.jar:?]
Caused by: java.lang.NullPointerException
	at net.minecraft.network.play.server.S0FPacketSpawnMob.func_149027_c(SourceFile:114) ~[fn.class:?]
	at net.minecraft.client.network.NetHandlerPlayClient.func_147281_a(NetHandlerPlayClient.java:840) ~[bcy.class:?]
	at net.minecraft.network.play.server.S0FPacketSpawnMob.func_148833_a(SourceFile:109) ~[fn.class:?]
	at net.minecraft.network.play.server.S0FPacketSpawnMob.func_148833_a(SourceFile:15) ~[fn.class:?]
	at net.minecraft.network.PacketThreadUtil$1.run(SourceFile:13) ~[fh$1.class:?]
	at java.util.concurrent.Executors$RunnableAdapter.call(Executors.java:511) ~[?:1.8.0_51]
	at java.util.concurrent.FutureTask.run(FutureTask.java:266) ~[?:1.8.0_51]
	at net.minecraft.util.Util.func_181617_a(SourceFile:44) ~[g.class:?]
	... 9 more
[17:07:06] [Client thread/INFO]: [CHAT] [CONFIG] Vous passez le statut du mode bypass à Activé.
[17:07:20] [Client thread/INFO]: [CHAT] [«] FlyseCestMoi (5/29)
[17:07:29] [Client thread/INFO]: [CHAT] [»] FlyseCestMoi (6/29)
[17:07:32] [Client thread/INFO]: [CHAT] [CONFIG] Vous passez le statut du mode bypass à Désactivé.
[17:07:34] [Client thread/INFO]: [CHAT] 
[?] §7Joueur Justxijio - Informations

 ? Compté vérifié: Oui
 ? Temps de jeu: 74h [?]
 ? Joueurs qui l'ont blocklist: 3
 ? Bannissements(s) reçu(s): 0

 ? CASIER ?
[17:07:36] [Client thread/INFO]: [CHAT] [?] Justxijio a été ajouté à la whitelist !
[17:07:36] [Client thread/INFO]: [CHAT] [»] Justxijio (7/29)
[17:07:36] [Client thread/FATAL]: Error executing task
java.util.concurrent.ExecutionException: java.lang.NullPointerException
	at java.util.concurrent.FutureTask.report(FutureTask.java:122) ~[?:1.8.0_51]
	at java.util.concurrent.FutureTask.get(FutureTask.java:192) ~[?:1.8.0_51]
	at net.minecraft.util.Util.func_181617_a(SourceFile:45) [g.class:?]
	at net.minecraft.client.Minecraft.func_71411_J(Minecraft.java:1014) [ave.class:?]
	at net.minecraft.client.Minecraft.func_99999_d(Minecraft.java:349) [ave.class:?]
	at net.minecraft.client.main.Main.main(SourceFile:124) [Main.class:?]
	at sun.reflect.NativeMethodAccessorImpl.invoke0(Native Method) ~[?:1.8.0_51]
	at sun.reflect.NativeMethodAccessorImpl.invoke(NativeMethodAccessorImpl.java:62) ~[?:1.8.0_51]
	at sun.reflect.DelegatingMethodAccessorImpl.invoke(DelegatingMethodAccessorImpl.java:43) ~[?:1.8.0_51]
	at java.lang.reflect.Method.invoke(Method.java:497) ~[?:1.8.0_51]
	at net.minecraft.launchwrapper.Launch.launch(Launch.java:135) [launchwrapper-1.12.jar:?]
	at net.minecraft.launchwrapper.Launch.main(Launch.java:28) [launchwrapper-1.12.jar:?]
Caused by: java.lang.NullPointerException
	at net.minecraft.network.play.server.S0FPacketSpawnMob.func_149027_c(SourceFile:114) ~[fn.class:?]
	at net.minecraft.client.network.NetHandlerPlayClient.func_147281_a(NetHandlerPlayClient.java:840) ~[bcy.class:?]
	at net.minecraft.network.play.server.S0FPacketSpawnMob.func_148833_a(SourceFile:109) ~[fn.class:?]
	at net.minecraft.network.play.server.S0FPacketSpawnMob.func_148833_a(SourceFile:15) ~[fn.class:?]
	at net.minecraft.network.PacketThreadUtil$1.run(SourceFile:13) ~[fh$1.class:?]
	at java.util.concurrent.Executors$RunnableAdapter.call(Executors.java:511) ~[?:1.8.0_51]
	at java.util.concurrent.FutureTask.run(FutureTask.java:266) ~[?:1.8.0_51]
	at net.minecraft.util.Util.func_181617_a(SourceFile:44) ~[g.class:?]
	... 9 more
[17:07:40] [Client thread/INFO]: [CHAT] [CONFIG] Vous passez le statut du mode bypass à Activé.
[17:07:57] [Client thread/INFO]: [CHAT] Teleported FlyseCestMoi to mayorie
[17:07:59] [Client thread/FATAL]: Error executing task
java.util.concurrent.ExecutionException: java.lang.NullPointerException
	at java.util.concurrent.FutureTask.report(FutureTask.java:122) ~[?:1.8.0_51]
	at java.util.concurrent.FutureTask.get(FutureTask.java:192) ~[?:1.8.0_51]
	at net.minecraft.util.Util.func_181617_a(SourceFile:45) [g.class:?]
	at net.minecraft.client.Minecraft.func_71411_J(Minecraft.java:1014) [ave.class:?]
	at net.minecraft.client.Minecraft.func_99999_d(Minecraft.java:349) [ave.class:?]
	at net.minecraft.client.main.Main.main(SourceFile:124) [Main.class:?]
	at sun.reflect.NativeMethodAccessorImpl.invoke0(Native Method) ~[?:1.8.0_51]
	at sun.reflect.NativeMethodAccessorImpl.invoke(NativeMethodAccessorImpl.java:62) ~[?:1.8.0_51]
	at sun.reflect.DelegatingMethodAccessorImpl.invoke(DelegatingMethodAccessorImpl.java:43) ~[?:1.8.0_51]
	at java.lang.reflect.Method.invoke(Method.java:497) ~[?:1.8.0_51]
	at net.minecraft.launchwrapper.Launch.launch(Launch.java:135) [launchwrapper-1.12.jar:?]
	at net.minecraft.launchwrapper.Launch.main(Launch.java:28) [launchwrapper-1.12.jar:?]
Caused by: java.lang.NullPointerException
	at net.minecraft.network.play.server.S0FPacketSpawnMob.func_149027_c(SourceFile:114) ~[fn.class:?]
	at net.minecraft.client.network.NetHandlerPlayClient.func_147281_a(NetHandlerPlayClient.java:840) ~[bcy.class:?]
	at net.minecraft.network.play.server.S0FPacketSpawnMob.func_148833_a(SourceFile:109) ~[fn.class:?]
	at net.minecraft.network.play.server.S0FPacketSpawnMob.func_148833_a(SourceFile:15) ~[fn.class:?]
	at net.minecraft.network.PacketThreadUtil$1.run(SourceFile:13) ~[fh$1.class:?]
	at java.util.concurrent.Executors$RunnableAdapter.call(Executors.java:511) ~[?:1.8.0_51]
	at java.util.concurrent.FutureTask.run(FutureTask.java:266) ~[?:1.8.0_51]
	at net.minecraft.util.Util.func_181617_a(SourceFile:44) ~[g.class:?]
	... 9 more
[17:08:02] [Client thread/INFO]: [CHAT] Teleported FlyseCestMoi to mayorie
[17:08:11] [Client thread/INFO]: [CHAT] [CONFIG] Vous passez le statut du mode bypass à Désactivé.
[17:08:13] [Client thread/INFO]: [CHAT] 
[?] §7Joueur Bananamousse11 - Informations

 ? Compté vérifié: Oui
 ? Temps de jeu: 183h [?]
 ? Joueurs qui l'ont blocklist: 3
 ? Bannissements(s) reçu(s): 0

 ? CASIER ?
[17:08:14] [Client thread/INFO]: [CHAT] [?] Bananamousse11 a été ajouté à la whitelist !
[17:08:14] [Client thread/INFO]: [CHAT] [»] Bananamousse11 (8/29)
[17:08:14] [Client thread/INFO]: [CHAT] [?] Merci d'attendre quelques instants avant de réutiliser la commande sur ce joueur !
[17:08:15] [Client thread/INFO]: [CHAT] [?] Merci d'attendre quelques instants avant de réutiliser la commande sur ce joueur !
[17:08:15] [Client thread/INFO]: [CHAT] [?] Merci d'attendre quelques instants avant de réutiliser la commande sur ce joueur !
[17:08:15] [Client thread/INFO]: [CHAT] [«] Bananamousse11 (7/29)
[17:08:16] [Client thread/INFO]: [CHAT] 
[?] §7Joueur Froostiies - Informations

 ? Compté vérifié: Oui
 ? Temps de jeu: 66h [?]
 ? Joueurs qui l'ont blocklist: 3
 ? Bannissements(s) reçu(s): 0

 ? CASIER ?
[17:08:16] [Client thread/INFO]: [CHAT] [?] Froostiies a été ajouté à la whitelist !
[17:08:17] [Client thread/INFO]: [CHAT] [»] Froostiies (8/29)
[17:08:22] [Client thread/INFO]: [CHAT] [CONFIG] Vous passez le statut du mode bypass à Activé.
[17:08:28] [Client thread/INFO]: [CHAT] [«] FlyseCestMoi (7/29)
[17:08:28] [Client thread/INFO]: [CHAT] [CONFIG] Vous passez le statut du mode bypass à Désactivé.
[17:08:28] [Client thread/FATAL]: Error executing task
java.util.concurrent.ExecutionException: java.lang.NullPointerException
	at java.util.concurrent.FutureTask.report(FutureTask.java:122) ~[?:1.8.0_51]
	at java.util.concurrent.FutureTask.get(FutureTask.java:192) ~[?:1.8.0_51]
	at net.minecraft.util.Util.func_181617_a(SourceFile:45) [g.class:?]
	at net.minecraft.client.Minecraft.func_71411_J(Minecraft.java:1014) [ave.class:?]
	at net.minecraft.client.Minecraft.func_99999_d(Minecraft.java:349) [ave.class:?]
	at net.minecraft.client.main.Main.main(SourceFile:124) [Main.class:?]
	at sun.reflect.NativeMethodAccessorImpl.invoke0(Native Method) ~[?:1.8.0_51]
	at sun.reflect.NativeMethodAccessorImpl.invoke(NativeMethodAccessorImpl.java:62) ~[?:1.8.0_51]
	at sun.reflect.DelegatingMethodAccessorImpl.invoke(DelegatingMethodAccessorImpl.java:43) ~[?:1.8.0_51]
	at java.lang.reflect.Method.invoke(Method.java:497) ~[?:1.8.0_51]
	at net.minecraft.launchwrapper.Launch.launch(Launch.java:135) [launchwrapper-1.12.jar:?]
	at net.minecraft.launchwrapper.Launch.main(Launch.java:28) [launchwrapper-1.12.jar:?]
Caused by: java.lang.NullPointerException
	at net.minecraft.network.play.server.S0FPacketSpawnMob.func_149027_c(SourceFile:114) ~[fn.class:?]
	at net.minecraft.client.network.NetHandlerPlayClient.func_147281_a(NetHandlerPlayClient.java:840) ~[bcy.class:?]
	at net.minecraft.network.play.server.S0FPacketSpawnMob.func_148833_a(SourceFile:109) ~[fn.class:?]
	at net.minecraft.network.play.server.S0FPacketSpawnMob.func_148833_a(SourceFile:15) ~[fn.class:?]
	at net.minecraft.network.PacketThreadUtil$1.run(SourceFile:13) ~[fh$1.class:?]
	at java.util.concurrent.Executors$RunnableAdapter.call(Executors.java:511) ~[?:1.8.0_51]
	at java.util.concurrent.FutureTask.run(FutureTask.java:266) ~[?:1.8.0_51]
	at net.minecraft.util.Util.func_181617_a(SourceFile:44) ~[g.class:?]
	... 9 more
[17:08:30] [Client thread/INFO]: [CHAT] 
[?] §7Joueur rizdebg - Informations

 ? Compté vérifié: Oui
 ? Temps de jeu: 176h [?]
 ? Joueurs qui l'ont blocklist: 4
 ? Bannissements(s) reçu(s): 0

 ? CASIER ?
[17:08:32] [Client thread/INFO]: [CHAT] [?] rizdebg a été ajouté à la whitelist !
[17:08:33] [Client thread/INFO]: [CHAT] 
[?] §7Joueur Marleyzoo85 - Informations

 ? Compté vérifié: Oui
 ? Temps de jeu: 21h [?]
 ? Joueurs qui l'ont blocklist: 4
 ? Bannissements(s) reçu(s): 0

 ? CASIER ?
[17:08:34] [Client thread/INFO]: [CHAT] [?] Merci d'attendre quelques instants avant de réutiliser la commande sur ce joueur !
[17:08:34] [Client thread/INFO]: [CHAT] [?] Merci d'attendre quelques instants avant de réutiliser la commande sur ce joueur !
[17:08:35] [Client thread/INFO]: [CHAT] [?] Merci d'attendre quelques instants avant de réutiliser la commande sur ce joueur !
[17:08:35] [Client thread/INFO]: [CHAT] [?] Merci d'attendre quelques instants avant de réutiliser la commande sur ce joueur !
[17:08:36] [Client thread/INFO]: [CHAT] [?] Merci d'attendre quelques instants avant de réutiliser la commande sur ce joueur !
[17:08:36] [Client thread/INFO]: [CHAT] 
[?] §7Joueur Marleyzoo85 - Informations

 ? Compté vérifié: Oui
 ? Temps de jeu: 21h [?]
 ? Joueurs qui l'ont blocklist: 4
 ? Bannissements(s) reçu(s): 0

 ? CASIER ?
[17:08:37] [Client thread/INFO]: [CHAT] [?] Marleyzoo85 a été ajouté à la whitelist !
[17:08:42] [Client thread/INFO]: [CHAT] [CONFIG] Vous passez le statut du mode bypass à Activé.
[17:08:57] [Client thread/INFO]: [CHAT] [CONFIG] Vous passez le statut du mode bypass à Désactivé.
[17:08:58] [Client thread/INFO]: [CHAT] 
[?] §7Joueur K1_Paoi - Informations

 ? Compté vérifié: Oui
 ? Temps de jeu: 287h [?]
 ? Joueurs qui l'ont blocklist: 8
 ? Bannissements(s) reçu(s): 0

 ? CASIER ?
[17:08:59] [Client thread/INFO]: [CHAT] [?] K1_Paoi a été ajouté à la whitelist !
[17:09:00] [Client thread/INFO]: [CHAT] [»] K1_Paoi (8/29)
[17:09:01] [Client thread/INFO]: [CHAT] [CONFIG] Vous passez le statut du mode bypass à Activé.
[17:09:14] [Client thread/INFO]: [CHAT] [CONFIG] Vous passez le statut du mode bypass à Désactivé.
[17:09:15] [Client thread/INFO]: [CHAT] 
[?] §7Joueur Zaltixx - Informations

 ? Compté vérifié: Oui
 ? Temps de jeu: 512h [?]
 ? Joueurs qui l'ont blocklist: 8
 ? Bannissements(s) reçu(s): 1 [?]

 ? CASIER ?
[17:09:17] [Client thread/INFO]: [CHAT] [?] Zaltixx a été ajouté à la whitelist !
[17:09:18] [Client thread/INFO]: [CHAT] [?] Merci d'attendre quelques instants avant de réutiliser la commande sur ce joueur !
[17:09:18] [Client thread/INFO]: [CHAT] [?] Merci d'attendre quelques instants avant de réutiliser la commande sur ce joueur !
[17:09:18] [Client thread/INFO]: [CHAT] [?] Merci d'attendre quelques instants avant de réutiliser la commande sur ce joueur !
[17:09:19] [Client thread/INFO]: [CHAT] 
[?] §7Joueur 7095 - Informations

 ? Compté vérifié: Oui
 ? Temps de jeu: 201h [?]
 ? Joueurs qui l'ont blocklist: 23
 ? Bannissements(s) reçu(s): 2 [?]

 ? CASIER ?
[17:09:19] [Client thread/INFO]: [CHAT] [?] Merci d'attendre quelques instants avant de réutiliser la commande sur ce joueur !
[17:09:21] [Client thread/INFO]: [CHAT] [?] Vous avez refusé la demande de 7095.
[17:09:23] [Client thread/INFO]: [CHAT] [CONFIG] Vous passez le statut du mode bypass à Activé.
[17:09:52] [Client thread/INFO]: [CHAT] mayorie ? » tout est possible XD
[17:10:00] [Client thread/INFO]: [CHAT] Justxijio » malheureusement
[17:10:06] [Client thread/INFO]: [CHAT] [CONFIG] Vous passez le statut du mode bypass à Désactivé.
[17:10:06] [Client thread/FATAL]: Error executing task
java.util.concurrent.ExecutionException: java.lang.NullPointerException
	at java.util.concurrent.FutureTask.report(FutureTask.java:122) ~[?:1.8.0_51]
	at java.util.concurrent.FutureTask.get(FutureTask.java:192) ~[?:1.8.0_51]
	at net.minecraft.util.Util.func_181617_a(SourceFile:45) [g.class:?]
	at net.minecraft.client.Minecraft.func_71411_J(Minecraft.java:1014) [ave.class:?]
	at net.minecraft.client.Minecraft.func_99999_d(Minecraft.java:349) [ave.class:?]
	at net.minecraft.client.main.Main.main(SourceFile:124) [Main.class:?]
	at sun.reflect.NativeMethodAccessorImpl.invoke0(Native Method) ~[?:1.8.0_51]
	at sun.reflect.NativeMethodAccessorImpl.invoke(NativeMethodAccessorImpl.java:62) ~[?:1.8.0_51]
	at sun.reflect.DelegatingMethodAccessorImpl.invoke(DelegatingMethodAccessorImpl.java:43) ~[?:1.8.0_51]
	at java.lang.reflect.Method.invoke(Method.java:497) ~[?:1.8.0_51]
	at net.minecraft.launchwrapper.Launch.launch(Launch.java:135) [launchwrapper-1.12.jar:?]
	at net.minecraft.launchwrapper.Launch.main(Launch.java:28) [launchwrapper-1.12.jar:?]
Caused by: java.lang.NullPointerException
	at net.minecraft.network.play.server.S0FPacketSpawnMob.func_149027_c(SourceFile:114) ~[fn.class:?]
	at net.minecraft.client.network.NetHandlerPlayClient.func_147281_a(NetHandlerPlayClient.java:840) ~[bcy.class:?]
	at net.minecraft.network.play.server.S0FPacketSpawnMob.func_148833_a(SourceFile:109) ~[fn.class:?]
	at net.minecraft.network.play.server.S0FPacketSpawnMob.func_148833_a(SourceFile:15) ~[fn.class:?]
	at net.minecraft.network.PacketThreadUtil$1.run(SourceFile:13) ~[fh$1.class:?]
	at java.util.concurrent.Executors$RunnableAdapter.call(Executors.java:511) ~[?:1.8.0_51]
	at java.util.concurrent.FutureTask.run(FutureTask.java:266) ~[?:1.8.0_51]
	at net.minecraft.util.Util.func_181617_a(SourceFile:44) ~[g.class:?]
	... 9 more
[17:10:08] [Client thread/INFO]: [CHAT] 
[?] §7Joueur Lilylou - Informations

 ? Compté vérifié: Oui
 ? Temps de jeu: 284h [?]
 ? Joueurs qui l'ont blocklist: 2
 ? Bannissements(s) reçu(s): 0

 ? CASIER ?
[17:10:09] [Client thread/INFO]: [CHAT] [?] Lilylou a été ajouté à la whitelist !
[17:10:09] [Client thread/INFO]: [CHAT] [»] Lilylou (9/29)
[17:10:09] [Client thread/FATAL]: Error executing task
java.util.concurrent.ExecutionException: java.lang.NullPointerException
	at java.util.concurrent.FutureTask.report(FutureTask.java:122) ~[?:1.8.0_51]
	at java.util.concurrent.FutureTask.get(FutureTask.java:192) ~[?:1.8.0_51]
	at net.minecraft.util.Util.func_181617_a(SourceFile:45) [g.class:?]
	at net.minecraft.client.Minecraft.func_71411_J(Minecraft.java:1014) [ave.class:?]
	at net.minecraft.client.Minecraft.func_99999_d(Minecraft.java:349) [ave.class:?]
	at net.minecraft.client.main.Main.main(SourceFile:124) [Main.class:?]
	at sun.reflect.NativeMethodAccessorImpl.invoke0(Native Method) ~[?:1.8.0_51]
	at sun.reflect.NativeMethodAccessorImpl.invoke(NativeMethodAccessorImpl.java:62) ~[?:1.8.0_51]
	at sun.reflect.DelegatingMethodAccessorImpl.invoke(DelegatingMethodAccessorImpl.java:43) ~[?:1.8.0_51]
	at java.lang.reflect.Method.invoke(Method.java:497) ~[?:1.8.0_51]
	at net.minecraft.launchwrapper.Launch.launch(Launch.java:135) [launchwrapper-1.12.jar:?]
	at net.minecraft.launchwrapper.Launch.main(Launch.java:28) [launchwrapper-1.12.jar:?]
Caused by: java.lang.NullPointerException
	at net.minecraft.network.play.server.S0FPacketSpawnMob.func_149027_c(SourceFile:114) ~[fn.class:?]
	at net.minecraft.client.network.NetHandlerPlayClient.func_147281_a(NetHandlerPlayClient.java:840) ~[bcy.class:?]
	at net.minecraft.network.play.server.S0FPacketSpawnMob.func_148833_a(SourceFile:109) ~[fn.class:?]
	at net.minecraft.network.play.server.S0FPacketSpawnMob.func_148833_a(SourceFile:15) ~[fn.class:?]
	at net.minecraft.network.PacketThreadUtil$1.run(SourceFile:13) ~[fh$1.class:?]
	at java.util.concurrent.Executors$RunnableAdapter.call(Executors.java:511) ~[?:1.8.0_51]
	at java.util.concurrent.FutureTask.run(FutureTask.java:266) ~[?:1.8.0_51]
	at net.minecraft.util.Util.func_181617_a(SourceFile:44) ~[g.class:?]
	... 9 more
[17:10:11] [Client thread/INFO]: [CHAT] [CONFIG] Vous passez le statut du mode bypass à Activé.
[17:10:46] [Client thread/INFO]: [CHAT] mayorie ? » hehehe
[17:10:47] [Client thread/INFO]: [CHAT] Justxijio » ba sayez
[17:10:58] [Client thread/INFO]: [CHAT] Justxijio » ptn....
[17:11:01] [Client thread/INFO]: [CHAT] [CONFIG] Vous passez le statut du mode bypass à Désactivé.
[17:11:03] [Client thread/INFO]: [CHAT] 
[?] §7Joueur fxgamma - Informations

 ? Compté vérifié: Oui
 ? Temps de jeu: 229h [?]
 ? Joueurs qui l'ont blocklist: 3
 ? Bannissements(s) reçu(s): 1 [?]

 ? CASIER ?
[17:11:04] [Client thread/INFO]: [CHAT] [?] fxgamma a été ajouté à la whitelist !
[17:11:04] [Client thread/INFO]: [CHAT] [»] fxgamma (10/29)
[17:11:05] [Client thread/INFO]: [CHAT] [«] fxgamma (9/29)
[17:11:05] [Client thread/INFO]: [CHAT] [?] Merci d'attendre quelques instants avant de réutiliser la commande sur ce joueur !
[17:11:06] [Client thread/INFO]: [CHAT] 
[?] §7Joueur Nonoboss09 - Informations

 ? Compté vérifié: Oui
 ? Temps de jeu: 114h [?]
 ? Joueurs qui l'ont blocklist: 2
 ? Bannissements(s) reçu(s): 0

 ? CASIER ?
[17:11:07] [Client thread/INFO]: [CHAT] [?] Nonoboss09 a été ajouté à la whitelist !
[17:11:07] [Client thread/INFO]: [CHAT] [»] Nonoboss09 (10/29)
[17:11:10] [Client thread/INFO]: [CHAT] [CONFIG] Vous passez le statut du mode bypass à Activé.
[17:11:28] [Client thread/INFO]: [CHAT] [«] Nonoboss09 (9/29)
[17:11:33] [Client thread/INFO]: [CHAT] [«] Froostiies (8/29)
[17:11:43] [Client thread/INFO]: [CHAT] mayorie ? » une fois que vous avez passez les echelles il y a une save
[17:11:52] [Client thread/INFO]: [CHAT] [CONFIG] Vous passez le statut du mode bypass à Désactivé.
[17:11:54] [Client thread/INFO]: [CHAT] [?] Shikim0ry__ a été ajouté à la whitelist !
[17:11:55] [Client thread/INFO]: [CHAT] [»] Shikim0ry__ (9/29)
[17:11:55] [Client thread/INFO]: [CHAT] 
[?] §7Joueur MatFG - Informations

 ? Compté vérifié: Oui
 ? Temps de jeu: 686h [?]
 ? Joueurs qui l'ont blocklist: 6
 ? Bannissements(s) reçu(s): 0

 ? CASIER ?
[17:11:58] [Client thread/INFO]: [CHAT] [?] MatFG a été ajouté à la whitelist !
[17:11:58] [Client thread/INFO]: [CHAT] [»] MatFG (10/29)
[17:12:05] [Client thread/INFO]: [CHAT] ShiFuuuuuu, Shikim0ry__, ShiningSnow5, Shizue_01, shiffo2, shiiqzy
[17:12:06] [Client thread/INFO]: [CHAT] ShiFuuuuuu, Shikim0ry__, ShiningSnow5, Shizue_01, shiffo2, shiiqzy
[17:12:07] [Client thread/INFO]: [CHAT] 
[?] §7Joueur Shikim0ry__ - Informations

 ? Compté vérifié: Oui
 ? Temps de jeu: 1318h [?]
 ? Joueurs qui l'ont blocklist: 29
 ? Bannissements(s) reçu(s): 3 [?]

 ? CASIER ?
[17:12:18] [Client thread/INFO]: [CHAT] /whisper, /whitelist
[17:12:19] [Client thread/INFO]: [CHAT] /whisper, /whitelist
[17:12:30] [Client thread/INFO]: [CHAT] [?] Vous venez d'expulser Shikim0ry__ de votre partie !
[17:12:30] [Client thread/INFO]: [CHAT] [«] Shikim0ry__ (9/29)
[17:12:37] [Client thread/INFO]: [CHAT] remove, requests
[17:12:37] [Client thread/INFO]: [CHAT] [»] Shikim0ry__ (10/29)
[17:12:40] [Client thread/INFO]: [CHAT] ShiFuuuuuu, Shikim0ry__, ShiningSnow5, Shizue_01, shiffo2, shiiqzy
[17:12:40] [Client thread/INFO]: [CHAT] ShiFuuuuuu, Shikim0ry__, ShiningSnow5, Shizue_01, shiffo2, shiiqzy
[17:12:42] [Client thread/INFO]: [CHAT] [?] Shikim0ry__ a été supprimé de votre liste d'amis !
[17:12:42] [Client thread/INFO]: [CHAT] Shikim0ry__ » pk me kick
[17:12:43] [Client thread/INFO]: [CHAT] Justxijio » vrmt un truc de con les jumps echelles
[17:12:54] [Client thread/INFO]: [CHAT] mayorie ? » parce que missclick sorry
[17:12:56] [Client thread/INFO]: [CHAT] 
[?] §7Joueur LEONPRIME63 - Informations

 ? Compté vérifié: Oui
 ? Temps de jeu: 228h [?]
 ? Joueurs qui l'ont blocklist: 4
 ? Bannissements(s) reçu(s): 0

 ? CASIER ?
[17:12:57] [Client thread/INFO]: [CHAT] [?] LEONPRIME63 a été ajouté à la whitelist !
[17:12:57] [Client thread/INFO]: [CHAT] [»] LEONPRIME63 (11/29)
[17:13:02] [Client thread/INFO]: [CHAT] Shikim0ry__ » OK
[17:13:05] [Client thread/INFO]: [CHAT] mayorie ? » de r
[17:13:20] [Client thread/INFO]: [CHAT] [»] FlyseCestMoi (12/29)
[17:13:24] [Client thread/INFO]: [CHAT] Justxijio » comment on save
[17:13:25] [Client thread/INFO]: [CHAT] /whisper, /whitelist
[17:13:27] [Client thread/INFO]: [CHAT] /whisper, /whitelist
[17:13:38] [Client thread/INFO]: [CHAT] [CONFIG] Shikim0ry__ a été supprimé de la whitelist.
[17:13:44] [Client thread/INFO]: [CHAT] [?] Vous venez d'expulser Shikim0ry__ de votre partie !
[17:13:44] [Client thread/INFO]: [CHAT] [«] Shikim0ry__ (11/29)
[17:13:47] [Client thread/INFO]: [CHAT] 
[?] §7Joueur Jayzaziii - Informations

 ? Compté vérifié: Oui
 ? Temps de jeu: 148h [?]
 ? Joueurs qui l'ont blocklist: 22
 ? Bannissements(s) reçu(s): 0

 ? CASIER ?
[17:13:49] [Client thread/INFO]: [CHAT] [?] Vous avez refusé la demande de Jayzaziii.
[17:13:52] [Client thread/INFO]: [CHAT] [«] K1_Paoi (10/29)
[17:13:57] [Client thread/INFO]: [CHAT] [CONFIG] Vous passez le statut du mode bypass à Activé.
[17:14:05] [Client thread/INFO]: [CHAT] mayorie ? » save regarde
[17:14:14] [Client thread/INFO]: [CHAT] Justxijio » ouij'ai compris apres
[17:14:16] [Client thread/INFO]: [CHAT] Justxijio » merci
[17:14:24] [Client thread/INFO]: [CHAT] [CONFIG] Vous passez le statut du mode bypass à Désactivé.
[17:14:25] [Client thread/INFO]: [CHAT] 
[?] §7Joueur Shikim0ry__ - Informations

 ? Compté vérifié: Oui
 ? Temps de jeu: 1318h [?]
 ? Joueurs qui l'ont blocklist: 29
 ? Bannissements(s) reçu(s): 3 [?]

 ? CASIER ?
[17:14:27] [Client thread/INFO]: [CHAT] [?] Vous avez refusé la demande de Shikim0ry__.
[17:14:28] [Client thread/INFO]: [CHAT] [?] Merci d'attendre quelques instants avant de réutiliser la commande sur ce joueur !
[17:14:29] [Client thread/INFO]: [CHAT] 
[?] §7Joueur GN_wyvern - Informations

 ? Compté vérifié: Oui
 ? Temps de jeu: 237h [?]
 ? Joueurs qui l'ont blocklist: 20
 ? Bannissements(s) reçu(s): 0

 ? CASIER ?
[17:14:30] [Client thread/INFO]: [CHAT] Justxijio » j'ai fail le dernier jump
[17:14:32] [Client thread/INFO]: [CHAT] [?] GN_wyvern a été ajouté à la whitelist !
[17:14:35] [Client thread/INFO]: [CHAT] mayorie ? » aaah
[17:14:36] [Client thread/INFO]: [CHAT] Justxijio » envie de crever
[17:14:36] [Client thread/FATAL]: Error executing task
java.util.concurrent.ExecutionException: java.lang.NullPointerException
	at java.util.concurrent.FutureTask.report(FutureTask.java:122) ~[?:1.8.0_51]
	at java.util.concurrent.FutureTask.get(FutureTask.java:192) ~[?:1.8.0_51]
	at net.minecraft.util.Util.func_181617_a(SourceFile:45) [g.class:?]
	at net.minecraft.client.Minecraft.func_71411_J(Minecraft.java:1014) [ave.class:?]
	at net.minecraft.client.Minecraft.func_99999_d(Minecraft.java:349) [ave.class:?]
	at net.minecraft.client.main.Main.main(SourceFile:124) [Main.class:?]
	at sun.reflect.NativeMethodAccessorImpl.invoke0(Native Method) ~[?:1.8.0_51]
	at sun.reflect.NativeMethodAccessorImpl.invoke(NativeMethodAccessorImpl.java:62) ~[?:1.8.0_51]
	at sun.reflect.DelegatingMethodAccessorImpl.invoke(DelegatingMethodAccessorImpl.java:43) ~[?:1.8.0_51]
	at java.lang.reflect.Method.invoke(Method.java:497) ~[?:1.8.0_51]
	at net.minecraft.launchwrapper.Launch.launch(Launch.java:135) [launchwrapper-1.12.jar:?]
	at net.minecraft.launchwrapper.Launch.main(Launch.java:28) [launchwrapper-1.12.jar:?]
Caused by: java.lang.NullPointerException
	at net.minecraft.network.play.server.S0FPacketSpawnMob.func_149027_c(SourceFile:114) ~[fn.class:?]
	at net.minecraft.client.network.NetHandlerPlayClient.func_147281_a(NetHandlerPlayClient.java:840) ~[bcy.class:?]
	at net.minecraft.network.play.server.S0FPacketSpawnMob.func_148833_a(SourceFile:109) ~[fn.class:?]
	at net.minecraft.network.play.server.S0FPacketSpawnMob.func_148833_a(SourceFile:15) ~[fn.class:?]
	at net.minecraft.network.PacketThreadUtil$1.run(SourceFile:13) ~[fh$1.class:?]
	at java.util.concurrent.Executors$RunnableAdapter.call(Executors.java:511) ~[?:1.8.0_51]
	at java.util.concurrent.FutureTask.run(FutureTask.java:266) ~[?:1.8.0_51]
	at net.minecraft.util.Util.func_181617_a(SourceFile:44) ~[g.class:?]
	... 9 more
[17:14:47] [Client thread/INFO]: [CHAT] [CONFIG] Vous passez le statut du mode bypass à Activé.
[17:14:48] [Client thread/INFO]: [CHAT] MatFG » mayorie question pour tu as bl shikim0ry_ ?
[17:14:49] [Client thread/FATAL]: Error executing task
java.util.concurrent.ExecutionException: java.lang.NullPointerException
	at java.util.concurrent.FutureTask.report(FutureTask.java:122) ~[?:1.8.0_51]
	at java.util.concurrent.FutureTask.get(FutureTask.java:192) ~[?:1.8.0_51]
	at net.minecraft.util.Util.func_181617_a(SourceFile:45) [g.class:?]
	at net.minecraft.client.Minecraft.func_71411_J(Minecraft.java:1014) [ave.class:?]
	at net.minecraft.client.Minecraft.func_99999_d(Minecraft.java:349) [ave.class:?]
	at net.minecraft.client.main.Main.main(SourceFile:124) [Main.class:?]
	at sun.reflect.NativeMethodAccessorImpl.invoke0(Native Method) ~[?:1.8.0_51]
	at sun.reflect.NativeMethodAccessorImpl.invoke(NativeMethodAccessorImpl.java:62) ~[?:1.8.0_51]
	at sun.reflect.DelegatingMethodAccessorImpl.invoke(DelegatingMethodAccessorImpl.java:43) ~[?:1.8.0_51]
	at java.lang.reflect.Method.invoke(Method.java:497) ~[?:1.8.0_51]
	at net.minecraft.launchwrapper.Launch.launch(Launch.java:135) [launchwrapper-1.12.jar:?]
	at net.minecraft.launchwrapper.Launch.main(Launch.java:28) [launchwrapper-1.12.jar:?]
Caused by: java.lang.NullPointerException
	at net.minecraft.network.play.server.S0FPacketSpawnMob.func_149027_c(SourceFile:114) ~[fn.class:?]
	at net.minecraft.client.network.NetHandlerPlayClient.func_147281_a(NetHandlerPlayClient.java:840) ~[bcy.class:?]
	at net.minecraft.network.play.server.S0FPacketSpawnMob.func_148833_a(SourceFile:109) ~[fn.class:?]
	at net.minecraft.network.play.server.S0FPacketSpawnMob.func_148833_a(SourceFile:15) ~[fn.class:?]
	at net.minecraft.network.PacketThreadUtil$1.run(SourceFile:13) ~[fh$1.class:?]
	at java.util.concurrent.Executors$RunnableAdapter.call(Executors.java:511) ~[?:1.8.0_51]
	at java.util.concurrent.FutureTask.run(FutureTask.java:266) ~[?:1.8.0_51]
	at net.minecraft.util.Util.func_181617_a(SourceFile:44) ~[g.class:?]
	... 9 more
[17:14:57] [Client thread/INFO]: [CHAT] FlyseCestMoi » truc de l'echallet trop facile
[17:15:04] [Client thread/INFO]: [CHAT] mayorie ? » g pas bl shiki ???
[17:15:11] [Client thread/INFO]: [CHAT] MatFG » tu l'as kick non ?
[17:15:37] [Client thread/INFO]: [CHAT] mayorie ? » oui mais je trouve qu'il a trop de bl
[17:15:49] [Client thread/INFO]: [CHAT] mayorie ? » et c pas un bl kick
[17:15:51] [Client thread/INFO]: [CHAT] MatFG » oki oki je comprend
[17:15:55] [Client thread/INFO]: [CHAT] [CONFIG] Vous passez le statut du mode bypass à Désactivé.
[17:15:56] [Client thread/INFO]: [CHAT] MatFG » kk np
[17:15:58] [Client thread/INFO]: [CHAT] 
[?] §7Joueur _Pleurnicheuse - Informations

 ? Compté vérifié: Oui
 ? Temps de jeu: 775h [?]
 ? Joueurs qui l'ont blocklist: 34
 ? Bannissements(s) reçu(s): 1 [?]

 ? CASIER ?
[17:15:59] [Client thread/INFO]: [CHAT] [?] Vous avez refusé la demande de _Pleurnicheuse.
[17:15:59] [Client thread/INFO]: [CHAT] [?] Merci d'attendre quelques instants avant de réutiliser la commande sur ce joueur !
[17:16:00] [Client thread/INFO]: [CHAT] [?] Merci d'attendre quelques instants avant de réutiliser la commande sur ce joueur !
[17:16:01] [Client thread/INFO]: [CHAT] 
[?] §7Joueur Alnonosse - Informations

 ? Compté vérifié: Oui
 ? Temps de jeu: 7h [?]
 ? Joueurs qui l'ont blocklist: 0
 ? Bannissements(s) reçu(s): 0

 ? CASIER ?
[17:16:02] [Client thread/INFO]: [CHAT] [?] Alnonosse a été ajouté à la whitelist !
[17:16:02] [Client thread/INFO]: [CHAT] [»] Alnonosse (11/29)
[17:16:09] [Client thread/INFO]: [CHAT] MatFG » Je vous laisse dcp bonne game a vouuus <3
[17:16:12] [Client thread/FATAL]: Error executing task
java.util.concurrent.ExecutionException: java.lang.NullPointerException
	at java.util.concurrent.FutureTask.report(FutureTask.java:122) ~[?:1.8.0_51]
	at java.util.concurrent.FutureTask.get(FutureTask.java:192) ~[?:1.8.0_51]
	at net.minecraft.util.Util.func_181617_a(SourceFile:45) [g.class:?]
	at net.minecraft.client.Minecraft.func_71411_J(Minecraft.java:1014) [ave.class:?]
	at net.minecraft.client.Minecraft.func_99999_d(Minecraft.java:349) [ave.class:?]
	at net.minecraft.client.main.Main.main(SourceFile:124) [Main.class:?]
	at sun.reflect.NativeMethodAccessorImpl.invoke0(Native Method) ~[?:1.8.0_51]
	at sun.reflect.NativeMethodAccessorImpl.invoke(NativeMethodAccessorImpl.java:62) ~[?:1.8.0_51]
	at sun.reflect.DelegatingMethodAccessorImpl.invoke(DelegatingMethodAccessorImpl.java:43) ~[?:1.8.0_51]
	at java.lang.reflect.Method.invoke(Method.java:497) ~[?:1.8.0_51]
	at net.minecraft.launchwrapper.Launch.launch(Launch.java:135) [launchwrapper-1.12.jar:?]
	at net.minecraft.launchwrapper.Launch.main(Launch.java:28) [launchwrapper-1.12.jar:?]
Caused by: java.lang.NullPointerException
	at net.minecraft.network.play.server.S0FPacketSpawnMob.func_149027_c(SourceFile:114) ~[fn.class:?]
	at net.minecraft.client.network.NetHandlerPlayClient.func_147281_a(NetHandlerPlayClient.java:840) ~[bcy.class:?]
	at net.minecraft.network.play.server.S0FPacketSpawnMob.func_148833_a(SourceFile:109) ~[fn.class:?]
	at net.minecraft.network.play.server.S0FPacketSpawnMob.func_148833_a(SourceFile:15) ~[fn.class:?]
	at net.minecraft.network.PacketThreadUtil$1.run(SourceFile:13) ~[fh$1.class:?]
	at java.util.concurrent.Executors$RunnableAdapter.call(Executors.java:511) ~[?:1.8.0_51]
	at java.util.concurrent.FutureTask.run(FutureTask.java:266) ~[?:1.8.0_51]
	at net.minecraft.util.Util.func_181617_a(SourceFile:44) ~[g.class:?]
	... 9 more
[17:16:16] [Client thread/INFO]: [CHAT] [«] MatFG (10/29)
[17:16:17] [Client thread/INFO]: [CHAT] mayorie ? » oki sorry
[17:16:24] [Client thread/INFO]: [CHAT] [CONFIG] Vous passez le statut du mode bypass à Activé.
[17:16:36] [Client thread/INFO]: [CHAT] 
[?] §aCapitaine mayorie - Informations

 ? Compté vérifié: Oui
 ? Temps de jeu: 275h [?]
 ? Joueurs qui l'ont blocklist: 5
 ? Bannissements(s) reçu(s): 0

 ? CASIER ?
[17:16:46] [Client thread/INFO]: [CHAT] Justxijio » IMPOSSIBLe
[17:16:51] [Client thread/INFO]: [CHAT] mayorie ? » c possible
[17:17:03] [Client thread/INFO]: [CHAT] FlyseCestMoi » Quel Jump Justxijio ?
[17:17:12] [Client thread/INFO]: [CHAT] Justxijio » celui que tu as reussi....
[17:17:16] [Client thread/INFO]: [CHAT] Justxijio » le dernier
[17:17:20] [Client thread/INFO]: [CHAT] [»] molomolu (11/29)
[17:17:21] [Client thread/INFO]: [CHAT] FlyseCestMoi » Ah bah, preuve, il est possible
[17:17:23] [Client thread/INFO]: [CHAT] Justxijio » 10fois je le rate
[17:17:34] [Client thread/INFO]: [CHAT] Justxijio » tu peux faire un jump ec?
[17:17:49] [Client thread/INFO]: [CHAT] mayorie ? » celui de l'echelle ou le neo
[17:17:56] [Client thread/INFO]: [CHAT] Justxijio » neo stp
[17:18:11] [Client thread/INFO]: [CHAT] mayorie ? » le pire c que c un neo simplifié
[17:18:21] [Client thread/INFO]: [CHAT] Justxijio » COMMENT
[17:18:34] [Client thread/INFO]: [CHAT] FlyseCestMoi » on m'appelle el virgulo
[17:18:50] [Client thread/INFO]: [CHAT] Justxijio » ptn....
[17:19:00] [Client thread/INFO]: [CHAT] [«] Lilylou (10/29)
[17:19:13] [Client thread/INFO]: [CHAT] [«] molomolu (9/29)
[17:19:16] [Client thread/INFO]: [CHAT] [«] XxTominhoPGM69xX (8/29)
[17:19:19] [Client thread/INFO]: [CHAT] [»] XxTominhoPGM69xX (9/29)
[17:20:20] [Client thread/INFO]: [CHAT] Justxijio » OUI
[17:20:23] [Client thread/INFO]: [CHAT] Justxijio » ENFIN
[17:20:57] [Client thread/FATAL]: Error executing task
java.util.concurrent.ExecutionException: java.lang.NullPointerException
	at java.util.concurrent.FutureTask.report(FutureTask.java:122) ~[?:1.8.0_51]
	at java.util.concurrent.FutureTask.get(FutureTask.java:192) ~[?:1.8.0_51]
	at net.minecraft.util.Util.func_181617_a(SourceFile:45) [g.class:?]
	at net.minecraft.client.Minecraft.func_71411_J(Minecraft.java:1014) [ave.class:?]
	at net.minecraft.client.Minecraft.func_99999_d(Minecraft.java:349) [ave.class:?]
	at net.minecraft.client.main.Main.main(SourceFile:124) [Main.class:?]
	at sun.reflect.NativeMethodAccessorImpl.invoke0(Native Method) ~[?:1.8.0_51]
	at sun.reflect.NativeMethodAccessorImpl.invoke(NativeMethodAccessorImpl.java:62) ~[?:1.8.0_51]
	at sun.reflect.DelegatingMethodAccessorImpl.invoke(DelegatingMethodAccessorImpl.java:43) ~[?:1.8.0_51]
	at java.lang.reflect.Method.invoke(Method.java:497) ~[?:1.8.0_51]
	at net.minecraft.launchwrapper.Launch.launch(Launch.java:135) [launchwrapper-1.12.jar:?]
	at net.minecraft.launchwrapper.Launch.main(Launch.java:28) [launchwrapper-1.12.jar:?]
Caused by: java.lang.NullPointerException
	at net.minecraft.network.play.server.S0FPacketSpawnMob.func_149027_c(SourceFile:114) ~[fn.class:?]
	at net.minecraft.client.network.NetHandlerPlayClient.func_147281_a(NetHandlerPlayClient.java:840) ~[bcy.class:?]
	at net.minecraft.network.play.server.S0FPacketSpawnMob.func_148833_a(SourceFile:109) ~[fn.class:?]
	at net.minecraft.network.play.server.S0FPacketSpawnMob.func_148833_a(SourceFile:15) ~[fn.class:?]
	at net.minecraft.network.PacketThreadUtil$1.run(SourceFile:13) ~[fh$1.class:?]
	at java.util.concurrent.Executors$RunnableAdapter.call(Executors.java:511) ~[?:1.8.0_51]
	at java.util.concurrent.FutureTask.run(FutureTask.java:266) ~[?:1.8.0_51]
	at net.minecraft.util.Util.func_181617_a(SourceFile:44) ~[g.class:?]
	... 9 more
[17:21:11] [Client thread/INFO]: [CHAT] [CONFIG] Vous passez le statut du mode bypass à Désactivé.
[17:21:13] [Client thread/INFO]: [CHAT] 
[?] §7Joueur Ploutplout - Informations

 ? Compté vérifié: Oui
 ? Temps de jeu: 199h [?]
 ? Joueurs qui l'ont blocklist: 20
 ? Bannissements(s) reçu(s): 1 [?]

 ? CASIER ?
[17:21:16] [Client thread/INFO]: [CHAT] [?] Vous avez refusé la demande de Ploutplout.
[17:21:17] [Client thread/INFO]: [CHAT] 
[?] §7Joueur Yzwiix - Informations

 ? Compté vérifié: Oui
 ? Temps de jeu: 2425h [?]
 ? Joueurs qui l'ont blocklist: 121
 ? Bannissements(s) reçu(s): 7 [?]

 ? CASIER ?
[17:21:17] [Client thread/INFO]: [CHAT] [?] Merci d'attendre quelques instants avant de réutiliser la commande sur ce joueur !
[17:21:19] [Client thread/INFO]: [CHAT] [?] Vous avez refusé la demande de Yzwiix.
[17:21:20] [Client thread/INFO]: [CHAT] 
[?] §7Joueur Oxyous - Informations

 ? Compté vérifié: Oui
 ? Temps de jeu: 1307h [?]
 ? Joueurs qui l'ont blocklist: 19
 ? Bannissements(s) reçu(s): 2 [?]

 ? CASIER ?
[17:21:20] [Client thread/INFO]: [CHAT] [?] Merci d'attendre quelques instants avant de réutiliser la commande sur ce joueur !
[17:21:21] [Client thread/INFO]: [CHAT] [«] LEONPRIME63 (8/29)
[17:21:21] [Client thread/INFO]: [CHAT] [?] Oxyous a été ajouté à la whitelist !
[17:21:21] [Client thread/INFO]: [CHAT] [»] Oxyous (9/29)
[17:21:22] [Client thread/INFO]: [CHAT] [?] Merci d'attendre quelques instants avant de réutiliser la commande sur ce joueur !
[17:21:22] [Client thread/INFO]: [CHAT] [?] Merci d'attendre quelques instants avant de réutiliser la commande sur ce joueur !
[17:21:22] [Client thread/INFO]: [CHAT] [?] Merci d'attendre quelques instants avant de réutiliser la commande sur ce joueur !
[17:21:23] [Client thread/INFO]: [CHAT] 
[?] §7Joueur LawK1ck - Informations

 ? Compté vérifié: Oui
 ? Temps de jeu: 500h [?]
 ? Joueurs qui l'ont blocklist: 1
 ? Bannissements(s) reçu(s): 1 [?]

 ? CASIER ?
[17:21:23] [Client thread/INFO]: [CHAT] [?] Merci d'attendre quelques instants avant de réutiliser la commande sur ce joueur !
[17:21:23] [Client thread/INFO]: [CHAT] [«] Alnonosse (8/29)
[17:21:24] [Client thread/INFO]: [CHAT] [?] LawK1ck a été ajouté à la whitelist !
[17:21:24] [Client thread/INFO]: [CHAT] [»] LawK1ck (9/29)
[17:21:27] [Client thread/INFO]: [CHAT] [»] LEONPRIME63 (10/29)
[17:21:28] [Client thread/INFO]: [CHAT] [CONFIG] Vous passez le statut du mode bypass à Activé.
[17:21:35] [Client thread/INFO]: [CHAT] mayorie ? » GG
[17:21:35] [Client thread/INFO]: [CHAT] Oxyous » add yzwiix stp
[17:22:07] [Client thread/INFO]: [CHAT] [»] Alnonosse (11/29)
[17:22:10] [Client thread/INFO]: [CHAT] [«] Alnonosse (10/29)
[17:22:22] [Client thread/INFO]: [CHAT] mayorie ? » il a 2500 h ok ça vas mais il a aussi 121 bl + 7 ban dont au moins 1 perma
[17:22:23] [Client thread/INFO]: [CHAT] Justxijio » NAN
[17:22:24] [Client thread/FATAL]: Error executing task
java.util.concurrent.ExecutionException: java.lang.NullPointerException
	at java.util.concurrent.FutureTask.report(FutureTask.java:122) ~[?:1.8.0_51]
	at java.util.concurrent.FutureTask.get(FutureTask.java:192) ~[?:1.8.0_51]
	at net.minecraft.util.Util.func_181617_a(SourceFile:45) [g.class:?]
	at net.minecraft.client.Minecraft.func_71411_J(Minecraft.java:1014) [ave.class:?]
	at net.minecraft.client.Minecraft.func_99999_d(Minecraft.java:349) [ave.class:?]
	at net.minecraft.client.main.Main.main(SourceFile:124) [Main.class:?]
	at sun.reflect.NativeMethodAccessorImpl.invoke0(Native Method) ~[?:1.8.0_51]
	at sun.reflect.NativeMethodAccessorImpl.invoke(NativeMethodAccessorImpl.java:62) ~[?:1.8.0_51]
	at sun.reflect.DelegatingMethodAccessorImpl.invoke(DelegatingMethodAccessorImpl.java:43) ~[?:1.8.0_51]
	at java.lang.reflect.Method.invoke(Method.java:497) ~[?:1.8.0_51]
	at net.minecraft.launchwrapper.Launch.launch(Launch.java:135) [launchwrapper-1.12.jar:?]
	at net.minecraft.launchwrapper.Launch.main(Launch.java:28) [launchwrapper-1.12.jar:?]
Caused by: java.lang.NullPointerException
	at net.minecraft.network.play.server.S0FPacketSpawnMob.func_149027_c(SourceFile:114) ~[fn.class:?]
	at net.minecraft.client.network.NetHandlerPlayClient.func_147281_a(NetHandlerPlayClient.java:840) ~[bcy.class:?]
	at net.minecraft.network.play.server.S0FPacketSpawnMob.func_148833_a(SourceFile:109) ~[fn.class:?]
	at net.minecraft.network.play.server.S0FPacketSpawnMob.func_148833_a(SourceFile:15) ~[fn.class:?]
	at net.minecraft.network.PacketThreadUtil$1.run(SourceFile:13) ~[fh$1.class:?]
	at java.util.concurrent.Executors$RunnableAdapter.call(Executors.java:511) ~[?:1.8.0_51]
	at java.util.concurrent.FutureTask.run(FutureTask.java:266) ~[?:1.8.0_51]
	at net.minecraft.util.Util.func_181617_a(SourceFile:44) ~[g.class:?]
	... 9 more
[17:22:28] [Client thread/INFO]: [CHAT] Justxijio » je l'avais
[17:22:30] [Client thread/INFO]: [CHAT] [CONFIG] Vous passez le statut du mode bypass à Désactivé.
[17:22:32] [Client thread/INFO]: [CHAT] 
[?] §7Joueur CF_lmxsunday - Informations

 ? Compté vérifié: Oui
 ? Temps de jeu: 541h [?]
 ? Joueurs qui l'ont blocklist: 2
 ? Bannissements(s) reçu(s): 1 [?]

 ? CASIER ?
[17:22:34] [Client thread/INFO]: [CHAT] [?] CF_lmxsunday a été ajouté à la whitelist !
[17:22:35] [Client thread/INFO]: [CHAT] [?] Merci d'attendre quelques instants avant de réutiliser la commande sur ce joueur !
[17:22:35] [Client thread/INFO]: [CHAT] [?] Merci d'attendre quelques instants avant de réutiliser la commande sur ce joueur !
[17:22:35] [Client thread/INFO]: [CHAT] [?] Merci d'attendre quelques instants avant de réutiliser la commande sur ce joueur !
[17:22:36] [Client thread/INFO]: [CHAT] 
[?] §7Joueur M8Thiballa - Informations

 ? Compté vérifié: Oui
 ? Temps de jeu: 0h [?]
 ? Joueurs qui l'ont blocklist: 0
 ? Bannissements(s) reçu(s): 1 [?]

 ? CASIER ?
[17:22:36] [Client thread/INFO]: [CHAT] [?] Merci d'attendre quelques instants avant de réutiliser la commande sur ce joueur !
[17:22:41] [Client thread/INFO]: [CHAT] [?] M8Thiballa a été ajouté à la whitelist !
[17:22:41] [Client thread/INFO]: [CHAT] [»] M8Thiballa (11/29)
[17:22:43] [Client thread/INFO]: [CHAT] [«] Foxys78 (10/29)
[17:22:44] [Client thread/INFO]: [CHAT] 
[?] §7Joueur ThorEnTMAX - Informations

 ? Compté vérifié: Oui
 ? Temps de jeu: 30h [?]
 ? Joueurs qui l'ont blocklist: 0
 ? Bannissements(s) reçu(s): 0

 ? CASIER ?
[17:22:45] [Client thread/INFO]: [CHAT] [?] ThorEnTMAX a été ajouté à la whitelist !
[17:22:46] [Client thread/INFO]: [CHAT] [»] ThorEnTMAX (11/29)
[17:22:46] [Client thread/INFO]: [CHAT] FlyseCestMoi » Tu était l'élu c'étoit toi Justxijio
[17:22:47] [Client thread/INFO]: [CHAT] Oxyous » il c'est fait ban pour use bug jump avec les cosmetic
[17:22:52] [Client thread/INFO]: [CHAT] Oxyous » stp mec
[17:22:58] [Client thread/INFO]: [CHAT] [CONFIG] Vous passez le statut du mode bypass à Activé.
[17:23:08] [Client thread/INFO]: [CHAT] mayorie ? » et les bls ??? XD
[17:23:09] [Client thread/INFO]: [CHAT] Justxijio » je vais devoir refaire le neo SIMPLE
[17:23:29] [Client thread/INFO]: [CHAT] Oxyous » c'est juste il est en guerre contre qlq c tout pour le drole
[17:23:36] [Client thread/INFO]: [CHAT] Oxyous » c'est juste il est en guerre contre qlq c tout pour le troll
[17:23:36] [Client thread/INFO]: [CHAT] XxTominhoPGM69xX » l'add pas
[17:23:39] [Client thread/INFO]: [CHAT] XxTominhoPGM69xX » l'autre jour
[17:23:42] [Client thread/INFO]: [CHAT] XxTominhoPGM69xX » RaiitoPGM91 exposed aura
[17:23:46] [Client thread/INFO]: [CHAT] LumsGOAT69xX » nn pas lui
[17:23:49] [Client thread/INFO]: [CHAT] mayorie ? » NON C NON
[17:23:50] [Client thread/INFO]: [CHAT] LumsGOAT69xX » il sais pas jouer au jeu
[17:23:55] [Client thread/INFO]: [CHAT] FlyseCestMoi » Frero est a Marinrford, en guerre contre la Marine ouuuu ?
[17:23:56] [Client thread/INFO]: [CHAT] XxTominhoPGM69xX » ça va lui demander l'aura et le tue le temps qu'il la regarde mdr
[17:23:56] [Client thread/INFO]: [CHAT] Oxyous » LumsGOAT69xX
[17:24:01] [Client thread/INFO]: [CHAT] [CONFIG] Vous passez le statut du mode bypass à Désactivé.
[17:24:01] [Client thread/FATAL]: Error executing task
java.util.concurrent.ExecutionException: java.lang.NullPointerException
	at java.util.concurrent.FutureTask.report(FutureTask.java:122) ~[?:1.8.0_51]
	at java.util.concurrent.FutureTask.get(FutureTask.java:192) ~[?:1.8.0_51]
	at net.minecraft.util.Util.func_181617_a(SourceFile:45) [g.class:?]
	at net.minecraft.client.Minecraft.func_71411_J(Minecraft.java:1014) [ave.class:?]
	at net.minecraft.client.Minecraft.func_99999_d(Minecraft.java:349) [ave.class:?]
	at net.minecraft.client.main.Main.main(SourceFile:124) [Main.class:?]
	at sun.reflect.NativeMethodAccessorImpl.invoke0(Native Method) ~[?:1.8.0_51]
	at sun.reflect.NativeMethodAccessorImpl.invoke(NativeMethodAccessorImpl.java:62) ~[?:1.8.0_51]
	at sun.reflect.DelegatingMethodAccessorImpl.invoke(DelegatingMethodAccessorImpl.java:43) ~[?:1.8.0_51]
	at java.lang.reflect.Method.invoke(Method.java:497) ~[?:1.8.0_51]
	at net.minecraft.launchwrapper.Launch.launch(Launch.java:135) [launchwrapper-1.12.jar:?]
	at net.minecraft.launchwrapper.Launch.main(Launch.java:28) [launchwrapper-1.12.jar:?]
Caused by: java.lang.NullPointerException
	at net.minecraft.network.play.server.S0FPacketSpawnMob.func_149027_c(SourceFile:114) ~[fn.class:?]
	at net.minecraft.client.network.NetHandlerPlayClient.func_147281_a(NetHandlerPlayClient.java:840) ~[bcy.class:?]
	at net.minecraft.network.play.server.S0FPacketSpawnMob.func_148833_a(SourceFile:109) ~[fn.class:?]
	at net.minecraft.network.play.server.S0FPacketSpawnMob.func_148833_a(SourceFile:15) ~[fn.class:?]
	at net.minecraft.network.PacketThreadUtil$1.run(SourceFile:13) ~[fh$1.class:?]
	at java.util.concurrent.Executors$RunnableAdapter.call(Executors.java:511) ~[?:1.8.0_51]
	at java.util.concurrent.FutureTask.run(FutureTask.java:266) ~[?:1.8.0_51]
	at net.minecraft.util.Util.func_181617_a(SourceFile:44) ~[g.class:?]
	... 9 more
[17:24:03] [Client thread/INFO]: [CHAT] 
[?] §bEmpereur THeGhost48 - Informations

 ? Compté vérifié: Oui
 ? Temps de jeu: 1208h [?]
 ? Joueurs qui l'ont blocklist: 29
 ? Bannissements(s) reçu(s): 2 [?]

 ? CASIER ?
[17:24:09] [Client thread/INFO]: [CHAT] LumsGOAT69xX » vrmt mdrr
[17:24:12] [Client thread/INFO]: [CHAT] [«] M8Thiballa (10/29)
[17:24:13] [Client thread/INFO]: [CHAT] [?] THeGhost48 a été ajouté à la whitelist !
[17:24:13] [Client thread/INFO]: [CHAT] [»] THeGhost48 (11/29)
[17:24:16] [Client thread/INFO]: [CHAT] [CONFIG] Vous passez le statut du mode bypass à Activé.
[17:24:25] [Client thread/INFO]: [CHAT] RaiitoPGM91 » reel
[17:24:33] [Client thread/INFO]: [CHAT] Justxijio » jump ender chest?
[17:24:36] [Client thread/INFO]: [CHAT] [»] M8Thiballa (12/29)
[17:24:44] [Client thread/INFO]: [CHAT] Oxyous » bon vous aller jamais lancer
[17:24:45] [Client thread/INFO]: [CHAT] [«] Oxyous (11/29)
[17:24:52] [Client thread/INFO]: [CHAT] XxTominhoPGM69xX » mdrr
[17:25:03] [Client thread/INFO]: [CHAT] Justxijio » rage bait haaaa
[17:25:04] [Client thread/INFO]: [CHAT] FlyseCestMoi » On va pas lancé a 12 il est con
[17:25:05] [Client thread/INFO]: [CHAT] [CONFIG] Vous passez le statut du mode bypass à Désactivé.
[17:25:05] [Client thread/FATAL]: Error executing task
java.util.concurrent.ExecutionException: java.lang.NullPointerException
	at java.util.concurrent.FutureTask.report(FutureTask.java:122) ~[?:1.8.0_51]
	at java.util.concurrent.FutureTask.get(FutureTask.java:192) ~[?:1.8.0_51]
	at net.minecraft.util.Util.func_181617_a(SourceFile:45) [g.class:?]
	at net.minecraft.client.Minecraft.func_71411_J(Minecraft.java:1014) [ave.class:?]
	at net.minecraft.client.Minecraft.func_99999_d(Minecraft.java:349) [ave.class:?]
	at net.minecraft.client.main.Main.main(SourceFile:124) [Main.class:?]
	at sun.reflect.NativeMethodAccessorImpl.invoke0(Native Method) ~[?:1.8.0_51]
	at sun.reflect.NativeMethodAccessorImpl.invoke(NativeMethodAccessorImpl.java:62) ~[?:1.8.0_51]
	at sun.reflect.DelegatingMethodAccessorImpl.invoke(DelegatingMethodAccessorImpl.java:43) ~[?:1.8.0_51]
	at java.lang.reflect.Method.invoke(Method.java:497) ~[?:1.8.0_51]
	at net.minecraft.launchwrapper.Launch.launch(Launch.java:135) [launchwrapper-1.12.jar:?]
	at net.minecraft.launchwrapper.Launch.main(Launch.java:28) [launchwrapper-1.12.jar:?]
Caused by: java.lang.NullPointerException
	at net.minecraft.network.play.server.S0FPacketSpawnMob.func_149027_c(SourceFile:114) ~[fn.class:?]
	at net.minecraft.client.network.NetHandlerPlayClient.func_147281_a(NetHandlerPlayClient.java:840) ~[bcy.class:?]
	at net.minecraft.network.play.server.S0FPacketSpawnMob.func_148833_a(SourceFile:109) ~[fn.class:?]
	at net.minecraft.network.play.server.S0FPacketSpawnMob.func_148833_a(SourceFile:15) ~[fn.class:?]
	at net.minecraft.network.PacketThreadUtil$1.run(SourceFile:13) ~[fh$1.class:?]
	at java.util.concurrent.Executors$RunnableAdapter.call(Executors.java:511) ~[?:1.8.0_51]
	at java.util.concurrent.FutureTask.run(FutureTask.java:266) ~[?:1.8.0_51]
	at net.minecraft.util.Util.func_181617_a(SourceFile:44) ~[g.class:?]
	... 9 more
[17:25:07] [Client thread/INFO]: [CHAT] 
[?] §7Joueur kingdrav1 - Informations

 ? Compté vérifié: Oui
 ? Temps de jeu: 81h [?]
 ? Joueurs qui l'ont blocklist: 0
 ? Bannissements(s) reçu(s): 0

 ? CASIER ?
[17:25:08] [Client thread/INFO]: [CHAT] [?] kingdrav1 a été ajouté à la whitelist !
[17:25:08] [Client thread/INFO]: [CHAT] [»] kingdrav1 (12/29)
[17:25:08] [Client thread/INFO]: [CHAT] [?] Merci d'attendre quelques instants avant de réutiliser la commande sur ce joueur !
[17:25:09] [Client thread/INFO]: [CHAT] [?] Merci d'attendre quelques instants avant de réutiliser la commande sur ce joueur !
[17:25:09] [Client thread/INFO]: [CHAT] [?] Merci d'attendre quelques instants avant de réutiliser la commande sur ce joueur !
[17:25:10] [Client thread/INFO]: [CHAT] [?] Merci d'attendre quelques instants avant de réutiliser la commande sur ce joueur !
[17:25:10] [Client thread/INFO]: [CHAT] 
[?] §7Joueur chichapasteque13 - Informations

 ? Compté vérifié: Oui
 ? Temps de jeu: 30h [?]
 ? Joueurs qui l'ont blocklist: 14
 ? Bannissements(s) reçu(s): 2 [?]

 ? CASIER ?
[17:25:19] [Client thread/INFO]: [CHAT] [?] Vous avez refusé la demande de chichapasteque13.
[17:25:21] [Client thread/INFO]: [CHAT] [«] LawK1ck (11/29)
[17:25:22] [Client thread/INFO]: [CHAT] 
[?] §7Joueur Fayazer - Informations

 ? Compté vérifié: Oui
 ? Temps de jeu: 11h [?]
 ? Joueurs qui l'ont blocklist: 1
 ? Bannissements(s) reçu(s): 0

 ? CASIER ?
[17:25:23] [Client thread/INFO]: [CHAT] [?] Fayazer a été ajouté à la whitelist !
[17:25:23] [Client thread/INFO]: [CHAT] [»] Fayazer (12/29)
[17:25:26] [Client thread/INFO]: [CHAT] [CONFIG] Vous passez le statut du mode bypass à Activé.
[17:25:49] [Client thread/INFO]: [CHAT] Justxijio » nannnnn
[17:26:00] [Client thread/INFO]: [CHAT] [«] M8Thiballa (11/29)
[17:26:08] [Client thread/INFO]: [CHAT] Justxijio » mdr
[17:26:11] [Client thread/INFO]: [CHAT] Teleported FlyseCestMoi to mayorie
[17:26:11] [Client thread/INFO]: [CHAT] Justxijio » nan flyse
[17:26:13] [Client thread/INFO]: [CHAT] [CONFIG] Vous passez le statut du mode bypass à Désactivé.
[17:26:15] [Client thread/INFO]: [CHAT] 
[?] §7Joueur ReyZohh - Informations

 ? Compté vérifié: Oui
 ? Temps de jeu: 87h [?]
 ? Joueurs qui l'ont blocklist: 2
 ? Bannissements(s) reçu(s): 2 [?]

 ? CASIER ?
[17:26:16] [Client thread/INFO]: [CHAT] FlyseCestMoi » TROP RAPIDE JE ME TP
[17:26:16] [Client thread/INFO]: [CHAT] [?] ReyZohh a été ajouté à la whitelist !
[17:26:16] [Client thread/INFO]: [CHAT] [»] ReyZohh (12/29)
[17:26:19] [Client thread/INFO]: [CHAT] 
[?] §7Joueur Wolfeur24 - Informations

 ? Compté vérifié: Oui
 ? Temps de jeu: 14h [?]
 ? Joueurs qui l'ont blocklist: 0
 ? Bannissements(s) reçu(s): 0

 ? CASIER ?
[17:26:20] [Client thread/INFO]: [CHAT] [?] Wolfeur24 a été ajouté à la whitelist !
[17:26:20] [Client thread/INFO]: [CHAT] [»] Wolfeur24 (13/29)
[17:26:22] [Client thread/INFO]: [CHAT] 
[?] §7Joueur MDUCOQ - Informations

 ? Compté vérifié: Oui
 ? Temps de jeu: 199h [?]
 ? Joueurs qui l'ont blocklist: 9
 ? Bannissements(s) reçu(s): 0

 ? CASIER ?
[17:26:23] [Client thread/INFO]: [CHAT] [?] MDUCOQ a été ajouté à la whitelist !
[17:26:23] [Client thread/INFO]: [CHAT] [»] MDUCOQ (14/29)
[17:26:26] [Client thread/INFO]: [CHAT] [CONFIG] Vous passez le statut du mode bypass à Activé.
[17:26:49] [Client thread/INFO]: [CHAT] XxTominhoPGM69xX » mayorie tu veux pas augmenter la bordure un peu comme ça on croise pas toute la map en cave ?
[17:26:55] [Client thread/INFO]: [CHAT] Teleported FlyseCestMoi to mayorie
[17:27:02] [Client thread/INFO]: [CHAT] ReyZohh » mayorie tu peu me cohost comme ca jfais un jump stppppp
[17:27:06] [Client thread/INFO]: [CHAT] [CONFIG] Vous passez le statut du mode bypass à Désactivé.
[17:27:06] [Client thread/FATAL]: Error executing task
java.util.concurrent.ExecutionException: java.lang.NullPointerException
	at java.util.concurrent.FutureTask.report(FutureTask.java:122) ~[?:1.8.0_51]
	at java.util.concurrent.FutureTask.get(FutureTask.java:192) ~[?:1.8.0_51]
	at net.minecraft.util.Util.func_181617_a(SourceFile:45) [g.class:?]
	at net.minecraft.client.Minecraft.func_71411_J(Minecraft.java:1014) [ave.class:?]
	at net.minecraft.client.Minecraft.func_99999_d(Minecraft.java:349) [ave.class:?]
	at net.minecraft.client.main.Main.main(SourceFile:124) [Main.class:?]
	at sun.reflect.NativeMethodAccessorImpl.invoke0(Native Method) ~[?:1.8.0_51]
	at sun.reflect.NativeMethodAccessorImpl.invoke(NativeMethodAccessorImpl.java:62) ~[?:1.8.0_51]
	at sun.reflect.DelegatingMethodAccessorImpl.invoke(DelegatingMethodAccessorImpl.java:43) ~[?:1.8.0_51]
	at java.lang.reflect.Method.invoke(Method.java:497) ~[?:1.8.0_51]
	at net.minecraft.launchwrapper.Launch.launch(Launch.java:135) [launchwrapper-1.12.jar:?]
	at net.minecraft.launchwrapper.Launch.main(Launch.java:28) [launchwrapper-1.12.jar:?]
Caused by: java.lang.NullPointerException
	at net.minecraft.network.play.server.S0FPacketSpawnMob.func_149027_c(SourceFile:114) ~[fn.class:?]
	at net.minecraft.client.network.NetHandlerPlayClient.func_147281_a(NetHandlerPlayClient.java:840) ~[bcy.class:?]
	at net.minecraft.network.play.server.S0FPacketSpawnMob.func_148833_a(SourceFile:109) ~[fn.class:?]
	at net.minecraft.network.play.server.S0FPacketSpawnMob.func_148833_a(SourceFile:15) ~[fn.class:?]
	at net.minecraft.network.PacketThreadUtil$1.run(SourceFile:13) ~[fh$1.class:?]
	at java.util.concurrent.Executors$RunnableAdapter.call(Executors.java:511) ~[?:1.8.0_51]
	at java.util.concurrent.FutureTask.run(FutureTask.java:266) ~[?:1.8.0_51]
	at net.minecraft.util.Util.func_181617_a(SourceFile:44) ~[g.class:?]
	... 9 more
[17:27:08] [Client thread/INFO]: [CHAT] 
[?] §7Joueur VGL1710 - Informations

 ? Compté vérifié: Oui
 ? Temps de jeu: 9h [?]
 ? Joueurs qui l'ont blocklist: 0
 ? Bannissements(s) reçu(s): 0

 ? CASIER ?
[17:27:09] [Client thread/INFO]: [CHAT] [?] VGL1710 a été ajouté à la whitelist !
[17:27:10] [Client thread/INFO]: [CHAT] [»] VGL1710 (15/29)
[17:27:18] [Client thread/INFO]: [CHAT] mayorie ? » non c bon tkt
[17:27:19] [Client thread/INFO]: [CHAT] [«] ThorEnTMAX (14/29)
[17:27:19] [Client thread/INFO]: [CHAT] Justxijio » yen a deja un
[17:27:21] [Client thread/INFO]: [CHAT] ReyZohh » merde j'avasi pas vu yen avais deja un XDDDDD
[17:27:40] [Client thread/INFO]: [CHAT] 
[?] §7Joueur MewGame - Informations

 ? Compté vérifié: Oui
 ? Temps de jeu: 79h [?]
 ? Joueurs qui l'ont blocklist: 0
 ? Bannissements(s) reçu(s): 1 [?]

 ? CASIER ?
[17:27:42] [Client thread/INFO]: [CHAT] [?] MewGame a été ajouté à la whitelist !
[17:27:42] [Client thread/INFO]: [CHAT] [»] MewGame (15/29)
[17:27:56] [Client thread/INFO]: [CHAT] Justxijio » tes un fou furieux$*
[17:28:12] [Client thread/INFO]: [CHAT] [CONFIG] Vous passez le statut du mode bypass à Activé.
[17:28:33] [Client thread/INFO]: [CHAT] Justxijio » ba oui
[17:28:42] [Client thread/INFO]: [CHAT] [CONFIG] Vous passez le statut du mode bypass à Désactivé.
[17:28:44] [Client thread/INFO]: [CHAT] 
[?] §7Joueur Most_Bloody - Informations

 ? Compté vérifié: Oui
 ? Temps de jeu: 2h [?]
 ? Joueurs qui l'ont blocklist: 0
 ? Bannissements(s) reçu(s): 0

 ? CASIER ?
[17:28:46] [Client thread/INFO]: [CHAT] [?] Most_Bloody a été ajouté à la whitelist !
[17:28:46] [Client thread/INFO]: [CHAT] [»] Most_Bloody (16/29)
[17:28:46] [Client thread/INFO]: [CHAT] [?] Merci d'attendre quelques instants avant de réutiliser la commande sur ce joueur !
[17:28:47] [Client thread/INFO]: [CHAT] 
[?] §7Joueur Zeypi_ - Informations

 ? Compté vérifié: Oui
 ? Temps de jeu: 14h [?]
 ? Joueurs qui l'ont blocklist: 0
 ? Bannissements(s) reçu(s): 0

 ? CASIER ?
[17:28:48] [Client thread/INFO]: [CHAT] [?] Zeypi_ a été ajouté à la whitelist !
[17:28:48] [Client thread/INFO]: [CHAT] [»] Zeypi_ (17/29)
[17:28:51] [Client thread/INFO]: [CHAT] [CONFIG] Vous passez le statut du mode bypass à Activé.
[17:29:12] [Client thread/INFO]: [CHAT] Justxijio » ...
[17:29:19] [Client thread/INFO]: [CHAT] Justxijio » je peux avoir une tp?
[17:29:22] [Client thread/INFO]: [CHAT] Justxijio » svp
[17:29:24] [Client thread/INFO]: [CHAT] Teleported Justxijio to mayorie
[17:29:30] [Client thread/INFO]: [CHAT] Justxijio » mercii
[17:30:19] [Client thread/INFO]: [CHAT] Most_Bloody » comment on vois n'autre role stp ?
[17:30:23] [Client thread/INFO]: [CHAT] Most_Bloody » dans la game
[17:30:27] [Client thread/INFO]: [CHAT] Fayazer » ./lg role
[17:30:30] [Client thread/INFO]: [CHAT] mayorie ? » ./lg role
[17:30:33] [Client thread/INFO]: [CHAT] Most_Bloody » merco
[17:30:37] [Client thread/INFO]: [CHAT] Most_Bloody » merci
[17:30:59] [Client thread/INFO]: [CHAT] [«] MewGame (16/29)
[17:31:08] [Client thread/INFO]: [CHAT] [CONFIG] Vous passez le statut du mode bypass à Désactivé.
[17:31:08] [Client thread/FATAL]: Error executing task
java.util.concurrent.ExecutionException: java.lang.NullPointerException
	at java.util.concurrent.FutureTask.report(FutureTask.java:122) ~[?:1.8.0_51]
	at java.util.concurrent.FutureTask.get(FutureTask.java:192) ~[?:1.8.0_51]
	at net.minecraft.util.Util.func_181617_a(SourceFile:45) [g.class:?]
	at net.minecraft.client.Minecraft.func_71411_J(Minecraft.java:1014) [ave.class:?]
	at net.minecraft.client.Minecraft.func_99999_d(Minecraft.java:349) [ave.class:?]
	at net.minecraft.client.main.Main.main(SourceFile:124) [Main.class:?]
	at sun.reflect.NativeMethodAccessorImpl.invoke0(Native Method) ~[?:1.8.0_51]
	at sun.reflect.NativeMethodAccessorImpl.invoke(NativeMethodAccessorImpl.java:62) ~[?:1.8.0_51]
	at sun.reflect.DelegatingMethodAccessorImpl.invoke(DelegatingMethodAccessorImpl.java:43) ~[?:1.8.0_51]
	at java.lang.reflect.Method.invoke(Method.java:497) ~[?:1.8.0_51]
	at net.minecraft.launchwrapper.Launch.launch(Launch.java:135) [launchwrapper-1.12.jar:?]
	at net.minecraft.launchwrapper.Launch.main(Launch.java:28) [launchwrapper-1.12.jar:?]
Caused by: java.lang.NullPointerException
	at net.minecraft.network.play.server.S0FPacketSpawnMob.func_149027_c(SourceFile:114) ~[fn.class:?]
	at net.minecraft.client.network.NetHandlerPlayClient.func_147281_a(NetHandlerPlayClient.java:840) ~[bcy.class:?]
	at net.minecraft.network.play.server.S0FPacketSpawnMob.func_148833_a(SourceFile:109) ~[fn.class:?]
	at net.minecraft.network.play.server.S0FPacketSpawnMob.func_148833_a(SourceFile:15) ~[fn.class:?]
	at net.minecraft.network.PacketThreadUtil$1.run(SourceFile:13) ~[fh$1.class:?]
	at java.util.concurrent.Executors$RunnableAdapter.call(Executors.java:511) ~[?:1.8.0_51]
	at java.util.concurrent.FutureTask.run(FutureTask.java:266) ~[?:1.8.0_51]
	at net.minecraft.util.Util.func_181617_a(SourceFile:44) ~[g.class:?]
	... 9 more
[17:31:11] [Client thread/INFO]: [CHAT] 
[?] §7Joueur Nox_Leloup - Informations

 ? Compté vérifié: Oui
 ? Temps de jeu: 51h [?]
 ? Joueurs qui l'ont blocklist: 0
 ? Bannissements(s) reçu(s): 0

 ? CASIER ?
[17:31:12] [Client thread/INFO]: [CHAT] [?] Nox_Leloup a été ajouté à la whitelist !
[17:31:12] [Client thread/INFO]: [CHAT] [»] Nox_Leloup (17/29)
[17:31:12] [Client thread/INFO]: [CHAT] [?] Merci d'attendre quelques instants avant de réutiliser la commande sur ce joueur !
[17:31:12] [Client thread/INFO]: [CHAT] [?] Merci d'attendre quelques instants avant de réutiliser la commande sur ce joueur !
[17:31:13] [Client thread/INFO]: [CHAT] [?] Merci d'attendre quelques instants avant de réutiliser la commande sur ce joueur !
[17:31:13] [Client thread/INFO]: [CHAT] [?] Merci d'attendre quelques instants avant de réutiliser la commande sur ce joueur !
[17:31:14] [Client thread/INFO]: [CHAT] [?] Merci d'attendre quelques instants avant de réutiliser la commande sur ce joueur !
[17:31:14] [Client thread/INFO]: [CHAT] 
[?] §7Joueur SoIo_Cr4zY - Informations

 ? Compté vérifié: Oui
 ? Temps de jeu: 1h [?]
 ? Joueurs qui l'ont blocklist: 0
 ? Bannissements(s) reçu(s): 0

 ? CASIER ?
[17:31:15] [Client thread/INFO]: [CHAT] [?] SoIo_Cr4zY a été ajouté à la whitelist !
[17:31:15] [Client thread/INFO]: [CHAT] [»] SoIo_Cr4zY (18/29)
[17:31:18] [Client thread/INFO]: [CHAT] [CONFIG] Vous passez le statut du mode bypass à Activé.
[17:31:34] [Client thread/INFO]: [CHAT] Wolfeur24 » ya des blocs invi ou c'est mob pack qui cache du verre ?
[17:31:47] [Client thread/INFO]: [CHAT] mayorie ? » oui
[17:31:47] [Client thread/INFO]: [CHAT] Justxijio » mod pack jpense
[17:32:03] [Client thread/INFO]: [CHAT] Wolfeur24 » ty
[17:32:11] [Client thread/INFO]: [CHAT] mayorie ? » pack de ressource aussi
[17:32:39] [Client thread/INFO]: [CHAT] [«] SoIo_Cr4zY (17/29)
[17:33:14] [Client thread/INFO]: [CHAT] Teleported Justxijio to mayorie
[17:33:24] [Client thread/INFO]: [CHAT] Teleported FlyseCestMoi to mayorie
[17:33:28] [Client thread/INFO]: [CHAT] [CONFIG] Vous passez le statut du mode bypass à Désactivé.
[17:33:28] [Client thread/FATAL]: Error executing task
java.util.concurrent.ExecutionException: java.lang.NullPointerException
	at java.util.concurrent.FutureTask.report(FutureTask.java:122) ~[?:1.8.0_51]
	at java.util.concurrent.FutureTask.get(FutureTask.java:192) ~[?:1.8.0_51]
	at net.minecraft.util.Util.func_181617_a(SourceFile:45) [g.class:?]
	at net.minecraft.client.Minecraft.func_71411_J(Minecraft.java:1014) [ave.class:?]
	at net.minecraft.client.Minecraft.func_99999_d(Minecraft.java:349) [ave.class:?]
	at net.minecraft.client.main.Main.main(SourceFile:124) [Main.class:?]
	at sun.reflect.NativeMethodAccessorImpl.invoke0(Native Method) ~[?:1.8.0_51]
	at sun.reflect.NativeMethodAccessorImpl.invoke(NativeMethodAccessorImpl.java:62) ~[?:1.8.0_51]
	at sun.reflect.DelegatingMethodAccessorImpl.invoke(DelegatingMethodAccessorImpl.java:43) ~[?:1.8.0_51]
	at java.lang.reflect.Method.invoke(Method.java:497) ~[?:1.8.0_51]
	at net.minecraft.launchwrapper.Launch.launch(Launch.java:135) [launchwrapper-1.12.jar:?]
	at net.minecraft.launchwrapper.Launch.main(Launch.java:28) [launchwrapper-1.12.jar:?]
Caused by: java.lang.NullPointerException
	at net.minecraft.network.play.server.S0FPacketSpawnMob.func_149027_c(SourceFile:114) ~[fn.class:?]
	at net.minecraft.client.network.NetHandlerPlayClient.func_147281_a(NetHandlerPlayClient.java:840) ~[bcy.class:?]
	at net.minecraft.network.play.server.S0FPacketSpawnMob.func_148833_a(SourceFile:109) ~[fn.class:?]
	at net.minecraft.network.play.server.S0FPacketSpawnMob.func_148833_a(SourceFile:15) ~[fn.class:?]
	at net.minecraft.network.PacketThreadUtil$1.run(SourceFile:13) ~[fh$1.class:?]
	at java.util.concurrent.Executors$RunnableAdapter.call(Executors.java:511) ~[?:1.8.0_51]
	at java.util.concurrent.FutureTask.run(FutureTask.java:266) ~[?:1.8.0_51]
	at net.minecraft.util.Util.func_181617_a(SourceFile:44) ~[g.class:?]
	... 9 more
[17:33:30] [Client thread/INFO]: [CHAT] 
[?] §7Joueur SamaGoz - Informations

 ? Compté vérifié: Oui
 ? Temps de jeu: 167h [?]
 ? Joueurs qui l'ont blocklist: 1
 ? Bannissements(s) reçu(s): 2 [?]

 ? CASIER ?
[17:33:31] [Client thread/INFO]: [CHAT] [?] SamaGoz a été ajouté à la whitelist !
[17:33:32] [Client thread/INFO]: [CHAT] [?] Merci d'attendre quelques instants avant de réutiliser la commande sur ce joueur !
[17:33:32] [Client thread/INFO]: [CHAT] [?] Merci d'attendre quelques instants avant de réutiliser la commande sur ce joueur !
[17:33:32] [Client thread/INFO]: [CHAT] [?] Merci d'attendre quelques instants avant de réutiliser la commande sur ce joueur !
[17:33:33] [Client thread/INFO]: [CHAT] [?] Merci d'attendre quelques instants avant de réutiliser la commande sur ce joueur !
[17:33:33] [Client thread/INFO]: [CHAT] 
[?] §7Joueur Badmosss - Informations

 ? Compté vérifié: Oui
 ? Temps de jeu: 28h [?]
 ? Joueurs qui l'ont blocklist: 2
 ? Bannissements(s) reçu(s): 0

 ? CASIER ?
[17:33:34] [Client thread/INFO]: [CHAT] [?] Badmosss a été ajouté à la whitelist !
[17:33:34] [Client thread/INFO]: [CHAT] [»] Badmosss (18/29)
[17:33:36] [Client thread/INFO]: [CHAT] [?] Merci d'attendre quelques instants avant de réutiliser la commande sur ce joueur !
[17:33:37] [Client thread/INFO]: [CHAT] 
[?] §7Joueur Taiko___ - Informations

 ? Compté vérifié: Oui
 ? Temps de jeu: 408h [?]
 ? Joueurs qui l'ont blocklist: 5
 ? Bannissements(s) reçu(s): 0

 ? CASIER ?
[17:33:38] [Client thread/INFO]: [CHAT] [?] Taiko___ a été ajouté à la whitelist !
[17:33:38] [Client thread/INFO]: [CHAT] [»] Taiko___ (19/29)
[17:33:38] [Client thread/FATAL]: Error executing task
java.util.concurrent.ExecutionException: java.lang.NullPointerException
	at java.util.concurrent.FutureTask.report(FutureTask.java:122) ~[?:1.8.0_51]
	at java.util.concurrent.FutureTask.get(FutureTask.java:192) ~[?:1.8.0_51]
	at net.minecraft.util.Util.func_181617_a(SourceFile:45) [g.class:?]
	at net.minecraft.client.Minecraft.func_71411_J(Minecraft.java:1014) [ave.class:?]
	at net.minecraft.client.Minecraft.func_99999_d(Minecraft.java:349) [ave.class:?]
	at net.minecraft.client.main.Main.main(SourceFile:124) [Main.class:?]
	at sun.reflect.NativeMethodAccessorImpl.invoke0(Native Method) ~[?:1.8.0_51]
	at sun.reflect.NativeMethodAccessorImpl.invoke(NativeMethodAccessorImpl.java:62) ~[?:1.8.0_51]
	at sun.reflect.DelegatingMethodAccessorImpl.invoke(DelegatingMethodAccessorImpl.java:43) ~[?:1.8.0_51]
	at java.lang.reflect.Method.invoke(Method.java:497) ~[?:1.8.0_51]
	at net.minecraft.launchwrapper.Launch.launch(Launch.java:135) [launchwrapper-1.12.jar:?]
	at net.minecraft.launchwrapper.Launch.main(Launch.java:28) [launchwrapper-1.12.jar:?]
Caused by: java.lang.NullPointerException
	at net.minecraft.network.play.server.S0FPacketSpawnMob.func_149027_c(SourceFile:114) ~[fn.class:?]
	at net.minecraft.client.network.NetHandlerPlayClient.func_147281_a(NetHandlerPlayClient.java:840) ~[bcy.class:?]
	at net.minecraft.network.play.server.S0FPacketSpawnMob.func_148833_a(SourceFile:109) ~[fn.class:?]
	at net.minecraft.network.play.server.S0FPacketSpawnMob.func_148833_a(SourceFile:15) ~[fn.class:?]
	at net.minecraft.network.PacketThreadUtil$1.run(SourceFile:13) ~[fh$1.class:?]
	at java.util.concurrent.Executors$RunnableAdapter.call(Executors.java:511) ~[?:1.8.0_51]
	at java.util.concurrent.FutureTask.run(FutureTask.java:266) ~[?:1.8.0_51]
	at net.minecraft.util.Util.func_181617_a(SourceFile:44) ~[g.class:?]
	... 9 more
[17:33:42] [Client thread/INFO]: [CHAT] [CONFIG] Vous passez le statut du mode bypass à Activé.
[17:33:59] [Client thread/INFO]: [CHAT] [CONFIG] Vous passez le statut du mode bypass à Désactivé.
[17:33:59] [Client thread/FATAL]: Error executing task
java.util.concurrent.ExecutionException: java.lang.NullPointerException
	at java.util.concurrent.FutureTask.report(FutureTask.java:122) ~[?:1.8.0_51]
	at java.util.concurrent.FutureTask.get(FutureTask.java:192) ~[?:1.8.0_51]
	at net.minecraft.util.Util.func_181617_a(SourceFile:45) [g.class:?]
	at net.minecraft.client.Minecraft.func_71411_J(Minecraft.java:1014) [ave.class:?]
	at net.minecraft.client.Minecraft.func_99999_d(Minecraft.java:349) [ave.class:?]
	at net.minecraft.client.main.Main.main(SourceFile:124) [Main.class:?]
	at sun.reflect.NativeMethodAccessorImpl.invoke0(Native Method) ~[?:1.8.0_51]
	at sun.reflect.NativeMethodAccessorImpl.invoke(NativeMethodAccessorImpl.java:62) ~[?:1.8.0_51]
	at sun.reflect.DelegatingMethodAccessorImpl.invoke(DelegatingMethodAccessorImpl.java:43) ~[?:1.8.0_51]
	at java.lang.reflect.Method.invoke(Method.java:497) ~[?:1.8.0_51]
	at net.minecraft.launchwrapper.Launch.launch(Launch.java:135) [launchwrapper-1.12.jar:?]
	at net.minecraft.launchwrapper.Launch.main(Launch.java:28) [launchwrapper-1.12.jar:?]
Caused by: java.lang.NullPointerException
	at net.minecraft.network.play.server.S0FPacketSpawnMob.func_149027_c(SourceFile:114) ~[fn.class:?]
	at net.minecraft.client.network.NetHandlerPlayClient.func_147281_a(NetHandlerPlayClient.java:840) ~[bcy.class:?]
	at net.minecraft.network.play.server.S0FPacketSpawnMob.func_148833_a(SourceFile:109) ~[fn.class:?]
	at net.minecraft.network.play.server.S0FPacketSpawnMob.func_148833_a(SourceFile:15) ~[fn.class:?]
	at net.minecraft.network.PacketThreadUtil$1.run(SourceFile:13) ~[fh$1.class:?]
	at java.util.concurrent.Executors$RunnableAdapter.call(Executors.java:511) ~[?:1.8.0_51]
	at java.util.concurrent.FutureTask.run(FutureTask.java:266) ~[?:1.8.0_51]
	at net.minecraft.util.Util.func_181617_a(SourceFile:44) ~[g.class:?]
	... 9 more
[17:33:59] [Client thread/FATAL]: Error executing task
java.util.concurrent.ExecutionException: java.lang.NullPointerException
	at java.util.concurrent.FutureTask.report(FutureTask.java:122) ~[?:1.8.0_51]
	at java.util.concurrent.FutureTask.get(FutureTask.java:192) ~[?:1.8.0_51]
	at net.minecraft.util.Util.func_181617_a(SourceFile:45) [g.class:?]
	at net.minecraft.client.Minecraft.func_71411_J(Minecraft.java:1014) [ave.class:?]
	at net.minecraft.client.Minecraft.func_99999_d(Minecraft.java:349) [ave.class:?]
	at net.minecraft.client.main.Main.main(SourceFile:124) [Main.class:?]
	at sun.reflect.NativeMethodAccessorImpl.invoke0(Native Method) ~[?:1.8.0_51]
	at sun.reflect.NativeMethodAccessorImpl.invoke(NativeMethodAccessorImpl.java:62) ~[?:1.8.0_51]
	at sun.reflect.DelegatingMethodAccessorImpl.invoke(DelegatingMethodAccessorImpl.java:43) ~[?:1.8.0_51]
	at java.lang.reflect.Method.invoke(Method.java:497) ~[?:1.8.0_51]
	at net.minecraft.launchwrapper.Launch.launch(Launch.java:135) [launchwrapper-1.12.jar:?]
	at net.minecraft.launchwrapper.Launch.main(Launch.java:28) [launchwrapper-1.12.jar:?]
Caused by: java.lang.NullPointerException
	at net.minecraft.network.play.server.S0FPacketSpawnMob.func_149027_c(SourceFile:114) ~[fn.class:?]
	at net.minecraft.client.network.NetHandlerPlayClient.func_147281_a(NetHandlerPlayClient.java:840) ~[bcy.class:?]
	at net.minecraft.network.play.server.S0FPacketSpawnMob.func_148833_a(SourceFile:109) ~[fn.class:?]
	at net.minecraft.network.play.server.S0FPacketSpawnMob.func_148833_a(SourceFile:15) ~[fn.class:?]
	at net.minecraft.network.PacketThreadUtil$1.run(SourceFile:13) ~[fh$1.class:?]
	at java.util.concurrent.Executors$RunnableAdapter.call(Executors.java:511) ~[?:1.8.0_51]
	at java.util.concurrent.FutureTask.run(FutureTask.java:266) ~[?:1.8.0_51]
	at net.minecraft.util.Util.func_181617_a(SourceFile:44) ~[g.class:?]
	... 9 more
[17:34:01] [Client thread/INFO]: [CHAT] 
[?] §7Joueur Merlinchopp - Informations

 ? Compté vérifié: Oui
 ? Temps de jeu: 356h [?]
 ? Joueurs qui l'ont blocklist: 109
 ? Bannissements(s) reçu(s): 0

 ? CASIER ?
[17:34:02] [Client thread/INFO]: [CHAT] [?] Vous avez refusé la demande de Merlinchopp.
[17:34:04] [Client thread/INFO]: [CHAT] [?] Merci d'attendre quelques instants avant de réutiliser la commande sur ce joueur !
[17:34:04] [Client thread/INFO]: [CHAT] 
[?] §7Joueur Kitsuney_01 - Informations

 ? Compté vérifié: Oui
 ? Temps de jeu: 7h [?]
 ? Joueurs qui l'ont blocklist: 0
 ? Bannissements(s) reçu(s): 0

 ? CASIER ?
[17:34:06] [Client thread/INFO]: [CHAT] [?] Kitsuney_01 a été ajouté à la whitelist !
[17:34:06] [Client thread/INFO]: [CHAT] [»] Kitsuney_01 (20/29)
[17:34:17] [Client thread/INFO]: [CHAT] [CONFIG] Vous passez le statut du mode bypass à Activé.
[17:34:26] [Client thread/INFO]: [CHAT] [CONFIG] Vous passez le statut du mode bypass à Désactivé.
[17:34:27] [Client thread/FATAL]: Error executing task
java.util.concurrent.ExecutionException: java.lang.NullPointerException
	at java.util.concurrent.FutureTask.report(FutureTask.java:122) ~[?:1.8.0_51]
	at java.util.concurrent.FutureTask.get(FutureTask.java:192) ~[?:1.8.0_51]
	at net.minecraft.util.Util.func_181617_a(SourceFile:45) [g.class:?]
	at net.minecraft.client.Minecraft.func_71411_J(Minecraft.java:1014) [ave.class:?]
	at net.minecraft.client.Minecraft.func_99999_d(Minecraft.java:349) [ave.class:?]
	at net.minecraft.client.main.Main.main(SourceFile:124) [Main.class:?]
	at sun.reflect.NativeMethodAccessorImpl.invoke0(Native Method) ~[?:1.8.0_51]
	at sun.reflect.NativeMethodAccessorImpl.invoke(NativeMethodAccessorImpl.java:62) ~[?:1.8.0_51]
	at sun.reflect.DelegatingMethodAccessorImpl.invoke(DelegatingMethodAccessorImpl.java:43) ~[?:1.8.0_51]
	at java.lang.reflect.Method.invoke(Method.java:497) ~[?:1.8.0_51]
	at net.minecraft.launchwrapper.Launch.launch(Launch.java:135) [launchwrapper-1.12.jar:?]
	at net.minecraft.launchwrapper.Launch.main(Launch.java:28) [launchwrapper-1.12.jar:?]
Caused by: java.lang.NullPointerException
	at net.minecraft.network.play.server.S0FPacketSpawnMob.func_149027_c(SourceFile:114) ~[fn.class:?]
	at net.minecraft.client.network.NetHandlerPlayClient.func_147281_a(NetHandlerPlayClient.java:840) ~[bcy.class:?]
	at net.minecraft.network.play.server.S0FPacketSpawnMob.func_148833_a(SourceFile:109) ~[fn.class:?]
	at net.minecraft.network.play.server.S0FPacketSpawnMob.func_148833_a(SourceFile:15) ~[fn.class:?]
	at net.minecraft.network.PacketThreadUtil$1.run(SourceFile:13) ~[fh$1.class:?]
	at java.util.concurrent.Executors$RunnableAdapter.call(Executors.java:511) ~[?:1.8.0_51]
	at java.util.concurrent.FutureTask.run(FutureTask.java:266) ~[?:1.8.0_51]
	at net.minecraft.util.Util.func_181617_a(SourceFile:44) ~[g.class:?]
	... 9 more
[17:34:27] [Client thread/FATAL]: Error executing task
java.util.concurrent.ExecutionException: java.lang.NullPointerException
	at java.util.concurrent.FutureTask.report(FutureTask.java:122) ~[?:1.8.0_51]
	at java.util.concurrent.FutureTask.get(FutureTask.java:192) ~[?:1.8.0_51]
	at net.minecraft.util.Util.func_181617_a(SourceFile:45) [g.class:?]
	at net.minecraft.client.Minecraft.func_71411_J(Minecraft.java:1014) [ave.class:?]
	at net.minecraft.client.Minecraft.func_99999_d(Minecraft.java:349) [ave.class:?]
	at net.minecraft.client.main.Main.main(SourceFile:124) [Main.class:?]
	at sun.reflect.NativeMethodAccessorImpl.invoke0(Native Method) ~[?:1.8.0_51]
	at sun.reflect.NativeMethodAccessorImpl.invoke(NativeMethodAccessorImpl.java:62) ~[?:1.8.0_51]
	at sun.reflect.DelegatingMethodAccessorImpl.invoke(DelegatingMethodAccessorImpl.java:43) ~[?:1.8.0_51]
	at java.lang.reflect.Method.invoke(Method.java:497) ~[?:1.8.0_51]
	at net.minecraft.launchwrapper.Launch.launch(Launch.java:135) [launchwrapper-1.12.jar:?]
	at net.minecraft.launchwrapper.Launch.main(Launch.java:28) [launchwrapper-1.12.jar:?]
Caused by: java.lang.NullPointerException
	at net.minecraft.network.play.server.S0FPacketSpawnMob.func_149027_c(SourceFile:114) ~[fn.class:?]
	at net.minecraft.client.network.NetHandlerPlayClient.func_147281_a(NetHandlerPlayClient.java:840) ~[bcy.class:?]
	at net.minecraft.network.play.server.S0FPacketSpawnMob.func_148833_a(SourceFile:109) ~[fn.class:?]
	at net.minecraft.network.play.server.S0FPacketSpawnMob.func_148833_a(SourceFile:15) ~[fn.class:?]
	at net.minecraft.network.PacketThreadUtil$1.run(SourceFile:13) ~[fh$1.class:?]
	at java.util.concurrent.Executors$RunnableAdapter.call(Executors.java:511) ~[?:1.8.0_51]
	at java.util.concurrent.FutureTask.run(FutureTask.java:266) ~[?:1.8.0_51]
	at net.minecraft.util.Util.func_181617_a(SourceFile:44) ~[g.class:?]
	... 9 more
[17:34:28] [Client thread/INFO]: [CHAT] 
[?] §bEmpereur LucasNAVI - Informations

 ? Compté vérifié: Oui
 ? Temps de jeu: 254h [?]
 ? Joueurs qui l'ont blocklist: 18
 ? Bannissements(s) reçu(s): 1 [?]

 ? CASIER ?
[17:34:29] [Client thread/INFO]: [CHAT] [?] LucasNAVI a été ajouté à la whitelist !
[17:34:29] [Client thread/INFO]: [CHAT] [»] LucasNAVI (21/29)
[17:34:30] [Client thread/INFO]: [CHAT] [?] Merci d'attendre quelques instants avant de réutiliser la commande sur ce joueur !
[17:34:31] [Client thread/INFO]: [CHAT] [?] Merci d'attendre quelques instants avant de réutiliser la commande sur ce joueur !
[17:34:31] [Client thread/INFO]: [CHAT] 
[?] §7Joueur ImSmarterThanYou - Informations

 ? Compté vérifié: Oui
 ? Temps de jeu: 88h [?]
 ? Joueurs qui l'ont blocklist: 3
 ? Bannissements(s) reçu(s): 0

 ? CASIER ?
[17:34:32] [Client thread/INFO]: [CHAT] [?] ImSmarterThanYou a été ajouté à la whitelist !
[17:34:33] [Client thread/INFO]: [CHAT] [»] ImSmarterThanYou (22/29)
[17:34:35] [Client thread/INFO]: [CHAT] [CONFIG] Vous passez le statut du mode bypass à Activé.
[17:35:14] [Client thread/INFO]: [CHAT] [CONFIG] Vous passez le statut du mode bypass à Désactivé.
[17:35:14] [Client thread/FATAL]: Error executing task
java.util.concurrent.ExecutionException: java.lang.NullPointerException
	at java.util.concurrent.FutureTask.report(FutureTask.java:122) ~[?:1.8.0_51]
	at java.util.concurrent.FutureTask.get(FutureTask.java:192) ~[?:1.8.0_51]
	at net.minecraft.util.Util.func_181617_a(SourceFile:45) [g.class:?]
	at net.minecraft.client.Minecraft.func_71411_J(Minecraft.java:1014) [ave.class:?]
	at net.minecraft.client.Minecraft.func_99999_d(Minecraft.java:349) [ave.class:?]
	at net.minecraft.client.main.Main.main(SourceFile:124) [Main.class:?]
	at sun.reflect.NativeMethodAccessorImpl.invoke0(Native Method) ~[?:1.8.0_51]
	at sun.reflect.NativeMethodAccessorImpl.invoke(NativeMethodAccessorImpl.java:62) ~[?:1.8.0_51]
	at sun.reflect.DelegatingMethodAccessorImpl.invoke(DelegatingMethodAccessorImpl.java:43) ~[?:1.8.0_51]
	at java.lang.reflect.Method.invoke(Method.java:497) ~[?:1.8.0_51]
	at net.minecraft.launchwrapper.Launch.launch(Launch.java:135) [launchwrapper-1.12.jar:?]
	at net.minecraft.launchwrapper.Launch.main(Launch.java:28) [launchwrapper-1.12.jar:?]
Caused by: java.lang.NullPointerException
	at net.minecraft.network.play.server.S0FPacketSpawnMob.func_149027_c(SourceFile:114) ~[fn.class:?]
	at net.minecraft.client.network.NetHandlerPlayClient.func_147281_a(NetHandlerPlayClient.java:840) ~[bcy.class:?]
	at net.minecraft.network.play.server.S0FPacketSpawnMob.func_148833_a(SourceFile:109) ~[fn.class:?]
	at net.minecraft.network.play.server.S0FPacketSpawnMob.func_148833_a(SourceFile:15) ~[fn.class:?]
	at net.minecraft.network.PacketThreadUtil$1.run(SourceFile:13) ~[fh$1.class:?]
	at java.util.concurrent.Executors$RunnableAdapter.call(Executors.java:511) ~[?:1.8.0_51]
	at java.util.concurrent.FutureTask.run(FutureTask.java:266) ~[?:1.8.0_51]
	at net.minecraft.util.Util.func_181617_a(SourceFile:44) ~[g.class:?]
	... 9 more
[17:35:14] [Client thread/FATAL]: Error executing task
java.util.concurrent.ExecutionException: java.lang.NullPointerException
	at java.util.concurrent.FutureTask.report(FutureTask.java:122) ~[?:1.8.0_51]
	at java.util.concurrent.FutureTask.get(FutureTask.java:192) ~[?:1.8.0_51]
	at net.minecraft.util.Util.func_181617_a(SourceFile:45) [g.class:?]
	at net.minecraft.client.Minecraft.func_71411_J(Minecraft.java:1014) [ave.class:?]
	at net.minecraft.client.Minecraft.func_99999_d(Minecraft.java:349) [ave.class:?]
	at net.minecraft.client.main.Main.main(SourceFile:124) [Main.class:?]
	at sun.reflect.NativeMethodAccessorImpl.invoke0(Native Method) ~[?:1.8.0_51]
	at sun.reflect.NativeMethodAccessorImpl.invoke(NativeMethodAccessorImpl.java:62) ~[?:1.8.0_51]
	at sun.reflect.DelegatingMethodAccessorImpl.invoke(DelegatingMethodAccessorImpl.java:43) ~[?:1.8.0_51]
	at java.lang.reflect.Method.invoke(Method.java:497) ~[?:1.8.0_51]
	at net.minecraft.launchwrapper.Launch.launch(Launch.java:135) [launchwrapper-1.12.jar:?]
	at net.minecraft.launchwrapper.Launch.main(Launch.java:28) [launchwrapper-1.12.jar:?]
Caused by: java.lang.NullPointerException
	at net.minecraft.network.play.server.S0FPacketSpawnMob.func_149027_c(SourceFile:114) ~[fn.class:?]
	at net.minecraft.client.network.NetHandlerPlayClient.func_147281_a(NetHandlerPlayClient.java:840) ~[bcy.class:?]
	at net.minecraft.network.play.server.S0FPacketSpawnMob.func_148833_a(SourceFile:109) ~[fn.class:?]
	at net.minecraft.network.play.server.S0FPacketSpawnMob.func_148833_a(SourceFile:15) ~[fn.class:?]
	at net.minecraft.network.PacketThreadUtil$1.run(SourceFile:13) ~[fh$1.class:?]
	at java.util.concurrent.Executors$RunnableAdapter.call(Executors.java:511) ~[?:1.8.0_51]
	at java.util.concurrent.FutureTask.run(FutureTask.java:266) ~[?:1.8.0_51]
	at net.minecraft.util.Util.func_181617_a(SourceFile:44) ~[g.class:?]
	... 9 more
[17:35:17] [Client thread/INFO]: [CHAT] 
[?] §7Joueur lolo_hydra - Informations

 ? Compté vérifié: Oui
 ? Temps de jeu: 297h [?]
 ? Joueurs qui l'ont blocklist: 1
 ? Bannissements(s) reçu(s): 0

 ? CASIER ?
[17:35:17] [Client thread/INFO]: [CHAT] [?] lolo_hydra a été ajouté à la whitelist !
[17:35:18] [Client thread/INFO]: [CHAT] [»] lolo_hydra (23/29)
[17:35:18] [Client thread/INFO]: [CHAT] [?] Merci d'attendre quelques instants avant de réutiliser la commande sur ce joueur !
[17:35:18] [Client thread/INFO]: [CHAT] [?] Merci d'attendre quelques instants avant de réutiliser la commande sur ce joueur !
[17:35:19] [Client thread/INFO]: [CHAT] [?] Merci d'attendre quelques instants avant de réutiliser la commande sur ce joueur !
[17:35:19] [Client thread/INFO]: [CHAT] [?] Merci d'attendre quelques instants avant de réutiliser la commande sur ce joueur !
[17:35:19] [Client thread/INFO]: [CHAT] [?] Merci d'attendre quelques instants avant de réutiliser la commande sur ce joueur !
[17:35:20] [Client thread/INFO]: [CHAT] 
[?] §7Joueur Kesox_In_FranxX - Informations

 ? Compté vérifié: Oui
 ? Temps de jeu: 591h [?]
 ? Joueurs qui l'ont blocklist: 12
 ? Bannissements(s) reçu(s): 0

 ? CASIER ?
[17:35:20] [Client thread/INFO]: [CHAT] [?] Merci d'attendre quelques instants avant de réutiliser la commande sur ce joueur !
[17:35:21] [Client thread/INFO]: [CHAT] [?] Kesox_In_FranxX a été ajouté à la whitelist !
[17:35:22] [Client thread/INFO]: [CHAT] [?] Merci d'attendre quelques instants avant de réutiliser la commande sur ce joueur !
[17:35:22] [Client thread/INFO]: [CHAT] [?] Merci d'attendre quelques instants avant de réutiliser la commande sur ce joueur !
[17:35:22] [Client thread/INFO]: [CHAT] [?] Merci d'attendre quelques instants avant de réutiliser la commande sur ce joueur !
[17:35:22] [Client thread/INFO]: [CHAT] [?] Merci d'attendre quelques instants avant de réutiliser la commande sur ce joueur !
[17:35:23] [Client thread/INFO]: [CHAT] [?] Merci d'attendre quelques instants avant de réutiliser la commande sur ce joueur !
[17:35:23] [Client thread/INFO]: [CHAT] 
[?] §7Joueur Kioua - Informations

 ? Compté vérifié: Oui
 ? Temps de jeu: 771h [?]
 ? Joueurs qui l'ont blocklist: 8
 ? Bannissements(s) reçu(s): 3 [?]

 ? CASIER ?
[17:35:23] [Client thread/INFO]: [CHAT] [?] Merci d'attendre quelques instants avant de réutiliser la commande sur ce joueur !
[17:35:26] [Client thread/INFO]: [CHAT] [?] Kioua a été ajouté à la whitelist !
[17:35:26] [Client thread/INFO]: [CHAT] [»] Kioua (24/29)
[17:35:27] [Client thread/INFO]: [CHAT] 
[?] §7Joueur LoeEnVrai - Informations

 ? Compté vérifié: Oui
 ? Temps de jeu: 934h [?]
 ? Joueurs qui l'ont blocklist: 16
 ? Bannissements(s) reçu(s): 0

 ? CASIER ?
[17:35:27] [Client thread/INFO]: [CHAT] [?] Merci d'attendre quelques instants avant de réutiliser la commande sur ce joueur !
[17:35:27] [Client thread/INFO]: [CHAT] [?] Merci d'attendre quelques instants avant de réutiliser la commande sur ce joueur !
[17:35:27] [Client thread/INFO]: [CHAT] [?] Merci d'attendre quelques instants avant de réutiliser la commande sur ce joueur !
[17:35:28] [Client thread/INFO]: [CHAT] [?] Merci d'attendre quelques instants avant de réutiliser la commande sur ce joueur !
[17:35:28] [Client thread/INFO]: [CHAT] [?] Merci d'attendre quelques instants avant de réutiliser la commande sur ce joueur !
[17:35:28] [Client thread/INFO]: [CHAT] [?] Merci d'attendre quelques instants avant de réutiliser la commande sur ce joueur !
[17:35:28] [Client thread/INFO]: [CHAT] [?] Merci d'attendre quelques instants avant de réutiliser la commande sur ce joueur !
[17:35:29] [Client thread/INFO]: [CHAT] [?] Merci d'attendre quelques instants avant de réutiliser la commande sur ce joueur !
[17:35:29] [Client thread/INFO]: [CHAT] [?] Merci d'attendre quelques instants avant de réutiliser la commande sur ce joueur !
[17:35:30] [Client thread/INFO]: [CHAT] 
[?] §7Joueur LoeEnVrai - Informations

 ? Compté vérifié: Oui
 ? Temps de jeu: 934h [?]
 ? Joueurs qui l'ont blocklist: 16
 ? Bannissements(s) reçu(s): 0

 ? CASIER ?
[17:35:31] [Client thread/INFO]: [CHAT] [?] LoeEnVrai a été ajouté à la whitelist !
[17:35:32] [Client thread/INFO]: [CHAT] [»] LoeEnVrai (25/29)
[17:35:32] [Client thread/FATAL]: Error executing task
java.util.concurrent.ExecutionException: java.lang.NullPointerException
	at java.util.concurrent.FutureTask.report(FutureTask.java:122) ~[?:1.8.0_51]
	at java.util.concurrent.FutureTask.get(FutureTask.java:192) ~[?:1.8.0_51]
	at net.minecraft.util.Util.func_181617_a(SourceFile:45) [g.class:?]
	at net.minecraft.client.Minecraft.func_71411_J(Minecraft.java:1014) [ave.class:?]
	at net.minecraft.client.Minecraft.func_99999_d(Minecraft.java:349) [ave.class:?]
	at net.minecraft.client.main.Main.main(SourceFile:124) [Main.class:?]
	at sun.reflect.NativeMethodAccessorImpl.invoke0(Native Method) ~[?:1.8.0_51]
	at sun.reflect.NativeMethodAccessorImpl.invoke(NativeMethodAccessorImpl.java:62) ~[?:1.8.0_51]
	at sun.reflect.DelegatingMethodAccessorImpl.invoke(DelegatingMethodAccessorImpl.java:43) ~[?:1.8.0_51]
	at java.lang.reflect.Method.invoke(Method.java:497) ~[?:1.8.0_51]
	at net.minecraft.launchwrapper.Launch.launch(Launch.java:135) [launchwrapper-1.12.jar:?]
	at net.minecraft.launchwrapper.Launch.main(Launch.java:28) [launchwrapper-1.12.jar:?]
Caused by: java.lang.NullPointerException
	at net.minecraft.network.play.server.S0FPacketSpawnMob.func_149027_c(SourceFile:114) ~[fn.class:?]
	at net.minecraft.client.network.NetHandlerPlayClient.func_147281_a(NetHandlerPlayClient.java:840) ~[bcy.class:?]
	at net.minecraft.network.play.server.S0FPacketSpawnMob.func_148833_a(SourceFile:109) ~[fn.class:?]
	at net.minecraft.network.play.server.S0FPacketSpawnMob.func_148833_a(SourceFile:15) ~[fn.class:?]
	at net.minecraft.network.PacketThreadUtil$1.run(SourceFile:13) ~[fh$1.class:?]
	at java.util.concurrent.Executors$RunnableAdapter.call(Executors.java:511) ~[?:1.8.0_51]
	at java.util.concurrent.FutureTask.run(FutureTask.java:266) ~[?:1.8.0_51]
	at net.minecraft.util.Util.func_181617_a(SourceFile:44) ~[g.class:?]
	... 9 more
[17:35:33] [Client thread/INFO]: [CHAT] [?] Merci d'attendre quelques instants avant de réutiliser la commande sur ce joueur !
[17:35:33] [Client thread/INFO]: [CHAT] 
[?] §7Joueur kaizuu_ - Informations

 ? Compté vérifié: Oui
 ? Temps de jeu: 1093h [?]
 ? Joueurs qui l'ont blocklist: 27
 ? Bannissements(s) reçu(s): 1 [?]

 ? CASIER ?
[17:35:33] [Client thread/INFO]: [CHAT] [?] Merci d'attendre quelques instants avant de réutiliser la commande sur ce joueur !
[17:35:36] [Client thread/INFO]: [CHAT] [?] Vous avez refusé la demande de kaizuu_.
[17:35:36] [Client thread/INFO]: [CHAT] 
[?] §7Joueur Vei_1 - Informations

 ? Compté vérifié: Oui
 ? Temps de jeu: 158h [?]
 ? Joueurs qui l'ont blocklist: 0
 ? Bannissements(s) reçu(s): 0

 ? CASIER ?
[17:35:36] [Client thread/INFO]: [CHAT] [?] Merci d'attendre quelques instants avant de réutiliser la commande sur ce joueur !
[17:35:37] [Client thread/INFO]: [CHAT] [?] Merci d'attendre quelques instants avant de réutiliser la commande sur ce joueur !
[17:35:37] [Client thread/INFO]: [CHAT] [?] Merci d'attendre quelques instants avant de réutiliser la commande sur ce joueur !
[17:35:38] [Client thread/INFO]: [CHAT] [?] Merci d'attendre quelques instants avant de réutiliser la commande sur ce joueur !
[17:35:38] [Client thread/INFO]: [CHAT] [?] Merci d'attendre quelques instants avant de réutiliser la commande sur ce joueur !
[17:35:38] [Client thread/INFO]: [CHAT] [?] Merci d'attendre quelques instants avant de réutiliser la commande sur ce joueur !
[17:35:38] [Client thread/INFO]: [CHAT] [?] Merci d'attendre quelques instants avant de réutiliser la commande sur ce joueur !
[17:35:39] [Client thread/INFO]: [CHAT] [?] Merci d'attendre quelques instants avant de réutiliser la commande sur ce joueur !
[17:35:39] [Client thread/INFO]: [CHAT] [«] LoeEnVrai (24/29)
[17:35:39] [Client thread/INFO]: [CHAT] [?] Merci d'attendre quelques instants avant de réutiliser la commande sur ce joueur !
[17:35:40] [Client thread/INFO]: [CHAT] 
[?] §7Joueur Vei_1 - Informations

 ? Compté vérifié: Oui
 ? Temps de jeu: 158h [?]
 ? Joueurs qui l'ont blocklist: 0
 ? Bannissements(s) reçu(s): 0

 ? CASIER ?
[17:35:40] [Client thread/INFO]: [CHAT] [?] Vei_1 a été ajouté à la whitelist !
[17:35:40] [Client thread/INFO]: [CHAT] [»] Vei_1 (25/29)
[17:35:41] [Client thread/INFO]: [CHAT] [?] Merci d'attendre quelques instants avant de réutiliser la commande sur ce joueur !
[17:35:42] [Client thread/INFO]: [CHAT] [?] Merci d'attendre quelques instants avant de réutiliser la commande sur ce joueur !
[17:35:42] [Client thread/INFO]: [CHAT] [?] Merci d'attendre quelques instants avant de réutiliser la commande sur ce joueur !
[17:35:42] [Client thread/INFO]: [CHAT] [?] Merci d'attendre quelques instants avant de réutiliser la commande sur ce joueur !
[17:35:42] [Client thread/INFO]: [CHAT] [?] Merci d'attendre quelques instants avant de réutiliser la commande sur ce joueur !
[17:35:42] [Client thread/INFO]: [CHAT] [?] Merci d'attendre quelques instants avant de réutiliser la commande sur ce joueur !
[17:35:43] [Client thread/INFO]: [CHAT] 
[?] §7Joueur romel08 - Informations

 ? Compté vérifié: Oui
 ? Temps de jeu: 389h [?]
 ? Joueurs qui l'ont blocklist: 10
 ? Bannissements(s) reçu(s): 2 [?]

 ? CASIER ?
[17:35:43] [Client thread/INFO]: [CHAT] [?] Merci d'attendre quelques instants avant de réutiliser la commande sur ce joueur !
[17:35:45] [Client thread/INFO]: [CHAT] [?] romel08 a été ajouté à la whitelist !
[17:35:45] [Client thread/INFO]: [CHAT] [»] romel08 (26/29)
[17:35:48] [Client thread/INFO]: [CHAT] [CONFIG] Vous passez le statut du mode bypass à Activé.
[17:35:53] [Client thread/INFO]: [CHAT] [«] romel08 (25/29)
[17:35:58] [Client thread/INFO]: [CHAT] /cohost, /commands, /compo, /composition, /configwl, /cores, /cosmetic, /cosmetics
[17:36:01] [Client thread/INFO]: [CHAT] LucasNAVI, LumsGOAT69xX
[17:36:01] [Client thread/INFO]: [CHAT] [CONFIG] Vous avez ajouté LucasNAVI en tant que co-host.
[17:36:06] [Client thread/FATAL]: Error executing task
java.util.concurrent.ExecutionException: java.lang.NullPointerException
	at java.util.concurrent.FutureTask.report(FutureTask.java:122) ~[?:1.8.0_51]
	at java.util.concurrent.FutureTask.get(FutureTask.java:192) ~[?:1.8.0_51]
	at net.minecraft.util.Util.func_181617_a(SourceFile:45) [g.class:?]
	at net.minecraft.client.Minecraft.func_71411_J(Minecraft.java:1014) [ave.class:?]
	at net.minecraft.client.Minecraft.func_99999_d(Minecraft.java:349) [ave.class:?]
	at net.minecraft.client.main.Main.main(SourceFile:124) [Main.class:?]
	at sun.reflect.NativeMethodAccessorImpl.invoke0(Native Method) ~[?:1.8.0_51]
	at sun.reflect.NativeMethodAccessorImpl.invoke(NativeMethodAccessorImpl.java:62) ~[?:1.8.0_51]
	at sun.reflect.DelegatingMethodAccessorImpl.invoke(DelegatingMethodAccessorImpl.java:43) ~[?:1.8.0_51]
	at java.lang.reflect.Method.invoke(Method.java:497) ~[?:1.8.0_51]
	at net.minecraft.launchwrapper.Launch.launch(Launch.java:135) [launchwrapper-1.12.jar:?]
	at net.minecraft.launchwrapper.Launch.main(Launch.java:28) [launchwrapper-1.12.jar:?]
Caused by: java.lang.NullPointerException
	at net.minecraft.network.play.server.S0FPacketSpawnMob.func_149027_c(SourceFile:114) ~[fn.class:?]
	at net.minecraft.client.network.NetHandlerPlayClient.func_147281_a(NetHandlerPlayClient.java:840) ~[bcy.class:?]
	at net.minecraft.network.play.server.S0FPacketSpawnMob.func_148833_a(SourceFile:109) ~[fn.class:?]
	at net.minecraft.network.play.server.S0FPacketSpawnMob.func_148833_a(SourceFile:15) ~[fn.class:?]
	at net.minecraft.network.PacketThreadUtil$1.run(SourceFile:13) ~[fh$1.class:?]
	at java.util.concurrent.Executors$RunnableAdapter.call(Executors.java:511) ~[?:1.8.0_51]
	at java.util.concurrent.FutureTask.run(FutureTask.java:266) ~[?:1.8.0_51]
	at net.minecraft.util.Util.func_181617_a(SourceFile:44) ~[g.class:?]
	... 9 more
[17:36:12] [Client thread/FATAL]: Error executing task
java.util.concurrent.ExecutionException: java.lang.NullPointerException
	at java.util.concurrent.FutureTask.report(FutureTask.java:122) ~[?:1.8.0_51]
	at java.util.concurrent.FutureTask.get(FutureTask.java:192) ~[?:1.8.0_51]
	at net.minecraft.util.Util.func_181617_a(SourceFile:45) [g.class:?]
	at net.minecraft.client.Minecraft.func_71411_J(Minecraft.java:1014) [ave.class:?]
	at net.minecraft.client.Minecraft.func_99999_d(Minecraft.java:349) [ave.class:?]
	at net.minecraft.client.main.Main.main(SourceFile:124) [Main.class:?]
	at sun.reflect.NativeMethodAccessorImpl.invoke0(Native Method) ~[?:1.8.0_51]
	at sun.reflect.NativeMethodAccessorImpl.invoke(NativeMethodAccessorImpl.java:62) ~[?:1.8.0_51]
	at sun.reflect.DelegatingMethodAccessorImpl.invoke(DelegatingMethodAccessorImpl.java:43) ~[?:1.8.0_51]
	at java.lang.reflect.Method.invoke(Method.java:497) ~[?:1.8.0_51]
	at net.minecraft.launchwrapper.Launch.launch(Launch.java:135) [launchwrapper-1.12.jar:?]
	at net.minecraft.launchwrapper.Launch.main(Launch.java:28) [launchwrapper-1.12.jar:?]
Caused by: java.lang.NullPointerException
	at net.minecraft.network.play.server.S0FPacketSpawnMob.func_149027_c(SourceFile:114) ~[fn.class:?]
	at net.minecraft.client.network.NetHandlerPlayClient.func_147281_a(NetHandlerPlayClient.java:840) ~[bcy.class:?]
	at net.minecraft.network.play.server.S0FPacketSpawnMob.func_148833_a(SourceFile:109) ~[fn.class:?]
	at net.minecraft.network.play.server.S0FPacketSpawnMob.func_148833_a(SourceFile:15) ~[fn.class:?]
	at net.minecraft.network.PacketThreadUtil$1.run(SourceFile:13) ~[fh$1.class:?]
	at java.util.concurrent.Executors$RunnableAdapter.call(Executors.java:511) ~[?:1.8.0_51]
	at java.util.concurrent.FutureTask.run(FutureTask.java:266) ~[?:1.8.0_51]
	at net.minecraft.util.Util.func_181617_a(SourceFile:44) ~[g.class:?]
	... 9 more
[17:36:18] [Client thread/FATAL]: Error executing task
java.util.concurrent.ExecutionException: java.lang.NullPointerException
	at java.util.concurrent.FutureTask.report(FutureTask.java:122) ~[?:1.8.0_51]
	at java.util.concurrent.FutureTask.get(FutureTask.java:192) ~[?:1.8.0_51]
	at net.minecraft.util.Util.func_181617_a(SourceFile:45) [g.class:?]
	at net.minecraft.client.Minecraft.func_71411_J(Minecraft.java:1014) [ave.class:?]
	at net.minecraft.client.Minecraft.func_99999_d(Minecraft.java:349) [ave.class:?]
	at net.minecraft.client.main.Main.main(SourceFile:124) [Main.class:?]
	at sun.reflect.NativeMethodAccessorImpl.invoke0(Native Method) ~[?:1.8.0_51]
	at sun.reflect.NativeMethodAccessorImpl.invoke(NativeMethodAccessorImpl.java:62) ~[?:1.8.0_51]
	at sun.reflect.DelegatingMethodAccessorImpl.invoke(DelegatingMethodAccessorImpl.java:43) ~[?:1.8.0_51]
	at java.lang.reflect.Method.invoke(Method.java:497) ~[?:1.8.0_51]
	at net.minecraft.launchwrapper.Launch.launch(Launch.java:135) [launchwrapper-1.12.jar:?]
	at net.minecraft.launchwrapper.Launch.main(Launch.java:28) [launchwrapper-1.12.jar:?]
Caused by: java.lang.NullPointerException
	at net.minecraft.network.play.server.S0FPacketSpawnMob.func_149027_c(SourceFile:114) ~[fn.class:?]
	at net.minecraft.client.network.NetHandlerPlayClient.func_147281_a(NetHandlerPlayClient.java:840) ~[bcy.class:?]
	at net.minecraft.network.play.server.S0FPacketSpawnMob.func_148833_a(SourceFile:109) ~[fn.class:?]
	at net.minecraft.network.play.server.S0FPacketSpawnMob.func_148833_a(SourceFile:15) ~[fn.class:?]
	at net.minecraft.network.PacketThreadUtil$1.run(SourceFile:13) ~[fh$1.class:?]
	at java.util.concurrent.Executors$RunnableAdapter.call(Executors.java:511) ~[?:1.8.0_51]
	at java.util.concurrent.FutureTask.run(FutureTask.java:266) ~[?:1.8.0_51]
	at net.minecraft.util.Util.func_181617_a(SourceFile:44) ~[g.class:?]
	... 9 more
[17:36:18] [Client thread/INFO]: [CHAT] LucasNAVI, LumsGOAT69xX
[17:36:21] [Client thread/INFO]: [CHAT] Teleported LucasNAVI to mayorie
[17:37:21] [Client thread/INFO]: [CHAT] [CONFIG] Vous passez le statut du mode bypass à Désactivé.
[17:37:21] [Client thread/FATAL]: Error executing task
java.util.concurrent.ExecutionException: java.lang.NullPointerException
	at java.util.concurrent.FutureTask.report(FutureTask.java:122) ~[?:1.8.0_51]
	at java.util.concurrent.FutureTask.get(FutureTask.java:192) ~[?:1.8.0_51]
	at net.minecraft.util.Util.func_181617_a(SourceFile:45) [g.class:?]
	at net.minecraft.client.Minecraft.func_71411_J(Minecraft.java:1014) [ave.class:?]
	at net.minecraft.client.Minecraft.func_99999_d(Minecraft.java:349) [ave.class:?]
	at net.minecraft.client.main.Main.main(SourceFile:124) [Main.class:?]
	at sun.reflect.NativeMethodAccessorImpl.invoke0(Native Method) ~[?:1.8.0_51]
	at sun.reflect.NativeMethodAccessorImpl.invoke(NativeMethodAccessorImpl.java:62) ~[?:1.8.0_51]
	at sun.reflect.DelegatingMethodAccessorImpl.invoke(DelegatingMethodAccessorImpl.java:43) ~[?:1.8.0_51]
	at java.lang.reflect.Method.invoke(Method.java:497) ~[?:1.8.0_51]
	at net.minecraft.launchwrapper.Launch.launch(Launch.java:135) [launchwrapper-1.12.jar:?]
	at net.minecraft.launchwrapper.Launch.main(Launch.java:28) [launchwrapper-1.12.jar:?]
Caused by: java.lang.NullPointerException
	at net.minecraft.network.play.server.S0FPacketSpawnMob.func_149027_c(SourceFile:114) ~[fn.class:?]
	at net.minecraft.client.network.NetHandlerPlayClient.func_147281_a(NetHandlerPlayClient.java:840) ~[bcy.class:?]
	at net.minecraft.network.play.server.S0FPacketSpawnMob.func_148833_a(SourceFile:109) ~[fn.class:?]
	at net.minecraft.network.play.server.S0FPacketSpawnMob.func_148833_a(SourceFile:15) ~[fn.class:?]
	at net.minecraft.network.PacketThreadUtil$1.run(SourceFile:13) ~[fh$1.class:?]
	at java.util.concurrent.Executors$RunnableAdapter.call(Executors.java:511) ~[?:1.8.0_51]
	at java.util.concurrent.FutureTask.run(FutureTask.java:266) ~[?:1.8.0_51]
	at net.minecraft.util.Util.func_181617_a(SourceFile:44) ~[g.class:?]
	... 9 more
[17:37:21] [Client thread/FATAL]: Error executing task
java.util.concurrent.ExecutionException: java.lang.NullPointerException
	at java.util.concurrent.FutureTask.report(FutureTask.java:122) ~[?:1.8.0_51]
	at java.util.concurrent.FutureTask.get(FutureTask.java:192) ~[?:1.8.0_51]
	at net.minecraft.util.Util.func_181617_a(SourceFile:45) [g.class:?]
	at net.minecraft.client.Minecraft.func_71411_J(Minecraft.java:1014) [ave.class:?]
	at net.minecraft.client.Minecraft.func_99999_d(Minecraft.java:349) [ave.class:?]
	at net.minecraft.client.main.Main.main(SourceFile:124) [Main.class:?]
	at sun.reflect.NativeMethodAccessorImpl.invoke0(Native Method) ~[?:1.8.0_51]
	at sun.reflect.NativeMethodAccessorImpl.invoke(NativeMethodAccessorImpl.java:62) ~[?:1.8.0_51]
	at sun.reflect.DelegatingMethodAccessorImpl.invoke(DelegatingMethodAccessorImpl.java:43) ~[?:1.8.0_51]
	at java.lang.reflect.Method.invoke(Method.java:497) ~[?:1.8.0_51]
	at net.minecraft.launchwrapper.Launch.launch(Launch.java:135) [launchwrapper-1.12.jar:?]
	at net.minecraft.launchwrapper.Launch.main(Launch.java:28) [launchwrapper-1.12.jar:?]
Caused by: java.lang.NullPointerException
	at net.minecraft.network.play.server.S0FPacketSpawnMob.func_149027_c(SourceFile:114) ~[fn.class:?]
	at net.minecraft.client.network.NetHandlerPlayClient.func_147281_a(NetHandlerPlayClient.java:840) ~[bcy.class:?]
	at net.minecraft.network.play.server.S0FPacketSpawnMob.func_148833_a(SourceFile:109) ~[fn.class:?]
	at net.minecraft.network.play.server.S0FPacketSpawnMob.func_148833_a(SourceFile:15) ~[fn.class:?]
	at net.minecraft.network.PacketThreadUtil$1.run(SourceFile:13) ~[fh$1.class:?]
	at java.util.concurrent.Executors$RunnableAdapter.call(Executors.java:511) ~[?:1.8.0_51]
	at java.util.concurrent.FutureTask.run(FutureTask.java:266) ~[?:1.8.0_51]
	at net.minecraft.util.Util.func_181617_a(SourceFile:44) ~[g.class:?]
	... 9 more
[17:38:06] [Client thread/FATAL]: Error executing task
java.util.concurrent.ExecutionException: java.lang.NullPointerException
	at java.util.concurrent.FutureTask.report(FutureTask.java:122) ~[?:1.8.0_51]
	at java.util.concurrent.FutureTask.get(FutureTask.java:192) ~[?:1.8.0_51]
	at net.minecraft.util.Util.func_181617_a(SourceFile:45) [g.class:?]
	at net.minecraft.client.Minecraft.func_71411_J(Minecraft.java:1014) [ave.class:?]
	at net.minecraft.client.Minecraft.func_99999_d(Minecraft.java:349) [ave.class:?]
	at net.minecraft.client.main.Main.main(SourceFile:124) [Main.class:?]
	at sun.reflect.NativeMethodAccessorImpl.invoke0(Native Method) ~[?:1.8.0_51]
	at sun.reflect.NativeMethodAccessorImpl.invoke(NativeMethodAccessorImpl.java:62) ~[?:1.8.0_51]
	at sun.reflect.DelegatingMethodAccessorImpl.invoke(DelegatingMethodAccessorImpl.java:43) ~[?:1.8.0_51]
	at java.lang.reflect.Method.invoke(Method.java:497) ~[?:1.8.0_51]
	at net.minecraft.launchwrapper.Launch.launch(Launch.java:135) [launchwrapper-1.12.jar:?]
	at net.minecraft.launchwrapper.Launch.main(Launch.java:28) [launchwrapper-1.12.jar:?]
Caused by: java.lang.NullPointerException
	at net.minecraft.network.play.server.S0FPacketSpawnMob.func_149027_c(SourceFile:114) ~[fn.class:?]
	at net.minecraft.client.network.NetHandlerPlayClient.func_147281_a(NetHandlerPlayClient.java:840) ~[bcy.class:?]
	at net.minecraft.network.play.server.S0FPacketSpawnMob.func_148833_a(SourceFile:109) ~[fn.class:?]
	at net.minecraft.network.play.server.S0FPacketSpawnMob.func_148833_a(SourceFile:15) ~[fn.class:?]
	at net.minecraft.network.PacketThreadUtil$1.run(SourceFile:13) ~[fh$1.class:?]
	at java.util.concurrent.Executors$RunnableAdapter.call(Executors.java:511) ~[?:1.8.0_51]
	at java.util.concurrent.FutureTask.run(FutureTask.java:266) ~[?:1.8.0_51]
	at net.minecraft.util.Util.func_181617_a(SourceFile:44) ~[g.class:?]
	... 9 more
[17:38:17] [Client thread/INFO]: [CHAT] [CONFIG] Vous passez le statut du mode bypass à Activé.
[17:38:37] [Client thread/INFO]: [CHAT] [CONFIG] Vous passez le statut du mode bypass à Désactivé.
[17:38:37] [Client thread/FATAL]: Error executing task
java.util.concurrent.ExecutionException: java.lang.NullPointerException
	at java.util.concurrent.FutureTask.report(FutureTask.java:122) ~[?:1.8.0_51]
	at java.util.concurrent.FutureTask.get(FutureTask.java:192) ~[?:1.8.0_51]
	at net.minecraft.util.Util.func_181617_a(SourceFile:45) [g.class:?]
	at net.minecraft.client.Minecraft.func_71411_J(Minecraft.java:1014) [ave.class:?]
	at net.minecraft.client.Minecraft.func_99999_d(Minecraft.java:349) [ave.class:?]
	at net.minecraft.client.main.Main.main(SourceFile:124) [Main.class:?]
	at sun.reflect.NativeMethodAccessorImpl.invoke0(Native Method) ~[?:1.8.0_51]
	at sun.reflect.NativeMethodAccessorImpl.invoke(NativeMethodAccessorImpl.java:62) ~[?:1.8.0_51]
	at sun.reflect.DelegatingMethodAccessorImpl.invoke(DelegatingMethodAccessorImpl.java:43) ~[?:1.8.0_51]
	at java.lang.reflect.Method.invoke(Method.java:497) ~[?:1.8.0_51]
	at net.minecraft.launchwrapper.Launch.launch(Launch.java:135) [launchwrapper-1.12.jar:?]
	at net.minecraft.launchwrapper.Launch.main(Launch.java:28) [launchwrapper-1.12.jar:?]
Caused by: java.lang.NullPointerException
	at net.minecraft.network.play.server.S0FPacketSpawnMob.func_149027_c(SourceFile:114) ~[fn.class:?]
	at net.minecraft.client.network.NetHandlerPlayClient.func_147281_a(NetHandlerPlayClient.java:840) ~[bcy.class:?]
	at net.minecraft.network.play.server.S0FPacketSpawnMob.func_148833_a(SourceFile:109) ~[fn.class:?]
	at net.minecraft.network.play.server.S0FPacketSpawnMob.func_148833_a(SourceFile:15) ~[fn.class:?]
	at net.minecraft.network.PacketThreadUtil$1.run(SourceFile:13) ~[fh$1.class:?]
	at java.util.concurrent.Executors$RunnableAdapter.call(Executors.java:511) ~[?:1.8.0_51]
	at java.util.concurrent.FutureTask.run(FutureTask.java:266) ~[?:1.8.0_51]
	at net.minecraft.util.Util.func_181617_a(SourceFile:44) ~[g.class:?]
	... 9 more
[17:38:37] [Client thread/FATAL]: Error executing task
java.util.concurrent.ExecutionException: java.lang.NullPointerException
	at java.util.concurrent.FutureTask.report(FutureTask.java:122) ~[?:1.8.0_51]
	at java.util.concurrent.FutureTask.get(FutureTask.java:192) ~[?:1.8.0_51]
	at net.minecraft.util.Util.func_181617_a(SourceFile:45) [g.class:?]
	at net.minecraft.client.Minecraft.func_71411_J(Minecraft.java:1014) [ave.class:?]
	at net.minecraft.client.Minecraft.func_99999_d(Minecraft.java:349) [ave.class:?]
	at net.minecraft.client.main.Main.main(SourceFile:124) [Main.class:?]
	at sun.reflect.NativeMethodAccessorImpl.invoke0(Native Method) ~[?:1.8.0_51]
	at sun.reflect.NativeMethodAccessorImpl.invoke(NativeMethodAccessorImpl.java:62) ~[?:1.8.0_51]
	at sun.reflect.DelegatingMethodAccessorImpl.invoke(DelegatingMethodAccessorImpl.java:43) ~[?:1.8.0_51]
	at java.lang.reflect.Method.invoke(Method.java:497) ~[?:1.8.0_51]
	at net.minecraft.launchwrapper.Launch.launch(Launch.java:135) [launchwrapper-1.12.jar:?]
	at net.minecraft.launchwrapper.Launch.main(Launch.java:28) [launchwrapper-1.12.jar:?]
Caused by: java.lang.NullPointerException
	at net.minecraft.network.play.server.S0FPacketSpawnMob.func_149027_c(SourceFile:114) ~[fn.class:?]
	at net.minecraft.client.network.NetHandlerPlayClient.func_147281_a(NetHandlerPlayClient.java:840) ~[bcy.class:?]
	at net.minecraft.network.play.server.S0FPacketSpawnMob.func_148833_a(SourceFile:109) ~[fn.class:?]
	at net.minecraft.network.play.server.S0FPacketSpawnMob.func_148833_a(SourceFile:15) ~[fn.class:?]
	at net.minecraft.network.PacketThreadUtil$1.run(SourceFile:13) ~[fh$1.class:?]
	at java.util.concurrent.Executors$RunnableAdapter.call(Executors.java:511) ~[?:1.8.0_51]
	at java.util.concurrent.FutureTask.run(FutureTask.java:266) ~[?:1.8.0_51]
	at net.minecraft.util.Util.func_181617_a(SourceFile:44) ~[g.class:?]
	... 9 more
[17:38:39] [Client thread/INFO]: [CHAT] 
[?] §7Joueur V0lcanium - Informations

 ? Compté vérifié: Oui
 ? Temps de jeu: 187h [?]
 ? Joueurs qui l'ont blocklist: 5
 ? Bannissements(s) reçu(s): 1 [?]

 ? CASIER ?
[17:38:40] [Client thread/INFO]: [CHAT] [?] V0lcanium a été ajouté à la whitelist !
[17:38:40] [Client thread/INFO]: [CHAT] [»] V0lcanium (26/29)
[17:38:50] [Client thread/FATAL]: Error executing task
java.util.concurrent.ExecutionException: java.lang.NullPointerException
	at java.util.concurrent.FutureTask.report(FutureTask.java:122) ~[?:1.8.0_51]
	at java.util.concurrent.FutureTask.get(FutureTask.java:192) ~[?:1.8.0_51]
	at net.minecraft.util.Util.func_181617_a(SourceFile:45) [g.class:?]
	at net.minecraft.client.Minecraft.func_71411_J(Minecraft.java:1014) [ave.class:?]
	at net.minecraft.client.Minecraft.func_99999_d(Minecraft.java:349) [ave.class:?]
	at net.minecraft.client.main.Main.main(SourceFile:124) [Main.class:?]
	at sun.reflect.NativeMethodAccessorImpl.invoke0(Native Method) ~[?:1.8.0_51]
	at sun.reflect.NativeMethodAccessorImpl.invoke(NativeMethodAccessorImpl.java:62) ~[?:1.8.0_51]
	at sun.reflect.DelegatingMethodAccessorImpl.invoke(DelegatingMethodAccessorImpl.java:43) ~[?:1.8.0_51]
	at java.lang.reflect.Method.invoke(Method.java:497) ~[?:1.8.0_51]
	at net.minecraft.launchwrapper.Launch.launch(Launch.java:135) [launchwrapper-1.12.jar:?]
	at net.minecraft.launchwrapper.Launch.main(Launch.java:28) [launchwrapper-1.12.jar:?]
Caused by: java.lang.NullPointerException
	at net.minecraft.network.play.server.S0FPacketSpawnMob.func_149027_c(SourceFile:114) ~[fn.class:?]
	at net.minecraft.client.network.NetHandlerPlayClient.func_147281_a(NetHandlerPlayClient.java:840) ~[bcy.class:?]
	at net.minecraft.network.play.server.S0FPacketSpawnMob.func_148833_a(SourceFile:109) ~[fn.class:?]
	at net.minecraft.network.play.server.S0FPacketSpawnMob.func_148833_a(SourceFile:15) ~[fn.class:?]
	at net.minecraft.network.PacketThreadUtil$1.run(SourceFile:13) ~[fh$1.class:?]
	at java.util.concurrent.Executors$RunnableAdapter.call(Executors.java:511) ~[?:1.8.0_51]
	at java.util.concurrent.FutureTask.run(FutureTask.java:266) ~[?:1.8.0_51]
	at net.minecraft.util.Util.func_181617_a(SourceFile:44) ~[g.class:?]
	... 9 more
[17:38:51] [Client thread/INFO]: [CHAT] 
[?] §dAmi Wozac - Informations

 ? Compté vérifié: Oui
 ? Temps de jeu: 891h [?]
 ? Joueurs qui l'ont blocklist: 1
 ? Bannissements(s) reçu(s): 0

 ? CASIER ?
[17:38:52] [Client thread/INFO]: [CHAT] [?] Wozac a été ajouté à la whitelist !
[17:38:52] [Client thread/INFO]: [CHAT] [»] Wozac (27/29)
[17:38:53] [Client thread/INFO]: [CHAT] [?] Merci d'attendre quelques instants avant de réutiliser la commande sur ce joueur !
[17:38:53] [Client thread/INFO]: [CHAT] [?] Merci d'attendre quelques instants avant de réutiliser la commande sur ce joueur !
[17:38:54] [Client thread/INFO]: [CHAT] [?] Merci d'attendre quelques instants avant de réutiliser la commande sur ce joueur !
[17:38:54] [Client thread/INFO]: [CHAT] [?] Merci d'attendre quelques instants avant de réutiliser la commande sur ce joueur !
[17:38:55] [Client thread/INFO]: [CHAT] 
[?] §7Joueur WolfRafox - Informations

 ? Compté vérifié: Oui
 ? Temps de jeu: 3h [?]
 ? Joueurs qui l'ont blocklist: 0
 ? Bannissements(s) reçu(s): 0

 ? CASIER ?
[17:38:55] [Client thread/INFO]: [CHAT] [?] WolfRafox a été ajouté à la whitelist !
[17:38:56] [Client thread/INFO]: [CHAT] [»] WolfRafox (28/29)
[17:38:56] [Client thread/INFO]: [CHAT] [?] Merci d'attendre quelques instants avant de réutiliser la commande sur ce joueur !
[17:38:57] [Client thread/INFO]: [CHAT] [?] Merci d'attendre quelques instants avant de réutiliser la commande sur ce joueur !
[17:38:57] [Client thread/INFO]: [CHAT] [?] Merci d'attendre quelques instants avant de réutiliser la commande sur ce joueur !
[17:38:57] [Client thread/INFO]: [CHAT] [?] Merci d'attendre quelques instants avant de réutiliser la commande sur ce joueur !
[17:38:58] [Client thread/INFO]: [CHAT] 
[?] §7Joueur Nix_62 - Informations

 ? Compté vérifié: Oui
 ? Temps de jeu: 179h [?]
 ? Joueurs qui l'ont blocklist: 42
 ? Bannissements(s) reçu(s): 3 [?]

 ? CASIER ?
[17:38:59] [Client thread/INFO]: [CHAT] [?] Vous avez refusé la demande de Nix_62.
[17:39:00] [Client thread/INFO]: [CHAT] [?] Merci d'attendre quelques instants avant de réutiliser la commande sur ce joueur !
[17:39:00] [Client thread/INFO]: [CHAT] [?] Merci d'attendre quelques instants avant de réutiliser la commande sur ce joueur !
[17:39:00] [Client thread/INFO]: [CHAT] [?] Merci d'attendre quelques instants avant de réutiliser la commande sur ce joueur !
[17:39:01] [Client thread/INFO]: [CHAT] [?] Merci d'attendre quelques instants avant de réutiliser la commande sur ce joueur !
[17:39:01] [Client thread/INFO]: [CHAT] 
[?] §7Joueur doudoux1427 - Informations

 ? Compté vérifié: Oui
 ? Temps de jeu: 20h [?]
 ? Joueurs qui l'ont blocklist: 0
 ? Bannissements(s) reçu(s): 0

 ? CASIER ?
[17:39:02] [Client thread/INFO]: [CHAT] [?] doudoux1427 a été ajouté à la whitelist !
[17:39:02] [Client thread/INFO]: [CHAT] [»] doudoux1427 (29/29)
[17:39:05] [Client thread/FATAL]: Error executing task
java.util.concurrent.ExecutionException: java.lang.NullPointerException
	at java.util.concurrent.FutureTask.report(FutureTask.java:122) ~[?:1.8.0_51]
	at java.util.concurrent.FutureTask.get(FutureTask.java:192) ~[?:1.8.0_51]
	at net.minecraft.util.Util.func_181617_a(SourceFile:45) [g.class:?]
	at net.minecraft.client.Minecraft.func_71411_J(Minecraft.java:1014) [ave.class:?]
	at net.minecraft.client.Minecraft.func_99999_d(Minecraft.java:349) [ave.class:?]
	at net.minecraft.client.main.Main.main(SourceFile:124) [Main.class:?]
	at sun.reflect.NativeMethodAccessorImpl.invoke0(Native Method) ~[?:1.8.0_51]
	at sun.reflect.NativeMethodAccessorImpl.invoke(NativeMethodAccessorImpl.java:62) ~[?:1.8.0_51]
	at sun.reflect.DelegatingMethodAccessorImpl.invoke(DelegatingMethodAccessorImpl.java:43) ~[?:1.8.0_51]
	at java.lang.reflect.Method.invoke(Method.java:497) ~[?:1.8.0_51]
	at net.minecraft.launchwrapper.Launch.launch(Launch.java:135) [launchwrapper-1.12.jar:?]
	at net.minecraft.launchwrapper.Launch.main(Launch.java:28) [launchwrapper-1.12.jar:?]
Caused by: java.lang.NullPointerException
	at net.minecraft.network.play.server.S0FPacketSpawnMob.func_149027_c(SourceFile:114) ~[fn.class:?]
	at net.minecraft.client.network.NetHandlerPlayClient.func_147281_a(NetHandlerPlayClient.java:840) ~[bcy.class:?]
	at net.minecraft.network.play.server.S0FPacketSpawnMob.func_148833_a(SourceFile:109) ~[fn.class:?]
	at net.minecraft.network.play.server.S0FPacketSpawnMob.func_148833_a(SourceFile:15) ~[fn.class:?]
	at net.minecraft.network.PacketThreadUtil$1.run(SourceFile:13) ~[fh$1.class:?]
	at java.util.concurrent.Executors$RunnableAdapter.call(Executors.java:511) ~[?:1.8.0_51]
	at java.util.concurrent.FutureTask.run(FutureTask.java:266) ~[?:1.8.0_51]
	at net.minecraft.util.Util.func_181617_a(SourceFile:44) ~[g.class:?]
	... 9 more
[17:39:06] [Client thread/INFO]: [CHAT] doudoux1427 » :MB
[17:39:10] [Client thread/INFO]: [CHAT] mayorie ? » gl
[17:39:15] [Client thread/INFO]: [CHAT] [«] VGL1710 (28/29)
[17:39:20] [Client thread/INFO]: [CHAT] Teleported mayorie to FlyseCestMoi
[17:39:21] [Client thread/FATAL]: Error executing task
java.util.concurrent.ExecutionException: java.lang.NullPointerException
	at java.util.concurrent.FutureTask.report(FutureTask.java:122) ~[?:1.8.0_51]
	at java.util.concurrent.FutureTask.get(FutureTask.java:192) ~[?:1.8.0_51]
	at net.minecraft.util.Util.func_181617_a(SourceFile:45) [g.class:?]
	at net.minecraft.client.Minecraft.func_71411_J(Minecraft.java:1014) [ave.class:?]
	at net.minecraft.client.Minecraft.func_99999_d(Minecraft.java:349) [ave.class:?]
	at net.minecraft.client.main.Main.main(SourceFile:124) [Main.class:?]
	at sun.reflect.NativeMethodAccessorImpl.invoke0(Native Method) ~[?:1.8.0_51]
	at sun.reflect.NativeMethodAccessorImpl.invoke(NativeMethodAccessorImpl.java:62) ~[?:1.8.0_51]
	at sun.reflect.DelegatingMethodAccessorImpl.invoke(DelegatingMethodAccessorImpl.java:43) ~[?:1.8.0_51]
	at java.lang.reflect.Method.invoke(Method.java:497) ~[?:1.8.0_51]
	at net.minecraft.launchwrapper.Launch.launch(Launch.java:135) [launchwrapper-1.12.jar:?]
	at net.minecraft.launchwrapper.Launch.main(Launch.java:28) [launchwrapper-1.12.jar:?]
Caused by: java.lang.NullPointerException
	at net.minecraft.network.play.server.S0FPacketSpawnMob.func_149027_c(SourceFile:114) ~[fn.class:?]
	at net.minecraft.client.network.NetHandlerPlayClient.func_147281_a(NetHandlerPlayClient.java:840) ~[bcy.class:?]
	at net.minecraft.network.play.server.S0FPacketSpawnMob.func_148833_a(SourceFile:109) ~[fn.class:?]
	at net.minecraft.network.play.server.S0FPacketSpawnMob.func_148833_a(SourceFile:15) ~[fn.class:?]
	at net.minecraft.network.PacketThreadUtil$1.run(SourceFile:13) ~[fh$1.class:?]
	at java.util.concurrent.Executors$RunnableAdapter.call(Executors.java:511) ~[?:1.8.0_51]
	at java.util.concurrent.FutureTask.run(FutureTask.java:266) ~[?:1.8.0_51]
	at net.minecraft.util.Util.func_181617_a(SourceFile:44) ~[g.class:?]
	... 9 more
[17:39:22] [Client thread/INFO]: [CHAT] [»] VGL1710 (29/29)
[17:39:25] [Client thread/INFO]: [CHAT] [CONFIG] Confirmez pour démarrer la partie.
[17:39:25] [Client thread/INFO]: [CHAT] [CONFIG] Vous démarrez la partie !
[17:39:26] [Client thread/FATAL]: Error executing task
java.util.concurrent.ExecutionException: java.lang.NullPointerException
	at java.util.concurrent.FutureTask.report(FutureTask.java:122) ~[?:1.8.0_51]
	at java.util.concurrent.FutureTask.get(FutureTask.java:192) ~[?:1.8.0_51]
	at net.minecraft.util.Util.func_181617_a(SourceFile:45) [g.class:?]
	at net.minecraft.client.Minecraft.func_71411_J(Minecraft.java:1014) [ave.class:?]
	at net.minecraft.client.Minecraft.func_99999_d(Minecraft.java:349) [ave.class:?]
	at net.minecraft.client.main.Main.main(SourceFile:124) [Main.class:?]
	at sun.reflect.NativeMethodAccessorImpl.invoke0(Native Method) ~[?:1.8.0_51]
	at sun.reflect.NativeMethodAccessorImpl.invoke(NativeMethodAccessorImpl.java:62) ~[?:1.8.0_51]
	at sun.reflect.DelegatingMethodAccessorImpl.invoke(DelegatingMethodAccessorImpl.java:43) ~[?:1.8.0_51]
	at java.lang.reflect.Method.invoke(Method.java:497) ~[?:1.8.0_51]
	at net.minecraft.launchwrapper.Launch.launch(Launch.java:135) [launchwrapper-1.12.jar:?]
	at net.minecraft.launchwrapper.Launch.main(Launch.java:28) [launchwrapper-1.12.jar:?]
Caused by: java.lang.NullPointerException
	at net.minecraft.network.play.server.S0FPacketSpawnMob.func_149027_c(SourceFile:114) ~[fn.class:?]
	at net.minecraft.client.network.NetHandlerPlayClient.func_147281_a(NetHandlerPlayClient.java:840) ~[bcy.class:?]
	at net.minecraft.network.play.server.S0FPacketSpawnMob.func_148833_a(SourceFile:109) ~[fn.class:?]
	at net.minecraft.network.play.server.S0FPacketSpawnMob.func_148833_a(SourceFile:15) ~[fn.class:?]
	at net.minecraft.network.PacketThreadUtil$1.run(SourceFile:13) ~[fh$1.class:?]
	at java.util.concurrent.Executors$RunnableAdapter.call(Executors.java:511) ~[?:1.8.0_51]
	at java.util.concurrent.FutureTask.run(FutureTask.java:266) ~[?:1.8.0_51]
	at net.minecraft.util.Util.func_181617_a(SourceFile:44) ~[g.class:?]
	... 9 more
[17:39:27] [Client thread/INFO]: [CHAT] V0lcanium » QQ POUR VOC
[17:39:29] [Client thread/INFO]: [CHAT] Justxijio » gl
[17:39:30] [Client thread/INFO]: [CHAT] Taiko___ » glhf
[17:39:36] [Client thread/INFO]: [CHAT] §8[§3?§8] §aVous §apouvez §arejoindre §ale §aserveur §aMumble §ade §acette §apartie §aen §acliquant §asur §ace §amessage.
[17:39:41] [Client thread/INFO]: [CHAT] [?] Vous venez de vous connecter au Mumble.
[17:39:42] [Client thread/INFO]: [CHAT] VGL1710 » gl
[17:39:46] [Thread-12/INFO]: [CHAT] Mumble linked.
[17:39:46] [Client thread/INFO]: [CHAT] [UHC] Bienvenue dans cette partie de LG UHC S10.5  
[17:39:46] [Client thread/INFO]: [CHAT] [UHC] Bonne chance à tout le monde !
[17:39:47] [Client thread/INFO]: [CHAT] [UHC] Scénarios : CutClean, HasteyBoys, OreMagnet, SafeMiners, BetaZombies, TimberPVP, Loup-Garou UHC
[17:39:50] [Client thread/INFO]: [CHAT]  Faites /rules pour avoir toutes les informations.
[17:39:50] [Client thread/INFO]: [CHAT]  S'il y a une question, vous pouvez faire /helpop !
[17:39:51] [Client thread/INFO]: [CHAT] [UHC] Bonne chance à tous !
[17:39:58] [Client thread/INFO]: [CHAT] §8[§b§lHELPOP§8] §8§o#1 §f: disperse 10  [Répondre]
[17:40:07] [Client thread/INFO]: [CHAT] /discord, /disperse
[17:40:08] [Client thread/INFO]: [CHAT] /discord, /disperse
[17:40:11] [Client thread/INFO]: [CHAT] [LG UHC] Vous n'avez pas la permission d'utiliser cette commande !
[17:40:15] [Client thread/INFO]: [CHAT] [CONFIG] Vous passez le statut du mode bypass à Activé.
[17:40:17] [Client thread/INFO]: [CHAT] [HOST] Vous téléportez tous les joueurs dans un rayon de 10 blocs de vous au loin.
[17:40:22] [Client thread/INFO]: [CHAT] [CONFIG] Vous passez le statut du mode bypass à Désactivé.
[17:40:41] [Client thread/INFO]: [CHAT] [UHC] Fin de l'invincibilité !
[17:41:56] [Client thread/INFO]: [CHAT] [«] Zeypi_
[17:42:11] [Client thread/INFO]: [CHAT] §8[§b§lHELPOP§8] §8§o#2 §f: quel couche les diamand  [Répondre]
[17:42:15] [Client thread/INFO]: [CHAT] §8[§b§lHELPOP§8] §8§o#2 §8- §fUne réponse a été envoyée§f.§3 §3[Voir§3 §3la§3 §3réponse]
[17:42:16] [Client thread/INFO]: [CHAT] [UHC] Une réponse a déjà été envoyée au joueur.
[17:43:18] [Client thread/INFO]: [CHAT] [«] Wozac
[17:44:02] [Client thread/INFO]: [CHAT] [»] Wozac (44s)
[17:47:04] [Client thread/INFO]: [CHAT] THeGhost48 was slain by Zombie
[17:47:05] [Client thread/INFO]: [CHAT] [UHC] THeGhost48 a été ressuscité automatiquement.
[17:48:38] [Client thread/INFO]: [CHAT] VGL1710 was blown up by Creeper
[17:48:39] [Client thread/INFO]: [CHAT] [UHC] VGL1710 a été ressuscité automatiquement.
[17:49:12] [Client thread/INFO]: [CHAT] [UHC] FinalHeal dans 30 secondes.
[17:49:42] [Client thread/INFO]: [CHAT] [UHC] FinalHeal effectué, tous les joueurs ont été soignés !
[17:52:28] [Client thread/INFO]: [CHAT] §8[§b§lHELPOP§8] §8§o#3 §f: ya des dimamants sur la map ?  [Répondre]
[17:53:00] [Client thread/INFO]: [CHAT] [«] THeGhost48
[17:53:02] [Client thread/INFO]: [CHAT] [»] THeGhost48 (2s)
[17:53:46] [Client thread/INFO]: [CHAT] §8[§b§lHELPOP§8] §8§o#4 §f: Bonjour malheuresement par mégarde ma pioche en diamant a glisser dans la lave  [Répondre]
[17:53:56] [Client thread/INFO]: [CHAT] §8[§b§lHELPOP§8] §8§o#4 §8- §fUne réponse a été envoyée§f.§3 §3[Voir§3 §3la§3 §3réponse]
[17:54:24] [Client thread/INFO]: [CHAT] §8[§b§lHELPOP§8] §8§o#5 §f: opsi? :')  [Répondre]
[17:54:47] [Client thread/INFO]: [CHAT] §8[§b§lHELPOP§8] §8§o#5 §8- §fUne réponse a été envoyée§f.§3 §3[Voir§3 §3la§3 §3réponse]
[17:55:12] [Client thread/INFO]: [CHAT] §8[§b§lHELPOP§8] §8§o#6 §f: RaiitoPGM91 -940 11 601  [Répondre]
[17:55:31] [Client thread/WARN]: Unable to play unknown soundEvent: minecraft:step.anvil
[17:55:31] [Client thread/WARN]: Unable to play unknown soundEvent: minecraft:step.anvil
[17:55:31] [Client thread/WARN]: Unable to play unknown soundEvent: minecraft:step.anvil
[17:55:53] [Client thread/INFO]: [CHAT] §8[§e§lUHC§8]§f §aVotre réponse a bien été envoyée.§3 §3[Voir§3 §3la§3 §3réponse]
[17:56:19] [Client thread/INFO]: [CHAT] §8[§b§lHELPOP§8] §8§o#7 §f: nop j'ai craft la pioche et drop dans la lave sans faire expres  [Répondre]
[17:56:31] [Client thread/INFO]: [CHAT] §8[§b§lHELPOP§8] §8§o#8 §f: donne diams  [Répondre]
[17:56:41] [Client thread/INFO]: [CHAT] LEONPRIME63 was slain by Zombie
[17:56:42] [Client thread/INFO]: [CHAT] [UHC] LEONPRIME63 a été ressuscité automatiquement.
[17:56:50] [Client thread/INFO]: [CHAT] §8[§e§lUHC§8]§f §aVotre réponse a bien été envoyée.§3 §3[Voir§3 §3la§3 §3réponse]
[17:57:10] [Client thread/INFO]: [CHAT] ImSmarterThanYou was blown up by Creeper
[17:57:11] [Client thread/INFO]: [CHAT] [UHC] ImSmarterThanYou a été ressuscité automatiquement.
[17:57:15] [Client thread/INFO]: [CHAT] §8[§b§lHELPOP§8] §8§o#9 §f: MERCIIIIIIIIIIIIII  [Répondre]
[17:57:39] [Client thread/INFO]: [CHAT] VGL1710 fell from a high place
[17:57:40] [Client thread/INFO]: [CHAT] [UHC] VGL1710 a été ressuscité automatiquement.
[17:58:40] [Client thread/WARN]: Unable to play unknown soundEvent: minecraft:step.anvil
[17:58:40] [Client thread/WARN]: Unable to play unknown soundEvent: minecraft:step.anvil
[17:58:41] [Client thread/WARN]: Unable to play unknown soundEvent: minecraft:step.anvil
[17:58:43] [Client thread/INFO]: [CHAT] [UHC] FinalHeal dans 30 secondes.
[17:59:13] [Client thread/INFO]: [CHAT] [UHC] FinalHeal effectué, tous les joueurs ont été soignés !
[17:59:31] [Client thread/INFO]: [CHAT] §8[§b§lHELPOP§8] §8§o#10 §f: livre flamme  [Répondre]
[17:59:40] [Client thread/INFO]: [CHAT] §8[§b§lHELPOP§8] §8§o#10 §8- §fUne réponse a été envoyée§f.§3 §3[Voir§3 §3la§3 §3réponse]
[17:59:43] [Client thread/INFO]: [CHAT] [LG UHC] Attribution des rôles...
[17:59:44] [Client thread/INFO]: [CHAT] 
[17:59:44] [Client thread/INFO]: [CHAT]  ---- Début de l'épisode 2 ----
[17:59:44] [Client thread/INFO]: [CHAT]  
[17:59:44] [Client thread/INFO]: [CHAT] ---------- ?  Rôle ? ---------- 
[17:59:44] [Client thread/INFO]: [CHAT]  
[17:59:44] [Client thread/INFO]: [CHAT]  • Vous êtes Loup-Garou Blanc
[17:59:44] [Client thread/INFO]: [CHAT]  • Objectif : Vous devez gagner Seul.
[17:59:44] [Client thread/INFO]: [CHAT]  • Aura : Obscure
[17:59:44] [Client thread/INFO]: [CHAT]  
[17:59:44] [Client thread/INFO]: [CHAT]  Vous possédez 15? permanents ainsi qu'un effet Force la nuit.
[17:59:44] [Client thread/INFO]: [CHAT]  
[17:59:44] [Client thread/INFO]: [CHAT]  Vous faites partie du camp des Loups-Garous mais votre véritable but est de gagner seul en éliminant l'ensemble des joueurs de la partie, y compris votre propre camp.
[17:59:44] [Client thread/INFO]: [CHAT]  
[17:59:44] [Client thread/INFO]: [CHAT]  Vous pouvez pousser un hurlement avec la commande /lg hurler (1x/partie).
[17:59:44] [Client thread/INFO]: [CHAT]  
[17:59:44] [Client thread/INFO]: [CHAT]  Lorsque vous tuez un joueur, vous gagnez l'effet Speed I ainsi que 2? d'Absorption pendant 1 minute.
[17:59:44] [Client thread/INFO]: [CHAT]  
[17:59:51] [Client thread/INFO]: [CHAT] §8[§b§lHELPOP§8] §8§o#11 §f: tu peux re final heal stp  [Répondre]
[18:00:06] [Client thread/WARN]: Unable to play unknown soundEvent: minecraft:step.anvil
[18:00:07] [Client thread/WARN]: Unable to play unknown soundEvent: minecraft:step.anvil
[18:00:07] [Client thread/WARN]: Unable to play unknown soundEvent: minecraft:step.anvil
[18:00:07] [Client thread/WARN]: Unable to play unknown soundEvent: minecraft:step.anvil
[18:00:08] [Client thread/WARN]: Unable to play unknown soundEvent: minecraft:step.anvil
[18:01:09] [Client thread/INFO]: [CHAT] [LG UHC] La Voyante Bavarde a espionné le rôle d'un joueur qui figure parmi : Mire et Voleur.
[18:01:09] [Client thread/WARN]: Unable to play unknown soundEvent: minecraft:mob.enderman.idle
[18:01:28] [Client thread/INFO]: [CHAT] LucasNAVI, LumsGOAT69xX
[18:01:39] [Client thread/INFO]: [CHAT] [«] Most_Bloody
[18:02:30] [Client thread/WARN]: Unable to play unknown soundEvent: minecraft:step.anvil
[18:02:30] [Client thread/WARN]: Unable to play unknown soundEvent: minecraft:step.anvil
[18:02:31] [Client thread/WARN]: Unable to play unknown soundEvent: minecraft:step.anvil
[18:02:39] [Client thread/INFO]: [CHAT] [«] Badmosss
[18:02:44] [Client thread/INFO]: [CHAT] [»] Badmosss (4s)
[18:04:43] [Client thread/INFO]: [CHAT] [UHC] PvP activé dans 20 minutes.
[18:05:11] [Client thread/WARN]: Unable to play unknown soundEvent: minecraft:step.anvil
[18:05:11] [Client thread/WARN]: Unable to play unknown soundEvent: minecraft:step.anvil
[18:05:11] [Client thread/WARN]: Unable to play unknown soundEvent: minecraft:step.anvil
[18:05:28] [Client thread/INFO]: [CHAT] §8[§b§lHELPOP§8] §8§o#12 §f: aurais tu l'extreme amabilitee de faire un fh car flm dutifiser 3 gap  [Répondre]
[18:05:45] [Client thread/INFO]: [CHAT] §8[§e§lUHC§8]§f §aVotre réponse a bien été envoyée.§3 §3[Voir§3 §3la§3 §3réponse]
[18:06:04] [Client thread/INFO]: [CHAT] §8[§b§lHELPOP§8] §8§o#13 §f: d'accord je respecte ton choix  [Répondre]
[18:06:16] [Client thread/INFO]: [CHAT] §8[§e§lUHC§8]§f §aVotre réponse a bien été envoyée.§3 §3[Voir§3 §3la§3 §3réponse]
[18:07:56] [Client thread/WARN]: Unable to play unknown soundEvent: minecraft:step.anvil
[18:07:56] [Client thread/WARN]: Unable to play unknown soundEvent: minecraft:step.anvil
[18:07:56] [Client thread/WARN]: Unable to play unknown soundEvent: minecraft:step.anvil
[18:09:10] [Client thread/WARN]: Unable to play unknown soundEvent: minecraft:step.anvil
[18:09:10] [Client thread/WARN]: Unable to play unknown soundEvent: minecraft:step.anvil
[18:09:10] [Client thread/WARN]: Unable to play unknown soundEvent: minecraft:step.anvil
[18:10:51] [Client thread/WARN]: Unable to play unknown soundEvent: minecraft:step.anvil
[18:10:51] [Client thread/WARN]: Unable to play unknown soundEvent: minecraft:step.anvil
[18:10:52] [Client thread/WARN]: Unable to play unknown soundEvent: minecraft:step.anvil
[18:13:18] [Client thread/WARN]: Unable to play unknown soundEvent: minecraft:step.anvil
[18:13:18] [Client thread/WARN]: Unable to play unknown soundEvent: minecraft:step.anvil
[18:13:18] [Client thread/WARN]: Unable to play unknown soundEvent: minecraft:step.anvil
[18:14:41] [Client thread/WARN]: Unable to play unknown soundEvent: minecraft:step.anvil
[18:14:41] [Client thread/WARN]: Unable to play unknown soundEvent: minecraft:step.anvil
[18:14:41] [Client thread/WARN]: Unable to play unknown soundEvent: minecraft:step.anvil
[18:14:44] [Client thread/INFO]: [CHAT] [UHC] PvP activé dans 10 minutes.
[18:19:45] [Client thread/INFO]: [CHAT] 
[18:19:45] [Client thread/INFO]: [CHAT]  ---- Début de l'épisode 3 ----
[18:19:45] [Client thread/INFO]: [CHAT]  
[18:20:11] [Client thread/INFO]: [CHAT] [LG UHC] La Voyante Bavarde a espionné le rôle d'un joueur qui figure parmi : Chasseur et Loup-Garou Faussaire.
[18:20:11] [Client thread/WARN]: Unable to play unknown soundEvent: minecraft:mob.enderman.idle
[18:21:22] [Client thread/WARN]: Unable to play unknown soundEvent: minecraft:step.anvil
[18:21:23] [Client thread/WARN]: Unable to play unknown soundEvent: minecraft:step.anvil
[18:21:23] [Client thread/WARN]: Unable to play unknown soundEvent: minecraft:step.anvil
[18:21:23] [Client thread/WARN]: Unable to play unknown soundEvent: minecraft:step.anvil
[18:21:23] [Client thread/WARN]: Unable to play unknown soundEvent: minecraft:step.anvil
[18:21:23] [Client thread/WARN]: Unable to play unknown soundEvent: minecraft:step.anvil
[18:21:23] [Client thread/WARN]: Unable to play unknown soundEvent: minecraft:step.anvil
[18:21:26] [Client thread/INFO]: [CHAT] [»] Most_Bloody (1185s)
[18:21:44] [Client thread/INFO]: [CHAT] [UHC] PvP activé dans 3 minutes.
[18:21:46] [Client thread/INFO]: [CHAT] [«] Most_Bloody
[18:21:46] [Client thread/INFO]: [CHAT] [«] LumsGOAT69xX
[18:21:55] [Client thread/WARN]: Unable to play unknown soundEvent: minecraft:step.anvil
[18:21:56] [Client thread/WARN]: Unable to play unknown soundEvent: minecraft:step.anvil
[18:21:56] [Client thread/WARN]: Unable to play unknown soundEvent: minecraft:step.anvil
[18:21:56] [Client thread/WARN]: Unable to play unknown soundEvent: minecraft:step.anvil
[18:22:16] [Client thread/INFO]: [CHAT] ---------- ?  Rôle ? ---------- 
[18:22:16] [Client thread/INFO]: [CHAT]  
[18:22:16] [Client thread/INFO]: [CHAT]  • Vous êtes Loup-Garou Blanc
[18:22:16] [Client thread/INFO]: [CHAT]  • Objectif : Vous devez gagner Seul.
[18:22:16] [Client thread/INFO]: [CHAT]  • Aura : Obscure
[18:22:16] [Client thread/INFO]: [CHAT]  
[18:22:16] [Client thread/INFO]: [CHAT]  Vous possédez 15? permanents ainsi qu'un effet Force la nuit.
[18:22:16] [Client thread/INFO]: [CHAT]  
[18:22:16] [Client thread/INFO]: [CHAT]  Vous faites partie du camp des Loups-Garous mais votre véritable but est de gagner seul en éliminant l'ensemble des joueurs de la partie, y compris votre propre camp.
[18:22:16] [Client thread/INFO]: [CHAT]  
[18:22:16] [Client thread/INFO]: [CHAT]  Vous pouvez pousser un hurlement avec la commande /lg hurler (1x/partie).
[18:22:16] [Client thread/INFO]: [CHAT]  
[18:22:16] [Client thread/INFO]: [CHAT]  Lorsque vous tuez un joueur, vous gagnez l'effet Speed I ainsi que 2? d'Absorption pendant 1 minute.
[18:22:16] [Client thread/INFO]: [CHAT]  
[18:22:42] [Client thread/INFO]: [CHAT] [»] LumsGOAT69xX (55s)
[18:23:44] [Client thread/INFO]: [CHAT] [UHC] PvP activé dans 1 minute.
[18:24:44] [Client thread/INFO]: [CHAT] [UHC] PvP activé !
[18:24:44] [Client thread/INFO]: [CHAT] [LG UHC] Vous avez désormais accès à la liste des Loups-Garous et à un hurlement. Tapez /lg role pour en savoir plus.
[18:24:47] [Client thread/INFO]: [CHAT] ---------- ?  Rôle ? ---------- 
[18:24:47] [Client thread/INFO]: [CHAT]  
[18:24:47] [Client thread/INFO]: [CHAT]  • Vous êtes Loup-Garou Blanc
[18:24:47] [Client thread/INFO]: [CHAT]  • Objectif : Vous devez gagner Seul.
[18:24:47] [Client thread/INFO]: [CHAT]  • Aura : Obscure
[18:24:47] [Client thread/INFO]: [CHAT]  
[18:24:47] [Client thread/INFO]: [CHAT]  Vous possédez 15? permanents ainsi qu'un effet Force la nuit.
[18:24:47] [Client thread/INFO]: [CHAT]  
[18:24:47] [Client thread/INFO]: [CHAT]  Vous faites partie du camp des Loups-Garous mais votre véritable but est de gagner seul en éliminant l'ensemble des joueurs de la partie, y compris votre propre camp.
[18:24:47] [Client thread/INFO]: [CHAT]  
[18:24:47] [Client thread/INFO]: [CHAT]  Vous pouvez pousser un hurlement avec la commande /lg hurler (1x/partie).
[18:24:47] [Client thread/INFO]: [CHAT]  
[18:24:47] [Client thread/INFO]: [CHAT]  Lorsque vous tuez un joueur, vous gagnez l'effet Speed I ainsi que 2? d'Absorption pendant 1 minute.
[18:24:47] [Client thread/INFO]: [CHAT]    
[18:24:47] [Client thread/INFO]: [CHAT] --- ?  A la queue-leu-loup ? ---
[18:24:47] [Client thread/INFO]: [CHAT]  
[18:24:47] [Client thread/INFO]: [CHAT]  Nox_Leloup   VGL1710   Vei_1   kingdrav1   Taiko___   Badmosss   mayorie   
[18:24:47] [Client thread/INFO]: [CHAT]  
[18:28:06] [Client thread/INFO]: [CHAT] [UHC] Le chat est bloqué.
[18:28:24] [Client thread/WARN]: Needed to grow BufferBuilder buffer: Old size 524288 bytes, new size 2621440 bytes.
[18:28:44] [Client thread/INFO]: [CHAT] §8[§b§lHELPOP§8] §8§o#14 §f: Le jeu  [Répondre]
[18:28:56] [Client thread/INFO]: [CHAT] §8[§e§lUHC§8]§f §aVotre réponse a bien été envoyée.§3 §3[Voir§3 §3la§3 §3réponse]
[18:30:10] [Client thread/INFO]: [CHAT] [«] VGL1710
[18:30:57] [Client thread/WARN]: Unable to play unknown soundEvent: minecraft:step.anvil
[18:30:58] [Client thread/WARN]: Unable to play unknown soundEvent: minecraft:step.anvil
[18:31:07] [Client thread/WARN]: Unable to play unknown soundEvent: minecraft:step.anvil
[18:31:09] [Client thread/WARN]: Unable to play unknown soundEvent: minecraft:step.anvil
[18:31:10] [Client thread/WARN]: Unable to play unknown soundEvent: minecraft:step.anvil
[18:31:12] [Client thread/WARN]: Unable to play unknown soundEvent: minecraft:step.anvil
[18:31:23] [Client thread/WARN]: Unable to play unknown soundEvent: minecraft:step.anvil
[18:31:23] [Client thread/WARN]: Unable to play unknown soundEvent: minecraft:step.anvil
[18:31:23] [Client thread/WARN]: Unable to play unknown soundEvent: minecraft:step.anvil
[18:37:02] [Client thread/WARN]: Unable to play unknown soundEvent: minecraft:step.anvil
[18:37:08] [Client thread/WARN]: Unable to play unknown soundEvent: minecraft:step.anvil
[18:37:10] [Client thread/WARN]: Unable to play unknown soundEvent: minecraft:step.anvil
[18:37:10] [Client thread/WARN]: Unable to play unknown soundEvent: minecraft:step.anvil
[18:37:11] [Client thread/WARN]: Unable to play unknown soundEvent: minecraft:step.anvil
[18:37:19] [Client thread/WARN]: Unable to play unknown soundEvent: minecraft:step.anvil
[18:37:19] [Client thread/WARN]: Unable to play unknown soundEvent: minecraft:step.anvil
[18:37:20] [Client thread/WARN]: Unable to play unknown soundEvent: minecraft:step.anvil
[18:37:21] [Client thread/INFO]: [CHAT] [«] Fayazer
[18:37:28] [Client thread/INFO]: [CHAT] [»] Fayazer (6s)
[18:38:13] [Client thread/INFO]: [CHAT] [LG UHC] Le joueur Taiko___ possède le niveau d'Honneur suivant : 0
[18:39:47] [Client thread/INFO]: [CHAT] 
[18:39:47] [Client thread/INFO]: [CHAT]  ---- Début de l'épisode 4 ----
[18:39:47] [Client thread/INFO]: [CHAT]  
[18:40:08] [Client thread/INFO]: [CHAT] [LG UHC] La Voyante Bavarde a espionné le rôle d'un joueur qui figure parmi : Soeur et Loup-Garou Faussaire.
[18:40:08] [Client thread/WARN]: Unable to play unknown soundEvent: minecraft:mob.enderman.idle
[18:41:39] [Client thread/INFO]: [CHAT] [LG UHC] Un vote est lancé ! (Vote #1)
[18:41:39] [Client thread/INFO]: [CHAT] [LG UHC] Vous avez 10 minutes pour voter contre un joueur en vous rendant dans un bâtiment prévu à cet effet. La capacité des urnes est de : 5 !
[18:41:50] [Client thread/INFO]: [CHAT] ------------- ? -------------
[18:41:50] [Client thread/INFO]: [CHAT]  Le village a perdu un de ses membres dû à une déconnexion : Most_Bloody, qui était Petite Fille.
[18:41:50] [Client thread/INFO]: [CHAT] ----------------------------
[18:43:08] [Client thread/INFO]: [CHAT] [LG UHC] Un hurlement glaçant se fait entendre au loin... Seuls les Loups-Garous et la Petite Fille invisible peuvent l'entendre !
[18:43:21] [Client thread/INFO]: [CHAT] [LG UHC] Cette urne est pleine !
[18:44:39] [Client thread/INFO]: [CHAT] [LG UHC] Vous portez votre vote sur Wolfeur24.
[18:44:48] [Client thread/INFO]: [CHAT] [LG UHC] Vous venez d'être espionné par un rôle à informations !
[18:45:00] [Client thread/INFO]: [CHAT] WolfRafox, Wolfeur24, Wozac
[18:45:01] [Client thread/INFO]: [CHAT] WolfRafox, Wolfeur24, Wozac
[18:45:02] [Client thread/INFO]: [CHAT] WolfRafox, Wolfeur24, Wozac
[18:48:41] [Client thread/INFO]: [CHAT] [LG UHC] Le vote se termine dans 3m00s ! N'oubliez pas de voter !
[18:50:44] [Client thread/INFO]: [CHAT] ------------- ? -------------
[18:50:44] [Client thread/INFO]: [CHAT]  Le village a perdu un de ses membres : Fayazer, qui était seikufnzieuio.
[18:50:44] [Client thread/INFO]: [CHAT] ----------------------------
[18:51:39] [Client thread/INFO]: [CHAT] [LG - EXPOSED ?] Le rôle Loup-Garou Déloyal se trouve parmi les joueurs : Kioua, Nox_Leloup, THeGhost48, LucasNAVI, Vei_1
[18:51:41] [Client thread/INFO]: [CHAT] [LG UHC] Fin de la période de vote.
[18:51:42] [Client thread/WARN]: Unable to play unknown soundEvent: minecraft:step.anvil
[18:51:51] [Client thread/INFO]: [CHAT] [LG UHC] Résultat du vote #1
[18:51:51] [Client thread/INFO]: [CHAT] [LG UHC] Le joueur Vei_1 est la cible majoritaire des votes avec 5 votes. Il perd donc 2 niveaux d'Honneur !
[18:51:51] [Client thread/INFO]: [CHAT] [LG - EXPOSED] Le rôle de Vei_1 se trouve parmi les rôles suivants : Lapin   Loup-Garou Déloyal   Loup-Garou Perfide  Soeur
[18:52:23] [Client thread/INFO]: [CHAT] ------------- ? -------------
[18:52:23] [Client thread/INFO]: [CHAT]  Le village a perdu un de ses membres : Vei_1, qui était Loup-Garou Déloyal.
[18:52:23] [Client thread/INFO]: [CHAT] ----------------------------
[18:54:29] [Client thread/INFO]: [CHAT] [UHC] Le chat est bloqué.
[18:54:43] [Client thread/INFO]: [CHAT] [LG - AURORE] La couleur des cieux change et parmi ces lumières, vous distinguez les noms de trois duos qui partagent actuellement la même aura : doudoux1427 et kingdrav1 // Wolfeur24 et Wozac // FlyseCestMoi et mayorie
[18:54:43] [Client thread/INFO]: [CHAT] ------------- ? -------------
[18:54:43] [Client thread/INFO]: [CHAT]  Le village a perdu un de ses membres : Kitsuney_01, qui était seikufnzieuio.
[18:54:43] [Client thread/INFO]: [CHAT] ----------------------------
[18:54:45] [Client thread/INFO]: [CHAT] [UHC] Le chat est bloqué.
[18:54:49] [Client thread/INFO]: [CHAT] [UHC] Début du Meetup dans 5 minutes.
[18:55:41] [Client thread/INFO]: [CHAT] [LG UHC] Un hurlement glaçant se fait entendre au loin... Seuls les Loups-Garous et la Petite Fille invisible peuvent l'entendre !
[18:56:49] [Client thread/INFO]: [CHAT] [UHC] Début du Meetup dans 3 minutes.
[18:58:50] [Client thread/INFO]: [CHAT] [UHC] Début du Meetup dans 1 minute.
[18:59:50] [Client thread/INFO]: [CHAT] [UHC] Meetup activé !
[18:59:51] [Client thread/INFO]: [CHAT] 
[18:59:51] [Client thread/INFO]: [CHAT]  ---- Début de l'épisode 5 ----
[18:59:51] [Client thread/INFO]: [CHAT]  
[18:59:55] [Client thread/INFO]: [CHAT] [LG UHC] La Voyante Bavarde a espionné le rôle d'un joueur qui figure parmi : Lapin et Détective.
[18:59:55] [Client thread/WARN]: Unable to play unknown soundEvent: minecraft:mob.enderman.idle
[19:02:09] [Client thread/INFO]: [CHAT] /starter, /stats, /stopborder, /stopuhc
[19:02:10] [Client thread/INFO]: [CHAT] /starter, /stats, /stopborder, /stopuhc
[19:04:00] [Client thread/INFO]: [CHAT] ------------- ? -------------
[19:04:00] [Client thread/INFO]: [CHAT]  Le village a perdu un de ses membres : LucasNAVI, qui était Feu Follet.
[19:04:00] [Client thread/INFO]: [CHAT] ----------------------------
[19:05:54] [Client thread/INFO]: [CHAT] [LG UHC] Un vote est lancé ! (Vote #2)
[19:05:54] [Client thread/INFO]: [CHAT] [LG UHC] Vous avez 10 minutes pour voter contre un joueur en vous rendant dans un bâtiment prévu à cet effet. La capacité des urnes est de : 5 !
[19:07:26] [Client thread/INFO]: [CHAT] ------------- ? -------------
[19:07:26] [Client thread/INFO]: [CHAT]  Le village a perdu un de ses membres : Wozac, qui était Avocat.
[19:07:26] [Client thread/INFO]: [CHAT] ----------------------------
[19:09:59] [Client thread/INFO]: [CHAT] ------------- ? -------------
[19:09:59] [Client thread/INFO]: [CHAT]  Le village a perdu un de ses membres : Kioua, qui était Chasseur.
[19:09:59] [Client thread/INFO]: [CHAT] ----------------------------
[19:10:00] [Client thread/INFO]: [CHAT] [LG UHC] Vous venez de mourir mais vous avez encore une chance d'être ressuscité. Dans le cas contraire, vous mourrez définitivement dans 10 secondes.
[19:10:05] [Client thread/INFO]: [CHAT] ------------- ? -------------
[19:10:05] [Client thread/INFO]: [CHAT]  Le village a perdu un de ses membres : kingdrav1, qui était Loup-Garou Perfide.
[19:10:05] [Client thread/INFO]: [CHAT] ----------------------------
[19:10:10] [Client thread/INFO]: [CHAT] 
[19:10:10] [Client thread/INFO]: [CHAT] [UHC] Les groupes sont désormais limités à 4 joueurs.
[19:10:10] [Client thread/INFO]: [CHAT]  
[19:10:10] [Client thread/INFO]: [CHAT] ------------- ? -------------
[19:10:10] [Client thread/INFO]: [CHAT]  Le village a perdu un de ses membres : mayorie, qui était Loup-Garou Blanc.
[19:10:10] [Client thread/INFO]: [CHAT] ----------------------------
[19:10:11] [Client thread/INFO]: [CHAT] [?] Vous avez été déplacé vers le canal Spectateurs sur Mumble.
[19:10:16] [Client thread/INFO]: [CHAT] §8? §8§l[§r§d§l!§8§l] §8 (§9LG§8) §d§cBadmosss §r§7[Vilain Petit Loup]§8 » §5§4Variation d'honneur  -3 -> -3 raison : Kill
[19:10:16] [Client thread/INFO]: [CHAT] ------------- ? -------------
[19:10:16] [Client thread/INFO]: [CHAT]  Le village a perdu un de ses membres : THeGhost48, qui était seikufnzieuio.
[19:10:16] [Client thread/INFO]: [CHAT] ----------------------------
[19:10:34] [Client thread/INFO]: [CHAT] §8? §8§l[§r§d§l!§8§l] §8 (§eUHC§8) §dReyZohh§8 » §5Non-respect des groupes (5)
[19:10:39] [Client thread/INFO]: [CHAT] §8? §8§l[§r§d§l!§8§l] §8 (§9LG§8) §d§cLumsGOAT69xX §r§7[Renard]§8 » §5§4Variation d'honneur  -1 -> 0 raison : Vote urne
[19:10:43] [Client thread/INFO]: [CHAT] §8? §8§l[§r§d§l!§8§l] §8 (§9LG§8) §d§cXxTominhoPGM69xX §r§7[Cupidon]§8 » §5§4Variation d'honneur  1 -> 2 raison : Vote urne
[19:10:45] [Client thread/INFO]: [CHAT] §8? §8§l[§r§d§l!§8§l] §8 (§9LG§8) §d§clolo_hydra §r§7[Détective]§8 » §5§4Variation d'honneur  -1 -> 0 raison : Vote urne
[19:10:51] [Client thread/INFO]: [CHAT] §8? §8§l[§r§d§l!§8§l] §8 (§9LG§8) §d§cRaiitoPGM91 §r§7[Salvateur]§8 » §5§4Variation d'honneur  1 -> 2 raison : Vote urne
[19:10:55] [Client thread/INFO]: [CHAT] [LG UHC] Le Chasseur a tiré sur FlyseCestMoi. Celui-ci perd donc 6?.
[19:10:57] [Client thread/INFO]: [CHAT] §8? §8§l[§r§d§l!§8§l] §8 (§6PvP§8) §dImSmarterThanYou§8 » §5FlyseCestMoi
[19:10:58] [Client thread/INFO]: [CHAT] §8? §8§l[§r§d§l!§8§l] §8 (§4Mort§8) §dFlyseCestMoi§8 » §5Tué par ImSmarterThanYou
[19:11:06] [Client thread/INFO]: [CHAT] [HOST] Vous vous téléportez en X:30, Y:79, Z:-125 du monde arena1.
[19:11:08] [Client thread/INFO]: [CHAT] §8? §8§l[§r§d§l!§8§l] §8 (§9LG§8) §d§cImSmarterThanYou §r§7[Soeur]§8 » §5§4Variation d'honneur  1 -> 3 raison : Kill
[19:11:08] [Client thread/INFO]: [CHAT] ------------- ? -------------
[19:11:08] [Client thread/INFO]: [CHAT]  Le village a perdu un de ses membres : FlyseCestMoi, qui était Assassin.
[19:11:08] [Client thread/INFO]: [CHAT] ----------------------------
[19:11:35] [Client thread/INFO]: [CHAT] §8? §8§l[§r§d§l!§8§l] §8 (§eUHC§8) §dLEONPRIME63§8 » §5Non-respect des groupes (5)
[19:11:51] [Client thread/INFO]: [CHAT] §8? §8§l[§r§d§l!§8§l] §8 (§eUHC§8) §dRaiitoPGM91§8 » §5Non-respect des groupes (5)
[19:12:16] [Client thread/INFO]: [CHAT] §8? §8§l[§r§d§l!§8§l] §8 (§9/§8) §dmayorie§8 » §5/tp mayorie FlyseCestMoi
[19:12:16] [Client thread/INFO]: [CHAT] Teleported mayorie to FlyseCestMoi
[19:12:18] [Client thread/INFO]: [CHAT] §8? §8§l[§r§d§l!§8§l] §8 (§eUHC§8) §dMDUCOQ§8 » §5Non-respect des groupes (5)
[19:12:32] [Client thread/INFO]: [CHAT] §8? §8§l[§r§d§l!§8§l] §8 (§6PvP§8) §dMDUCOQ§8 » §5Justxijio
[19:12:35] [Client thread/INFO]: [CHAT] §8? §8§l[§r§d§l!§8§l] §8 (§eUHC§8) §dImSmarterThanYou§8 » §5Non-respect des groupes (5)
[19:12:36] [Client thread/INFO]: [CHAT] §8? §8§l[§r§d§l!§8§l] §8 (§9LG§8) §d§cLEONPRIME63 §r§7[Mire]§8 » §5§4Variation d'honneur  3 -> 2 raison : Non respect des groupes
[19:12:36] [Client thread/INFO]: [CHAT] §8? §8§l[§r§d§l!§8§l] §8 (§9LG§8) §d§cReyZohh §r§7[Sorcière]§8 » §5§4Variation d'honneur  0 -> -1 raison : Non respect des groupes
[19:12:36] [Client thread/INFO]: [CHAT] §8? §8§l[§r§d§l!§8§l] §8 (§9LG§8) §d§cImSmarterThanYou §r§7[Soeur]§8 » §5§4Variation d'honneur  3 -> 2 raison : Non respect des groupes
[19:12:51] [Client thread/INFO]: [CHAT] §8? §8§l[§r§d§l!§8§l] §8 (§9LG§8) §d§cWolfeur24 §r§7[Soeur]§8 » §5§4Variation d'honneur  0 -> -1 raison : Non respect des groupes
[19:12:53] [Client thread/INFO]: [CHAT] §8? §8§l[§r§d§l!§8§l] §8 (§6PvP§8) §dWolfRafox§8 » §5doudoux1427
[19:12:55] [Client thread/INFO]: [CHAT] [LG UHC] Le vote se termine dans 3m00s ! N'oubliez pas de voter !
[19:13:10] [Client thread/INFO]: [CHAT] §8? §8§l[§r§d§l!§8§l] §8 (§9LG§8) §d§cTaiko___ §r§7[Loup-Garou Feutré]§8 » §5§4Hurlement
[19:14:34] [Client thread/INFO]: [CHAT] You were kicked from lg-699: Unstable connection
[19:14:34] [Client thread/FATAL]: Error executing task
java.util.concurrent.ExecutionException: java.lang.NullPointerException
	at java.util.concurrent.FutureTask.report(FutureTask.java:122) ~[?:1.8.0_51]
	at java.util.concurrent.FutureTask.get(FutureTask.java:192) ~[?:1.8.0_51]
	at net.minecraft.util.Util.func_181617_a(SourceFile:45) [g.class:?]
	at net.minecraft.client.Minecraft.func_71411_J(Minecraft.java:1014) [ave.class:?]
	at net.minecraft.client.Minecraft.func_99999_d(Minecraft.java:349) [ave.class:?]
	at net.minecraft.client.main.Main.main(SourceFile:124) [Main.class:?]
	at sun.reflect.NativeMethodAccessorImpl.invoke0(Native Method) ~[?:1.8.0_51]
	at sun.reflect.NativeMethodAccessorImpl.invoke(NativeMethodAccessorImpl.java:62) ~[?:1.8.0_51]
	at sun.reflect.DelegatingMethodAccessorImpl.invoke(DelegatingMethodAccessorImpl.java:43) ~[?:1.8.0_51]
	at java.lang.reflect.Method.invoke(Method.java:497) ~[?:1.8.0_51]
	at net.minecraft.launchwrapper.Launch.launch(Launch.java:135) [launchwrapper-1.12.jar:?]
	at net.minecraft.launchwrapper.Launch.main(Launch.java:28) [launchwrapper-1.12.jar:?]
Caused by: java.lang.NullPointerException
	at net.minecraft.network.play.server.S0CPacketSpawnPlayer.func_148944_c(SourceFile:80) ~[fp.class:?]
	at net.minecraft.client.network.NetHandlerPlayClient.func_147237_a(NetHandlerPlayClient.java:501) ~[bcy.class:?]
	at net.minecraft.network.play.server.S0CPacketSpawnPlayer.func_148833_a(SourceFile:75) ~[fp.class:?]
	at net.minecraft.network.play.server.S0CPacketSpawnPlayer.func_148833_a(SourceFile:16) ~[fp.class:?]
	at net.minecraft.network.PacketThreadUtil$1.run(SourceFile:13) ~[fh$1.class:?]
	at java.util.concurrent.Executors$RunnableAdapter.call(Executors.java:511) ~[?:1.8.0_51]
	at java.util.concurrent.FutureTask.run(FutureTask.java:266) ~[?:1.8.0_51]
	at net.minecraft.util.Util.func_181617_a(SourceFile:44) ~[g.class:?]
	... 9 more
[19:14:34] [Client thread/FATAL]: Error executing task
java.util.concurrent.ExecutionException: java.lang.IllegalArgumentException: A team with the name 'citizen_team' already exists!
	at java.util.concurrent.FutureTask.report(FutureTask.java:122) ~[?:1.8.0_51]
	at java.util.concurrent.FutureTask.get(FutureTask.java:192) ~[?:1.8.0_51]
	at net.minecraft.util.Util.func_181617_a(SourceFile:45) [g.class:?]
	at net.minecraft.client.Minecraft.func_71411_J(Minecraft.java:1014) [ave.class:?]
	at net.minecraft.client.Minecraft.func_99999_d(Minecraft.java:349) [ave.class:?]
	at net.minecraft.client.main.Main.main(SourceFile:124) [Main.class:?]
	at sun.reflect.NativeMethodAccessorImpl.invoke0(Native Method) ~[?:1.8.0_51]
	at sun.reflect.NativeMethodAccessorImpl.invoke(NativeMethodAccessorImpl.java:62) ~[?:1.8.0_51]
	at sun.reflect.DelegatingMethodAccessorImpl.invoke(DelegatingMethodAccessorImpl.java:43) ~[?:1.8.0_51]
	at java.lang.reflect.Method.invoke(Method.java:497) ~[?:1.8.0_51]
	at net.minecraft.launchwrapper.Launch.launch(Launch.java:135) [launchwrapper-1.12.jar:?]
	at net.minecraft.launchwrapper.Launch.main(Launch.java:28) [launchwrapper-1.12.jar:?]
Caused by: java.lang.IllegalArgumentException: A team with the name 'citizen_team' already exists!
	at net.minecraft.scoreboard.Scoreboard.func_96527_f(SourceFile:218) ~[auo.class:?]
	at net.minecraft.client.network.NetHandlerPlayClient.func_147247_a(NetHandlerPlayClient.java:1773) ~[bcy.class:?]
	at net.minecraft.network.play.server.S3EPacketTeams.func_148833_a(SourceFile:113) ~[hr.class:?]
	at net.minecraft.network.play.server.S3EPacketTeams.func_148833_a(SourceFile:13) ~[hr.class:?]
	at net.minecraft.network.PacketThreadUtil$1.run(SourceFile:13) ~[fh$1.class:?]
	at java.util.concurrent.Executors$RunnableAdapter.call(Executors.java:511) ~[?:1.8.0_51]
	at java.util.concurrent.FutureTask.run(FutureTask.java:266) ~[?:1.8.0_51]
	at net.minecraft.util.Util.func_181617_a(SourceFile:44) ~[g.class:?]
	... 9 more
[19:14:34] [Client thread/FATAL]: Error executing task
java.util.concurrent.ExecutionException: java.lang.NullPointerException
	at java.util.concurrent.FutureTask.report(FutureTask.java:122) ~[?:1.8.0_51]
	at java.util.concurrent.FutureTask.get(FutureTask.java:192) ~[?:1.8.0_51]
	at net.minecraft.util.Util.func_181617_a(SourceFile:45) [g.class:?]
	at net.minecraft.client.Minecraft.func_71411_J(Minecraft.java:1014) [ave.class:?]
	at net.minecraft.client.Minecraft.func_99999_d(Minecraft.java:349) [ave.class:?]
	at net.minecraft.client.main.Main.main(SourceFile:124) [Main.class:?]
	at sun.reflect.NativeMethodAccessorImpl.invoke0(Native Method) ~[?:1.8.0_51]
	at sun.reflect.NativeMethodAccessorImpl.invoke(NativeMethodAccessorImpl.java:62) ~[?:1.8.0_51]
	at sun.reflect.DelegatingMethodAccessorImpl.invoke(DelegatingMethodAccessorImpl.java:43) ~[?:1.8.0_51]
	at java.lang.reflect.Method.invoke(Method.java:497) ~[?:1.8.0_51]
	at net.minecraft.launchwrapper.Launch.launch(Launch.java:135) [launchwrapper-1.12.jar:?]
	at net.minecraft.launchwrapper.Launch.main(Launch.java:28) [launchwrapper-1.12.jar:?]
Caused by: java.lang.NullPointerException
	at net.minecraft.network.play.server.S0CPacketSpawnPlayer.func_148944_c(SourceFile:80) ~[fp.class:?]
	at net.minecraft.client.network.NetHandlerPlayClient.func_147237_a(NetHandlerPlayClient.java:501) ~[bcy.class:?]
	at net.minecraft.network.play.server.S0CPacketSpawnPlayer.func_148833_a(SourceFile:75) ~[fp.class:?]
	at net.minecraft.network.play.server.S0CPacketSpawnPlayer.func_148833_a(SourceFile:16) ~[fp.class:?]
	at net.minecraft.network.PacketThreadUtil$1.run(SourceFile:13) ~[fh$1.class:?]
	at java.util.concurrent.Executors$RunnableAdapter.call(Executors.java:511) ~[?:1.8.0_51]
	at java.util.concurrent.FutureTask.run(FutureTask.java:266) ~[?:1.8.0_51]
	at net.minecraft.util.Util.func_181617_a(SourceFile:44) ~[g.class:?]
	... 9 more
[19:14:34] [Client thread/FATAL]: Error executing task
java.util.concurrent.ExecutionException: java.lang.NullPointerException
	at java.util.concurrent.FutureTask.report(FutureTask.java:122) ~[?:1.8.0_51]
	at java.util.concurrent.FutureTask.get(FutureTask.java:192) ~[?:1.8.0_51]
	at net.minecraft.util.Util.func_181617_a(SourceFile:45) [g.class:?]
	at net.minecraft.client.Minecraft.func_71411_J(Minecraft.java:1014) [ave.class:?]
	at net.minecraft.client.Minecraft.func_99999_d(Minecraft.java:349) [ave.class:?]
	at net.minecraft.client.main.Main.main(SourceFile:124) [Main.class:?]
	at sun.reflect.NativeMethodAccessorImpl.invoke0(Native Method) ~[?:1.8.0_51]
	at sun.reflect.NativeMethodAccessorImpl.invoke(NativeMethodAccessorImpl.java:62) ~[?:1.8.0_51]
	at sun.reflect.DelegatingMethodAccessorImpl.invoke(DelegatingMethodAccessorImpl.java:43) ~[?:1.8.0_51]
	at java.lang.reflect.Method.invoke(Method.java:497) ~[?:1.8.0_51]
	at net.minecraft.launchwrapper.Launch.launch(Launch.java:135) [launchwrapper-1.12.jar:?]
	at net.minecraft.launchwrapper.Launch.main(Launch.java:28) [launchwrapper-1.12.jar:?]
Caused by: java.lang.NullPointerException
	at net.minecraft.network.play.server.S0FPacketSpawnMob.func_149027_c(SourceFile:114) ~[fn.class:?]
	at net.minecraft.client.network.NetHandlerPlayClient.func_147281_a(NetHandlerPlayClient.java:840) ~[bcy.class:?]
	at net.minecraft.network.play.server.S0FPacketSpawnMob.func_148833_a(SourceFile:109) ~[fn.class:?]
	at net.minecraft.network.play.server.S0FPacketSpawnMob.func_148833_a(SourceFile:15) ~[fn.class:?]
	at net.minecraft.network.PacketThreadUtil$1.run(SourceFile:13) ~[fh$1.class:?]
	at java.util.concurrent.Executors$RunnableAdapter.call(Executors.java:511) ~[?:1.8.0_51]
	at java.util.concurrent.FutureTask.run(FutureTask.java:266) ~[?:1.8.0_51]
	at net.minecraft.util.Util.func_181617_a(SourceFile:44) ~[g.class:?]
	... 9 more
[19:14:34] [Client thread/FATAL]: Error executing task
java.util.concurrent.ExecutionException: java.lang.NullPointerException
	at java.util.concurrent.FutureTask.report(FutureTask.java:122) ~[?:1.8.0_51]
	at java.util.concurrent.FutureTask.get(FutureTask.java:192) ~[?:1.8.0_51]
	at net.minecraft.util.Util.func_181617_a(SourceFile:45) [g.class:?]
	at net.minecraft.client.Minecraft.func_71411_J(Minecraft.java:1014) [ave.class:?]
	at net.minecraft.client.Minecraft.func_99999_d(Minecraft.java:349) [ave.class:?]
	at net.minecraft.client.main.Main.main(SourceFile:124) [Main.class:?]
	at sun.reflect.NativeMethodAccessorImpl.invoke0(Native Method) ~[?:1.8.0_51]
	at sun.reflect.NativeMethodAccessorImpl.invoke(NativeMethodAccessorImpl.java:62) ~[?:1.8.0_51]
	at sun.reflect.DelegatingMethodAccessorImpl.invoke(DelegatingMethodAccessorImpl.java:43) ~[?:1.8.0_51]
	at java.lang.reflect.Method.invoke(Method.java:497) ~[?:1.8.0_51]
	at net.minecraft.launchwrapper.Launch.launch(Launch.java:135) [launchwrapper-1.12.jar:?]
	at net.minecraft.launchwrapper.Launch.main(Launch.java:28) [launchwrapper-1.12.jar:?]
Caused by: java.lang.NullPointerException
	at net.minecraft.network.play.server.S0FPacketSpawnMob.func_149027_c(SourceFile:114) ~[fn.class:?]
	at net.minecraft.client.network.NetHandlerPlayClient.func_147281_a(NetHandlerPlayClient.java:840) ~[bcy.class:?]
	at net.minecraft.network.play.server.S0FPacketSpawnMob.func_148833_a(SourceFile:109) ~[fn.class:?]
	at net.minecraft.network.play.server.S0FPacketSpawnMob.func_148833_a(SourceFile:15) ~[fn.class:?]
	at net.minecraft.network.PacketThreadUtil$1.run(SourceFile:13) ~[fh$1.class:?]
	at java.util.concurrent.Executors$RunnableAdapter.call(Executors.java:511) ~[?:1.8.0_51]
	at java.util.concurrent.FutureTask.run(FutureTask.java:266) ~[?:1.8.0_51]
	at net.minecraft.util.Util.func_181617_a(SourceFile:44) ~[g.class:?]
	... 9 more
[19:14:34] [Client thread/FATAL]: Error executing task
java.util.concurrent.ExecutionException: java.lang.NullPointerException
	at java.util.concurrent.FutureTask.report(FutureTask.java:122) ~[?:1.8.0_51]
	at java.util.concurrent.FutureTask.get(FutureTask.java:192) ~[?:1.8.0_51]
	at net.minecraft.util.Util.func_181617_a(SourceFile:45) [g.class:?]
	at net.minecraft.client.Minecraft.func_71411_J(Minecraft.java:1014) [ave.class:?]
	at net.minecraft.client.Minecraft.func_99999_d(Minecraft.java:349) [ave.class:?]
	at net.minecraft.client.main.Main.main(SourceFile:124) [Main.class:?]
	at sun.reflect.NativeMethodAccessorImpl.invoke0(Native Method) ~[?:1.8.0_51]
	at sun.reflect.NativeMethodAccessorImpl.invoke(NativeMethodAccessorImpl.java:62) ~[?:1.8.0_51]
	at sun.reflect.DelegatingMethodAccessorImpl.invoke(DelegatingMethodAccessorImpl.java:43) ~[?:1.8.0_51]
	at java.lang.reflect.Method.invoke(Method.java:497) ~[?:1.8.0_51]
	at net.minecraft.launchwrapper.Launch.launch(Launch.java:135) [launchwrapper-1.12.jar:?]
	at net.minecraft.launchwrapper.Launch.main(Launch.java:28) [launchwrapper-1.12.jar:?]
Caused by: java.lang.NullPointerException
	at net.minecraft.network.play.server.S0FPacketSpawnMob.func_149027_c(SourceFile:114) ~[fn.class:?]
	at net.minecraft.client.network.NetHandlerPlayClient.func_147281_a(NetHandlerPlayClient.java:840) ~[bcy.class:?]
	at net.minecraft.network.play.server.S0FPacketSpawnMob.func_148833_a(SourceFile:109) ~[fn.class:?]
	at net.minecraft.network.play.server.S0FPacketSpawnMob.func_148833_a(SourceFile:15) ~[fn.class:?]
	at net.minecraft.network.PacketThreadUtil$1.run(SourceFile:13) ~[fh$1.class:?]
	at java.util.concurrent.Executors$RunnableAdapter.call(Executors.java:511) ~[?:1.8.0_51]
	at java.util.concurrent.FutureTask.run(FutureTask.java:266) ~[?:1.8.0_51]
	at net.minecraft.util.Util.func_181617_a(SourceFile:44) ~[g.class:?]
	... 9 more
[19:14:34] [Client thread/FATAL]: Error executing task
java.util.concurrent.ExecutionException: java.lang.NullPointerException
	at java.util.concurrent.FutureTask.report(FutureTask.java:122) ~[?:1.8.0_51]
	at java.util.concurrent.FutureTask.get(FutureTask.java:192) ~[?:1.8.0_51]
	at net.minecraft.util.Util.func_181617_a(SourceFile:45) [g.class:?]
	at net.minecraft.client.Minecraft.func_71411_J(Minecraft.java:1014) [ave.class:?]
	at net.minecraft.client.Minecraft.func_99999_d(Minecraft.java:349) [ave.class:?]
	at net.minecraft.client.main.Main.main(SourceFile:124) [Main.class:?]
	at sun.reflect.NativeMethodAccessorImpl.invoke0(Native Method) ~[?:1.8.0_51]
	at sun.reflect.NativeMethodAccessorImpl.invoke(NativeMethodAccessorImpl.java:62) ~[?:1.8.0_51]
	at sun.reflect.DelegatingMethodAccessorImpl.invoke(DelegatingMethodAccessorImpl.java:43) ~[?:1.8.0_51]
	at java.lang.reflect.Method.invoke(Method.java:497) ~[?:1.8.0_51]
	at net.minecraft.launchwrapper.Launch.launch(Launch.java:135) [launchwrapper-1.12.jar:?]
	at net.minecraft.launchwrapper.Launch.main(Launch.java:28) [launchwrapper-1.12.jar:?]
Caused by: java.lang.NullPointerException
	at net.minecraft.network.play.server.S0FPacketSpawnMob.func_149027_c(SourceFile:114) ~[fn.class:?]
	at net.minecraft.client.network.NetHandlerPlayClient.func_147281_a(NetHandlerPlayClient.java:840) ~[bcy.class:?]
	at net.minecraft.network.play.server.S0FPacketSpawnMob.func_148833_a(SourceFile:109) ~[fn.class:?]
	at net.minecraft.network.play.server.S0FPacketSpawnMob.func_148833_a(SourceFile:15) ~[fn.class:?]
	at net.minecraft.network.PacketThreadUtil$1.run(SourceFile:13) ~[fh$1.class:?]
	at java.util.concurrent.Executors$RunnableAdapter.call(Executors.java:511) ~[?:1.8.0_51]
	at java.util.concurrent.FutureTask.run(FutureTask.java:266) ~[?:1.8.0_51]
	at net.minecraft.util.Util.func_181617_a(SourceFile:44) ~[g.class:?]
	... 9 more
[19:14:39] [Client thread/INFO]: [CHAT] !!! ??? Akeyzo_ a rejoint le hub ! !!!
[19:14:39] [Client thread/INFO]: [CHAT] !!! ?? Teshann_ a rejoint le hub ! !!!
[19:14:39] [Client thread/FATAL]: Error executing task
java.util.concurrent.ExecutionException: java.lang.NullPointerException
	at java.util.concurrent.FutureTask.report(FutureTask.java:122) ~[?:1.8.0_51]
	at java.util.concurrent.FutureTask.get(FutureTask.java:192) ~[?:1.8.0_51]
	at net.minecraft.util.Util.func_181617_a(SourceFile:45) [g.class:?]
	at net.minecraft.client.Minecraft.func_71411_J(Minecraft.java:1014) [ave.class:?]
	at net.minecraft.client.Minecraft.func_99999_d(Minecraft.java:349) [ave.class:?]
	at net.minecraft.client.main.Main.main(SourceFile:124) [Main.class:?]
	at sun.reflect.NativeMethodAccessorImpl.invoke0(Native Method) ~[?:1.8.0_51]
	at sun.reflect.NativeMethodAccessorImpl.invoke(NativeMethodAccessorImpl.java:62) ~[?:1.8.0_51]
	at sun.reflect.DelegatingMethodAccessorImpl.invoke(DelegatingMethodAccessorImpl.java:43) ~[?:1.8.0_51]
	at java.lang.reflect.Method.invoke(Method.java:497) ~[?:1.8.0_51]
	at net.minecraft.launchwrapper.Launch.launch(Launch.java:135) [launchwrapper-1.12.jar:?]
	at net.minecraft.launchwrapper.Launch.main(Launch.java:28) [launchwrapper-1.12.jar:?]
Caused by: java.lang.NullPointerException
	at net.minecraft.network.play.server.S0FPacketSpawnMob.func_149027_c(SourceFile:114) ~[fn.class:?]
	at net.minecraft.client.network.NetHandlerPlayClient.func_147281_a(NetHandlerPlayClient.java:840) ~[bcy.class:?]
	at net.minecraft.network.play.server.S0FPacketSpawnMob.func_148833_a(SourceFile:109) ~[fn.class:?]
	at net.minecraft.network.play.server.S0FPacketSpawnMob.func_148833_a(SourceFile:15) ~[fn.class:?]
	at net.minecraft.network.PacketThreadUtil$1.run(SourceFile:13) ~[fh$1.class:?]
	at java.util.concurrent.Executors$RunnableAdapter.call(Executors.java:511) ~[?:1.8.0_51]
	at java.util.concurrent.FutureTask.run(FutureTask.java:266) ~[?:1.8.0_51]
	at net.minecraft.util.Util.func_181617_a(SourceFile:44) ~[g.class:?]
	... 9 more
[19:14:42] [Client thread/INFO]: [CHAT] §8[§3?§8] §fSLD_N0V4 §3s'est connecté(e)
[19:14:43] [Client thread/INFO]: [CHAT] !!! ??? ETWEYZ57 a rejoint le hub ! !!!
[19:14:44] [Client thread/FATAL]: Error executing task
java.util.concurrent.ExecutionException: java.lang.IllegalArgumentException: A team with the name 'citizen_team' already exists!
	at java.util.concurrent.FutureTask.report(FutureTask.java:122) ~[?:1.8.0_51]
	at java.util.concurrent.FutureTask.get(FutureTask.java:192) ~[?:1.8.0_51]
	at net.minecraft.util.Util.func_181617_a(SourceFile:45) [g.class:?]
	at net.minecraft.client.Minecraft.func_71411_J(Minecraft.java:1014) [ave.class:?]
	at net.minecraft.client.Minecraft.func_99999_d(Minecraft.java:349) [ave.class:?]
	at net.minecraft.client.main.Main.main(SourceFile:124) [Main.class:?]
	at sun.reflect.NativeMethodAccessorImpl.invoke0(Native Method) ~[?:1.8.0_51]
	at sun.reflect.NativeMethodAccessorImpl.invoke(NativeMethodAccessorImpl.java:62) ~[?:1.8.0_51]
	at sun.reflect.DelegatingMethodAccessorImpl.invoke(DelegatingMethodAccessorImpl.java:43) ~[?:1.8.0_51]
	at java.lang.reflect.Method.invoke(Method.java:497) ~[?:1.8.0_51]
	at net.minecraft.launchwrapper.Launch.launch(Launch.java:135) [launchwrapper-1.12.jar:?]
	at net.minecraft.launchwrapper.Launch.main(Launch.java:28) [launchwrapper-1.12.jar:?]
Caused by: java.lang.IllegalArgumentException: A team with the name 'citizen_team' already exists!
	at net.minecraft.scoreboard.Scoreboard.func_96527_f(SourceFile:218) ~[auo.class:?]
	at net.minecraft.client.network.NetHandlerPlayClient.func_147247_a(NetHandlerPlayClient.java:1773) ~[bcy.class:?]
	at net.minecraft.network.play.server.S3EPacketTeams.func_148833_a(SourceFile:113) ~[hr.class:?]
	at net.minecraft.network.play.server.S3EPacketTeams.func_148833_a(SourceFile:13) ~[hr.class:?]
	at net.minecraft.network.PacketThreadUtil$1.run(SourceFile:13) ~[fh$1.class:?]
	at java.util.concurrent.Executors$RunnableAdapter.call(Executors.java:511) ~[?:1.8.0_51]
	at java.util.concurrent.FutureTask.run(FutureTask.java:266) ~[?:1.8.0_51]
	at net.minecraft.util.Util.func_181617_a(SourceFile:44) ~[g.class:?]
	... 9 more
[19:14:44] [Client thread/FATAL]: Error executing task
java.util.concurrent.ExecutionException: java.lang.NullPointerException
	at java.util.concurrent.FutureTask.report(FutureTask.java:122) ~[?:1.8.0_51]
	at java.util.concurrent.FutureTask.get(FutureTask.java:192) ~[?:1.8.0_51]
	at net.minecraft.util.Util.func_181617_a(SourceFile:45) [g.class:?]
	at net.minecraft.client.Minecraft.func_71411_J(Minecraft.java:1014) [ave.class:?]
	at net.minecraft.client.Minecraft.func_99999_d(Minecraft.java:349) [ave.class:?]
	at net.minecraft.client.main.Main.main(SourceFile:124) [Main.class:?]
	at sun.reflect.NativeMethodAccessorImpl.invoke0(Native Method) ~[?:1.8.0_51]
	at sun.reflect.NativeMethodAccessorImpl.invoke(NativeMethodAccessorImpl.java:62) ~[?:1.8.0_51]
	at sun.reflect.DelegatingMethodAccessorImpl.invoke(DelegatingMethodAccessorImpl.java:43) ~[?:1.8.0_51]
	at java.lang.reflect.Method.invoke(Method.java:497) ~[?:1.8.0_51]
	at net.minecraft.launchwrapper.Launch.launch(Launch.java:135) [launchwrapper-1.12.jar:?]
	at net.minecraft.launchwrapper.Launch.main(Launch.java:28) [launchwrapper-1.12.jar:?]
Caused by: java.lang.NullPointerException
	at net.minecraft.network.play.server.S0CPacketSpawnPlayer.func_148944_c(SourceFile:80) ~[fp.class:?]
	at net.minecraft.client.network.NetHandlerPlayClient.func_147237_a(NetHandlerPlayClient.java:501) ~[bcy.class:?]
	at net.minecraft.network.play.server.S0CPacketSpawnPlayer.func_148833_a(SourceFile:75) ~[fp.class:?]
	at net.minecraft.network.play.server.S0CPacketSpawnPlayer.func_148833_a(SourceFile:16) ~[fp.class:?]
	at net.minecraft.network.PacketThreadUtil$1.run(SourceFile:13) ~[fh$1.class:?]
	at java.util.concurrent.Executors$RunnableAdapter.call(Executors.java:511) ~[?:1.8.0_51]
	at java.util.concurrent.FutureTask.run(FutureTask.java:266) ~[?:1.8.0_51]
	at net.minecraft.util.Util.func_181617_a(SourceFile:44) ~[g.class:?]
	... 9 more
[19:14:46] [Client thread/FATAL]: Error executing task
java.util.concurrent.ExecutionException: java.lang.NullPointerException
	at java.util.concurrent.FutureTask.report(FutureTask.java:122) ~[?:1.8.0_51]
	at java.util.concurrent.FutureTask.get(FutureTask.java:192) ~[?:1.8.0_51]
	at net.minecraft.util.Util.func_181617_a(SourceFile:45) [g.class:?]
	at net.minecraft.client.Minecraft.func_71411_J(Minecraft.java:1014) [ave.class:?]
	at net.minecraft.client.Minecraft.func_99999_d(Minecraft.java:349) [ave.class:?]
	at net.minecraft.client.main.Main.main(SourceFile:124) [Main.class:?]
	at sun.reflect.NativeMethodAccessorImpl.invoke0(Native Method) ~[?:1.8.0_51]
	at sun.reflect.NativeMethodAccessorImpl.invoke(NativeMethodAccessorImpl.java:62) ~[?:1.8.0_51]
	at sun.reflect.DelegatingMethodAccessorImpl.invoke(DelegatingMethodAccessorImpl.java:43) ~[?:1.8.0_51]
	at java.lang.reflect.Method.invoke(Method.java:497) ~[?:1.8.0_51]
	at net.minecraft.launchwrapper.Launch.launch(Launch.java:135) [launchwrapper-1.12.jar:?]
	at net.minecraft.launchwrapper.Launch.main(Launch.java:28) [launchwrapper-1.12.jar:?]
Caused by: java.lang.NullPointerException
	at net.minecraft.network.play.server.S0FPacketSpawnMob.func_149027_c(SourceFile:114) ~[fn.class:?]
	at net.minecraft.client.network.NetHandlerPlayClient.func_147281_a(NetHandlerPlayClient.java:840) ~[bcy.class:?]
	at net.minecraft.network.play.server.S0FPacketSpawnMob.func_148833_a(SourceFile:109) ~[fn.class:?]
	at net.minecraft.network.play.server.S0FPacketSpawnMob.func_148833_a(SourceFile:15) ~[fn.class:?]
	at net.minecraft.network.PacketThreadUtil$1.run(SourceFile:13) ~[fh$1.class:?]
	at java.util.concurrent.Executors$RunnableAdapter.call(Executors.java:511) ~[?:1.8.0_51]
	at java.util.concurrent.FutureTask.run(FutureTask.java:266) ~[?:1.8.0_51]
	at net.minecraft.util.Util.func_181617_a(SourceFile:44) ~[g.class:?]
	... 9 more
[19:14:50] [Client thread/FATAL]: Error executing task
java.util.concurrent.ExecutionException: java.lang.NullPointerException
	at java.util.concurrent.FutureTask.report(FutureTask.java:122) ~[?:1.8.0_51]
	at java.util.concurrent.FutureTask.get(FutureTask.java:192) ~[?:1.8.0_51]
	at net.minecraft.util.Util.func_181617_a(SourceFile:45) [g.class:?]
	at net.minecraft.client.Minecraft.func_71411_J(Minecraft.java:1014) [ave.class:?]
	at net.minecraft.client.Minecraft.func_99999_d(Minecraft.java:349) [ave.class:?]
	at net.minecraft.client.main.Main.main(SourceFile:124) [Main.class:?]
	at sun.reflect.NativeMethodAccessorImpl.invoke0(Native Method) ~[?:1.8.0_51]
	at sun.reflect.NativeMethodAccessorImpl.invoke(NativeMethodAccessorImpl.java:62) ~[?:1.8.0_51]
	at sun.reflect.DelegatingMethodAccessorImpl.invoke(DelegatingMethodAccessorImpl.java:43) ~[?:1.8.0_51]
	at java.lang.reflect.Method.invoke(Method.java:497) ~[?:1.8.0_51]
	at net.minecraft.launchwrapper.Launch.launch(Launch.java:135) [launchwrapper-1.12.jar:?]
	at net.minecraft.launchwrapper.Launch.main(Launch.java:28) [launchwrapper-1.12.jar:?]
Caused by: java.lang.NullPointerException
	at net.minecraft.network.play.server.S0FPacketSpawnMob.func_149027_c(SourceFile:114) ~[fn.class:?]
	at net.minecraft.client.network.NetHandlerPlayClient.func_147281_a(NetHandlerPlayClient.java:840) ~[bcy.class:?]
	at net.minecraft.network.play.server.S0FPacketSpawnMob.func_148833_a(SourceFile:109) ~[fn.class:?]
	at net.minecraft.network.play.server.S0FPacketSpawnMob.func_148833_a(SourceFile:15) ~[fn.class:?]
	at net.minecraft.network.PacketThreadUtil$1.run(SourceFile:13) ~[fh$1.class:?]
	at java.util.concurrent.Executors$RunnableAdapter.call(Executors.java:511) ~[?:1.8.0_51]
	at java.util.concurrent.FutureTask.run(FutureTask.java:266) ~[?:1.8.0_51]
	at net.minecraft.util.Util.func_181617_a(SourceFile:44) ~[g.class:?]
	... 9 more
[19:14:51] [Client thread/INFO]: [CHAT] !!! ??? raclo1 a rejoint le hub ! !!!
[19:14:51] [Client thread/FATAL]: Error executing task
java.util.concurrent.ExecutionException: java.lang.NullPointerException
	at java.util.concurrent.FutureTask.report(FutureTask.java:122) ~[?:1.8.0_51]
	at java.util.concurrent.FutureTask.get(FutureTask.java:192) ~[?:1.8.0_51]
	at net.minecraft.util.Util.func_181617_a(SourceFile:45) [g.class:?]
	at net.minecraft.client.Minecraft.func_71411_J(Minecraft.java:1014) [ave.class:?]
	at net.minecraft.client.Minecraft.func_99999_d(Minecraft.java:349) [ave.class:?]
	at net.minecraft.client.main.Main.main(SourceFile:124) [Main.class:?]
	at sun.reflect.NativeMethodAccessorImpl.invoke0(Native Method) ~[?:1.8.0_51]
	at sun.reflect.NativeMethodAccessorImpl.invoke(NativeMethodAccessorImpl.java:62) ~[?:1.8.0_51]
	at sun.reflect.DelegatingMethodAccessorImpl.invoke(DelegatingMethodAccessorImpl.java:43) ~[?:1.8.0_51]
	at java.lang.reflect.Method.invoke(Method.java:497) ~[?:1.8.0_51]
	at net.minecraft.launchwrapper.Launch.launch(Launch.java:135) [launchwrapper-1.12.jar:?]
	at net.minecraft.launchwrapper.Launch.main(Launch.java:28) [launchwrapper-1.12.jar:?]
Caused by: java.lang.NullPointerException
	at net.minecraft.network.play.server.S0FPacketSpawnMob.func_149027_c(SourceFile:114) ~[fn.class:?]
	at net.minecraft.client.network.NetHandlerPlayClient.func_147281_a(NetHandlerPlayClient.java:840) ~[bcy.class:?]
	at net.minecraft.network.play.server.S0FPacketSpawnMob.func_148833_a(SourceFile:109) ~[fn.class:?]
	at net.minecraft.network.play.server.S0FPacketSpawnMob.func_148833_a(SourceFile:15) ~[fn.class:?]
	at net.minecraft.network.PacketThreadUtil$1.run(SourceFile:13) ~[fh$1.class:?]
	at java.util.concurrent.Executors$RunnableAdapter.call(Executors.java:511) ~[?:1.8.0_51]
	at java.util.concurrent.FutureTask.run(FutureTask.java:266) ~[?:1.8.0_51]
	at net.minecraft.util.Util.func_181617_a(SourceFile:44) ~[g.class:?]
	... 9 more
[19:14:55] [Client thread/FATAL]: Error executing task
java.util.concurrent.ExecutionException: java.lang.NullPointerException
	at java.util.concurrent.FutureTask.report(FutureTask.java:122) ~[?:1.8.0_51]
	at java.util.concurrent.FutureTask.get(FutureTask.java:192) ~[?:1.8.0_51]
	at net.minecraft.util.Util.func_181617_a(SourceFile:45) [g.class:?]
	at net.minecraft.client.Minecraft.func_71411_J(Minecraft.java:1014) [ave.class:?]
	at net.minecraft.client.Minecraft.func_99999_d(Minecraft.java:349) [ave.class:?]
	at net.minecraft.client.main.Main.main(SourceFile:124) [Main.class:?]
	at sun.reflect.NativeMethodAccessorImpl.invoke0(Native Method) ~[?:1.8.0_51]
	at sun.reflect.NativeMethodAccessorImpl.invoke(NativeMethodAccessorImpl.java:62) ~[?:1.8.0_51]
	at sun.reflect.DelegatingMethodAccessorImpl.invoke(DelegatingMethodAccessorImpl.java:43) ~[?:1.8.0_51]
	at java.lang.reflect.Method.invoke(Method.java:497) ~[?:1.8.0_51]
	at net.minecraft.launchwrapper.Launch.launch(Launch.java:135) [launchwrapper-1.12.jar:?]
	at net.minecraft.launchwrapper.Launch.main(Launch.java:28) [launchwrapper-1.12.jar:?]
Caused by: java.lang.NullPointerException
	at net.minecraft.scoreboard.Scoreboard.func_96511_d(SourceFile:229) ~[auo.class:?]
	at net.minecraft.client.network.NetHandlerPlayClient.func_147247_a(NetHandlerPlayClient.java:1813) ~[bcy.class:?]
	at net.minecraft.network.play.server.S3EPacketTeams.func_148833_a(SourceFile:113) ~[hr.class:?]
	at net.minecraft.network.play.server.S3EPacketTeams.func_148833_a(SourceFile:13) ~[hr.class:?]
	at net.minecraft.network.PacketThreadUtil$1.run(SourceFile:13) ~[fh$1.class:?]
	at java.util.concurrent.Executors$RunnableAdapter.call(Executors.java:511) ~[?:1.8.0_51]
	at java.util.concurrent.FutureTask.run(FutureTask.java:266) ~[?:1.8.0_51]
	at net.minecraft.util.Util.func_181617_a(SourceFile:44) ~[g.class:?]
	... 9 more
[19:14:55] [Client thread/FATAL]: Error executing task
java.util.concurrent.ExecutionException: java.lang.NullPointerException
	at java.util.concurrent.FutureTask.report(FutureTask.java:122) ~[?:1.8.0_51]
	at java.util.concurrent.FutureTask.get(FutureTask.java:192) ~[?:1.8.0_51]
	at net.minecraft.util.Util.func_181617_a(SourceFile:45) [g.class:?]
	at net.minecraft.client.Minecraft.func_71411_J(Minecraft.java:1014) [ave.class:?]
	at net.minecraft.client.Minecraft.func_99999_d(Minecraft.java:349) [ave.class:?]
	at net.minecraft.client.main.Main.main(SourceFile:124) [Main.class:?]
	at sun.reflect.NativeMethodAccessorImpl.invoke0(Native Method) ~[?:1.8.0_51]
	at sun.reflect.NativeMethodAccessorImpl.invoke(NativeMethodAccessorImpl.java:62) ~[?:1.8.0_51]
	at sun.reflect.DelegatingMethodAccessorImpl.invoke(DelegatingMethodAccessorImpl.java:43) ~[?:1.8.0_51]
	at java.lang.reflect.Method.invoke(Method.java:497) ~[?:1.8.0_51]
	at net.minecraft.launchwrapper.Launch.launch(Launch.java:135) [launchwrapper-1.12.jar:?]
	at net.minecraft.launchwrapper.Launch.main(Launch.java:28) [launchwrapper-1.12.jar:?]
Caused by: java.lang.NullPointerException
	at net.minecraft.scoreboard.Scoreboard.func_96511_d(SourceFile:229) ~[auo.class:?]
	at net.minecraft.client.network.NetHandlerPlayClient.func_147247_a(NetHandlerPlayClient.java:1813) ~[bcy.class:?]
	at net.minecraft.network.play.server.S3EPacketTeams.func_148833_a(SourceFile:113) ~[hr.class:?]
	at net.minecraft.network.play.server.S3EPacketTeams.func_148833_a(SourceFile:13) ~[hr.class:?]
	at net.minecraft.network.PacketThreadUtil$1.run(SourceFile:13) ~[fh$1.class:?]
	at java.util.concurrent.Executors$RunnableAdapter.call(Executors.java:511) ~[?:1.8.0_51]
	at java.util.concurrent.FutureTask.run(FutureTask.java:266) ~[?:1.8.0_51]
	at net.minecraft.util.Util.func_181617_a(SourceFile:44) ~[g.class:?]
	... 9 more
[19:14:55] [Client thread/FATAL]: Error executing task
java.util.concurrent.ExecutionException: java.lang.NullPointerException
	at java.util.concurrent.FutureTask.report(FutureTask.java:122) ~[?:1.8.0_51]
	at java.util.concurrent.FutureTask.get(FutureTask.java:192) ~[?:1.8.0_51]
	at net.minecraft.util.Util.func_181617_a(SourceFile:45) [g.class:?]
	at net.minecraft.client.Minecraft.func_71411_J(Minecraft.java:1014) [ave.class:?]
	at net.minecraft.client.Minecraft.func_99999_d(Minecraft.java:349) [ave.class:?]
	at net.minecraft.client.main.Main.main(SourceFile:124) [Main.class:?]
	at sun.reflect.NativeMethodAccessorImpl.invoke0(Native Method) ~[?:1.8.0_51]
	at sun.reflect.NativeMethodAccessorImpl.invoke(NativeMethodAccessorImpl.java:62) ~[?:1.8.0_51]
	at sun.reflect.DelegatingMethodAccessorImpl.invoke(DelegatingMethodAccessorImpl.java:43) ~[?:1.8.0_51]
	at java.lang.reflect.Method.invoke(Method.java:497) ~[?:1.8.0_51]
	at net.minecraft.launchwrapper.Launch.launch(Launch.java:135) [launchwrapper-1.12.jar:?]
	at net.minecraft.launchwrapper.Launch.main(Launch.java:28) [launchwrapper-1.12.jar:?]
Caused by: java.lang.NullPointerException
	at net.minecraft.scoreboard.Scoreboard.func_96511_d(SourceFile:229) ~[auo.class:?]
	at net.minecraft.client.network.NetHandlerPlayClient.func_147247_a(NetHandlerPlayClient.java:1813) ~[bcy.class:?]
	at net.minecraft.network.play.server.S3EPacketTeams.func_148833_a(SourceFile:113) ~[hr.class:?]
	at net.minecraft.network.play.server.S3EPacketTeams.func_148833_a(SourceFile:13) ~[hr.class:?]
	at net.minecraft.network.PacketThreadUtil$1.run(SourceFile:13) ~[fh$1.class:?]
	at java.util.concurrent.Executors$RunnableAdapter.call(Executors.java:511) ~[?:1.8.0_51]
	at java.util.concurrent.FutureTask.run(FutureTask.java:266) ~[?:1.8.0_51]
	at net.minecraft.util.Util.func_181617_a(SourceFile:44) ~[g.class:?]
	... 9 more
[19:14:55] [Client thread/FATAL]: Error executing task
java.util.concurrent.ExecutionException: java.lang.NullPointerException
	at java.util.concurrent.FutureTask.report(FutureTask.java:122) ~[?:1.8.0_51]
	at java.util.concurrent.FutureTask.get(FutureTask.java:192) ~[?:1.8.0_51]
	at net.minecraft.util.Util.func_181617_a(SourceFile:45) [g.class:?]
	at net.minecraft.client.Minecraft.func_71411_J(Minecraft.java:1014) [ave.class:?]
	at net.minecraft.client.Minecraft.func_99999_d(Minecraft.java:349) [ave.class:?]
	at net.minecraft.client.main.Main.main(SourceFile:124) [Main.class:?]
	at sun.reflect.NativeMethodAccessorImpl.invoke0(Native Method) ~[?:1.8.0_51]
	at sun.reflect.NativeMethodAccessorImpl.invoke(NativeMethodAccessorImpl.java:62) ~[?:1.8.0_51]
	at sun.reflect.DelegatingMethodAccessorImpl.invoke(DelegatingMethodAccessorImpl.java:43) ~[?:1.8.0_51]
	at java.lang.reflect.Method.invoke(Method.java:497) ~[?:1.8.0_51]
	at net.minecraft.launchwrapper.Launch.launch(Launch.java:135) [launchwrapper-1.12.jar:?]
	at net.minecraft.launchwrapper.Launch.main(Launch.java:28) [launchwrapper-1.12.jar:?]
Caused by: java.lang.NullPointerException
	at net.minecraft.scoreboard.Scoreboard.func_96511_d(SourceFile:229) ~[auo.class:?]
	at net.minecraft.client.network.NetHandlerPlayClient.func_147247_a(NetHandlerPlayClient.java:1813) ~[bcy.class:?]
	at net.minecraft.network.play.server.S3EPacketTeams.func_148833_a(SourceFile:113) ~[hr.class:?]
	at net.minecraft.network.play.server.S3EPacketTeams.func_148833_a(SourceFile:13) ~[hr.class:?]
	at net.minecraft.network.PacketThreadUtil$1.run(SourceFile:13) ~[fh$1.class:?]
	at java.util.concurrent.Executors$RunnableAdapter.call(Executors.java:511) ~[?:1.8.0_51]
	at java.util.concurrent.FutureTask.run(FutureTask.java:266) ~[?:1.8.0_51]
	at net.minecraft.util.Util.func_181617_a(SourceFile:44) ~[g.class:?]
	... 9 more
[19:14:55] [Client thread/FATAL]: Error executing task
java.util.concurrent.ExecutionException: java.lang.NullPointerException
	at java.util.concurrent.FutureTask.report(FutureTask.java:122) ~[?:1.8.0_51]
	at java.util.concurrent.FutureTask.get(FutureTask.java:192) ~[?:1.8.0_51]
	at net.minecraft.util.Util.func_181617_a(SourceFile:45) [g.class:?]
	at net.minecraft.client.Minecraft.func_71411_J(Minecraft.java:1014) [ave.class:?]
	at net.minecraft.client.Minecraft.func_99999_d(Minecraft.java:349) [ave.class:?]
	at net.minecraft.client.main.Main.main(SourceFile:124) [Main.class:?]
	at sun.reflect.NativeMethodAccessorImpl.invoke0(Native Method) ~[?:1.8.0_51]
	at sun.reflect.NativeMethodAccessorImpl.invoke(NativeMethodAccessorImpl.java:62) ~[?:1.8.0_51]
	at sun.reflect.DelegatingMethodAccessorImpl.invoke(DelegatingMethodAccessorImpl.java:43) ~[?:1.8.0_51]
	at java.lang.reflect.Method.invoke(Method.java:497) ~[?:1.8.0_51]
	at net.minecraft.launchwrapper.Launch.launch(Launch.java:135) [launchwrapper-1.12.jar:?]
	at net.minecraft.launchwrapper.Launch.main(Launch.java:28) [launchwrapper-1.12.jar:?]
Caused by: java.lang.NullPointerException
	at net.minecraft.scoreboard.Scoreboard.func_96511_d(SourceFile:229) ~[auo.class:?]
	at net.minecraft.client.network.NetHandlerPlayClient.func_147247_a(NetHandlerPlayClient.java:1813) ~[bcy.class:?]
	at net.minecraft.network.play.server.S3EPacketTeams.func_148833_a(SourceFile:113) ~[hr.class:?]
	at net.minecraft.network.play.server.S3EPacketTeams.func_148833_a(SourceFile:13) ~[hr.class:?]
	at net.minecraft.network.PacketThreadUtil$1.run(SourceFile:13) ~[fh$1.class:?]
	at java.util.concurrent.Executors$RunnableAdapter.call(Executors.java:511) ~[?:1.8.0_51]
	at java.util.concurrent.FutureTask.run(FutureTask.java:266) ~[?:1.8.0_51]
	at net.minecraft.util.Util.func_181617_a(SourceFile:44) ~[g.class:?]
	... 9 more
[19:14:55] [Client thread/FATAL]: Error executing task
java.util.concurrent.ExecutionException: java.lang.NullPointerException
	at java.util.concurrent.FutureTask.report(FutureTask.java:122) ~[?:1.8.0_51]
	at java.util.concurrent.FutureTask.get(FutureTask.java:192) ~[?:1.8.0_51]
	at net.minecraft.util.Util.func_181617_a(SourceFile:45) [g.class:?]
	at net.minecraft.client.Minecraft.func_71411_J(Minecraft.java:1014) [ave.class:?]
	at net.minecraft.client.Minecraft.func_99999_d(Minecraft.java:349) [ave.class:?]
	at net.minecraft.client.main.Main.main(SourceFile:124) [Main.class:?]
	at sun.reflect.NativeMethodAccessorImpl.invoke0(Native Method) ~[?:1.8.0_51]
	at sun.reflect.NativeMethodAccessorImpl.invoke(NativeMethodAccessorImpl.java:62) ~[?:1.8.0_51]
	at sun.reflect.DelegatingMethodAccessorImpl.invoke(DelegatingMethodAccessorImpl.java:43) ~[?:1.8.0_51]
	at java.lang.reflect.Method.invoke(Method.java:497) ~[?:1.8.0_51]
	at net.minecraft.launchwrapper.Launch.launch(Launch.java:135) [launchwrapper-1.12.jar:?]
	at net.minecraft.launchwrapper.Launch.main(Launch.java:28) [launchwrapper-1.12.jar:?]
Caused by: java.lang.NullPointerException
	at net.minecraft.scoreboard.Scoreboard.func_96511_d(SourceFile:229) ~[auo.class:?]
	at net.minecraft.client.network.NetHandlerPlayClient.func_147247_a(NetHandlerPlayClient.java:1813) ~[bcy.class:?]
	at net.minecraft.network.play.server.S3EPacketTeams.func_148833_a(SourceFile:113) ~[hr.class:?]
	at net.minecraft.network.play.server.S3EPacketTeams.func_148833_a(SourceFile:13) ~[hr.class:?]
	at net.minecraft.network.PacketThreadUtil$1.run(SourceFile:13) ~[fh$1.class:?]
	at java.util.concurrent.Executors$RunnableAdapter.call(Executors.java:511) ~[?:1.8.0_51]
	at java.util.concurrent.FutureTask.run(FutureTask.java:266) ~[?:1.8.0_51]
	at net.minecraft.util.Util.func_181617_a(SourceFile:44) ~[g.class:?]
	... 9 more
[19:14:55] [Client thread/FATAL]: Error executing task
java.util.concurrent.ExecutionException: java.lang.NullPointerException
	at java.util.concurrent.FutureTask.report(FutureTask.java:122) ~[?:1.8.0_51]
	at java.util.concurrent.FutureTask.get(FutureTask.java:192) ~[?:1.8.0_51]
	at net.minecraft.util.Util.func_181617_a(SourceFile:45) [g.class:?]
	at net.minecraft.client.Minecraft.func_71411_J(Minecraft.java:1014) [ave.class:?]
	at net.minecraft.client.Minecraft.func_99999_d(Minecraft.java:349) [ave.class:?]
	at net.minecraft.client.main.Main.main(SourceFile:124) [Main.class:?]
	at sun.reflect.NativeMethodAccessorImpl.invoke0(Native Method) ~[?:1.8.0_51]
	at sun.reflect.NativeMethodAccessorImpl.invoke(NativeMethodAccessorImpl.java:62) ~[?:1.8.0_51]
	at sun.reflect.DelegatingMethodAccessorImpl.invoke(DelegatingMethodAccessorImpl.java:43) ~[?:1.8.0_51]
	at java.lang.reflect.Method.invoke(Method.java:497) ~[?:1.8.0_51]
	at net.minecraft.launchwrapper.Launch.launch(Launch.java:135) [launchwrapper-1.12.jar:?]
	at net.minecraft.launchwrapper.Launch.main(Launch.java:28) [launchwrapper-1.12.jar:?]
Caused by: java.lang.NullPointerException
	at net.minecraft.scoreboard.Scoreboard.func_96511_d(SourceFile:229) ~[auo.class:?]
	at net.minecraft.client.network.NetHandlerPlayClient.func_147247_a(NetHandlerPlayClient.java:1813) ~[bcy.class:?]
	at net.minecraft.network.play.server.S3EPacketTeams.func_148833_a(SourceFile:113) ~[hr.class:?]
	at net.minecraft.network.play.server.S3EPacketTeams.func_148833_a(SourceFile:13) ~[hr.class:?]
	at net.minecraft.network.PacketThreadUtil$1.run(SourceFile:13) ~[fh$1.class:?]
	at java.util.concurrent.Executors$RunnableAdapter.call(Executors.java:511) ~[?:1.8.0_51]
	at java.util.concurrent.FutureTask.run(FutureTask.java:266) ~[?:1.8.0_51]
	at net.minecraft.util.Util.func_181617_a(SourceFile:44) ~[g.class:?]
	... 9 more
[19:14:55] [Client thread/FATAL]: Error executing task
java.util.concurrent.ExecutionException: java.lang.NullPointerException
	at java.util.concurrent.FutureTask.report(FutureTask.java:122) ~[?:1.8.0_51]
	at java.util.concurrent.FutureTask.get(FutureTask.java:192) ~[?:1.8.0_51]
	at net.minecraft.util.Util.func_181617_a(SourceFile:45) [g.class:?]
	at net.minecraft.client.Minecraft.func_71411_J(Minecraft.java:1014) [ave.class:?]
	at net.minecraft.client.Minecraft.func_99999_d(Minecraft.java:349) [ave.class:?]
	at net.minecraft.client.main.Main.main(SourceFile:124) [Main.class:?]
	at sun.reflect.NativeMethodAccessorImpl.invoke0(Native Method) ~[?:1.8.0_51]
	at sun.reflect.NativeMethodAccessorImpl.invoke(NativeMethodAccessorImpl.java:62) ~[?:1.8.0_51]
	at sun.reflect.DelegatingMethodAccessorImpl.invoke(DelegatingMethodAccessorImpl.java:43) ~[?:1.8.0_51]
	at java.lang.reflect.Method.invoke(Method.java:497) ~[?:1.8.0_51]
	at net.minecraft.launchwrapper.Launch.launch(Launch.java:135) [launchwrapper-1.12.jar:?]
	at net.minecraft.launchwrapper.Launch.main(Launch.java:28) [launchwrapper-1.12.jar:?]
Caused by: java.lang.NullPointerException
	at net.minecraft.scoreboard.Scoreboard.func_96511_d(SourceFile:229) ~[auo.class:?]
	at net.minecraft.client.network.NetHandlerPlayClient.func_147247_a(NetHandlerPlayClient.java:1813) ~[bcy.class:?]
	at net.minecraft.network.play.server.S3EPacketTeams.func_148833_a(SourceFile:113) ~[hr.class:?]
	at net.minecraft.network.play.server.S3EPacketTeams.func_148833_a(SourceFile:13) ~[hr.class:?]
	at net.minecraft.network.PacketThreadUtil$1.run(SourceFile:13) ~[fh$1.class:?]
	at java.util.concurrent.Executors$RunnableAdapter.call(Executors.java:511) ~[?:1.8.0_51]
	at java.util.concurrent.FutureTask.run(FutureTask.java:266) ~[?:1.8.0_51]
	at net.minecraft.util.Util.func_181617_a(SourceFile:44) ~[g.class:?]
	... 9 more
[19:14:55] [Client thread/FATAL]: Error executing task
java.util.concurrent.ExecutionException: java.lang.NullPointerException
	at java.util.concurrent.FutureTask.report(FutureTask.java:122) ~[?:1.8.0_51]
	at java.util.concurrent.FutureTask.get(FutureTask.java:192) ~[?:1.8.0_51]
	at net.minecraft.util.Util.func_181617_a(SourceFile:45) [g.class:?]
	at net.minecraft.client.Minecraft.func_71411_J(Minecraft.java:1014) [ave.class:?]
	at net.minecraft.client.Minecraft.func_99999_d(Minecraft.java:349) [ave.class:?]
	at net.minecraft.client.main.Main.main(SourceFile:124) [Main.class:?]
	at sun.reflect.NativeMethodAccessorImpl.invoke0(Native Method) ~[?:1.8.0_51]
	at sun.reflect.NativeMethodAccessorImpl.invoke(NativeMethodAccessorImpl.java:62) ~[?:1.8.0_51]
	at sun.reflect.DelegatingMethodAccessorImpl.invoke(DelegatingMethodAccessorImpl.java:43) ~[?:1.8.0_51]
	at java.lang.reflect.Method.invoke(Method.java:497) ~[?:1.8.0_51]
	at net.minecraft.launchwrapper.Launch.launch(Launch.java:135) [launchwrapper-1.12.jar:?]
	at net.minecraft.launchwrapper.Launch.main(Launch.java:28) [launchwrapper-1.12.jar:?]
Caused by: java.lang.NullPointerException
	at net.minecraft.scoreboard.Scoreboard.func_96511_d(SourceFile:229) ~[auo.class:?]
	at net.minecraft.client.network.NetHandlerPlayClient.func_147247_a(NetHandlerPlayClient.java:1813) ~[bcy.class:?]
	at net.minecraft.network.play.server.S3EPacketTeams.func_148833_a(SourceFile:113) ~[hr.class:?]
	at net.minecraft.network.play.server.S3EPacketTeams.func_148833_a(SourceFile:13) ~[hr.class:?]
	at net.minecraft.network.PacketThreadUtil$1.run(SourceFile:13) ~[fh$1.class:?]
	at java.util.concurrent.Executors$RunnableAdapter.call(Executors.java:511) ~[?:1.8.0_51]
	at java.util.concurrent.FutureTask.run(FutureTask.java:266) ~[?:1.8.0_51]
	at net.minecraft.util.Util.func_181617_a(SourceFile:44) ~[g.class:?]
	... 9 more
[19:14:55] [Client thread/FATAL]: Error executing task
java.util.concurrent.ExecutionException: java.lang.NullPointerException
	at java.util.concurrent.FutureTask.report(FutureTask.java:122) ~[?:1.8.0_51]
	at java.util.concurrent.FutureTask.get(FutureTask.java:192) ~[?:1.8.0_51]
	at net.minecraft.util.Util.func_181617_a(SourceFile:45) [g.class:?]
	at net.minecraft.client.Minecraft.func_71411_J(Minecraft.java:1014) [ave.class:?]
	at net.minecraft.client.Minecraft.func_99999_d(Minecraft.java:349) [ave.class:?]
	at net.minecraft.client.main.Main.main(SourceFile:124) [Main.class:?]
	at sun.reflect.NativeMethodAccessorImpl.invoke0(Native Method) ~[?:1.8.0_51]
	at sun.reflect.NativeMethodAccessorImpl.invoke(NativeMethodAccessorImpl.java:62) ~[?:1.8.0_51]
	at sun.reflect.DelegatingMethodAccessorImpl.invoke(DelegatingMethodAccessorImpl.java:43) ~[?:1.8.0_51]
	at java.lang.reflect.Method.invoke(Method.java:497) ~[?:1.8.0_51]
	at net.minecraft.launchwrapper.Launch.launch(Launch.java:135) [launchwrapper-1.12.jar:?]
	at net.minecraft.launchwrapper.Launch.main(Launch.java:28) [launchwrapper-1.12.jar:?]
Caused by: java.lang.NullPointerException
	at net.minecraft.scoreboard.Scoreboard.func_96511_d(SourceFile:229) ~[auo.class:?]
	at net.minecraft.client.network.NetHandlerPlayClient.func_147247_a(NetHandlerPlayClient.java:1813) ~[bcy.class:?]
	at net.minecraft.network.play.server.S3EPacketTeams.func_148833_a(SourceFile:113) ~[hr.class:?]
	at net.minecraft.network.play.server.S3EPacketTeams.func_148833_a(SourceFile:13) ~[hr.class:?]
	at net.minecraft.network.PacketThreadUtil$1.run(SourceFile:13) ~[fh$1.class:?]
	at java.util.concurrent.Executors$RunnableAdapter.call(Executors.java:511) ~[?:1.8.0_51]
	at java.util.concurrent.FutureTask.run(FutureTask.java:266) ~[?:1.8.0_51]
	at net.minecraft.util.Util.func_181617_a(SourceFile:44) ~[g.class:?]
	... 9 more
[19:14:55] [Client thread/FATAL]: Error executing task
java.util.concurrent.ExecutionException: java.lang.NullPointerException
	at java.util.concurrent.FutureTask.report(FutureTask.java:122) ~[?:1.8.0_51]
	at java.util.concurrent.FutureTask.get(FutureTask.java:192) ~[?:1.8.0_51]
	at net.minecraft.util.Util.func_181617_a(SourceFile:45) [g.class:?]
	at net.minecraft.client.Minecraft.func_71411_J(Minecraft.java:1014) [ave.class:?]
	at net.minecraft.client.Minecraft.func_99999_d(Minecraft.java:349) [ave.class:?]
	at net.minecraft.client.main.Main.main(SourceFile:124) [Main.class:?]
	at sun.reflect.NativeMethodAccessorImpl.invoke0(Native Method) ~[?:1.8.0_51]
	at sun.reflect.NativeMethodAccessorImpl.invoke(NativeMethodAccessorImpl.java:62) ~[?:1.8.0_51]
	at sun.reflect.DelegatingMethodAccessorImpl.invoke(DelegatingMethodAccessorImpl.java:43) ~[?:1.8.0_51]
	at java.lang.reflect.Method.invoke(Method.java:497) ~[?:1.8.0_51]
	at net.minecraft.launchwrapper.Launch.launch(Launch.java:135) [launchwrapper-1.12.jar:?]
	at net.minecraft.launchwrapper.Launch.main(Launch.java:28) [launchwrapper-1.12.jar:?]
Caused by: java.lang.NullPointerException
	at net.minecraft.scoreboard.Scoreboard.func_96511_d(SourceFile:229) ~[auo.class:?]
	at net.minecraft.client.network.NetHandlerPlayClient.func_147247_a(NetHandlerPlayClient.java:1813) ~[bcy.class:?]
	at net.minecraft.network.play.server.S3EPacketTeams.func_148833_a(SourceFile:113) ~[hr.class:?]
	at net.minecraft.network.play.server.S3EPacketTeams.func_148833_a(SourceFile:13) ~[hr.class:?]
	at net.minecraft.network.PacketThreadUtil$1.run(SourceFile:13) ~[fh$1.class:?]
	at java.util.concurrent.Executors$RunnableAdapter.call(Executors.java:511) ~[?:1.8.0_51]
	at java.util.concurrent.FutureTask.run(FutureTask.java:266) ~[?:1.8.0_51]
	at net.minecraft.util.Util.func_181617_a(SourceFile:44) ~[g.class:?]
	... 9 more
[19:14:55] [Client thread/FATAL]: Error executing task
java.util.concurrent.ExecutionException: java.lang.NullPointerException
	at java.util.concurrent.FutureTask.report(FutureTask.java:122) ~[?:1.8.0_51]
	at java.util.concurrent.FutureTask.get(FutureTask.java:192) ~[?:1.8.0_51]
	at net.minecraft.util.Util.func_181617_a(SourceFile:45) [g.class:?]
	at net.minecraft.client.Minecraft.func_71411_J(Minecraft.java:1014) [ave.class:?]
	at net.minecraft.client.Minecraft.func_99999_d(Minecraft.java:349) [ave.class:?]
	at net.minecraft.client.main.Main.main(SourceFile:124) [Main.class:?]
	at sun.reflect.NativeMethodAccessorImpl.invoke0(Native Method) ~[?:1.8.0_51]
	at sun.reflect.NativeMethodAccessorImpl.invoke(NativeMethodAccessorImpl.java:62) ~[?:1.8.0_51]
	at sun.reflect.DelegatingMethodAccessorImpl.invoke(DelegatingMethodAccessorImpl.java:43) ~[?:1.8.0_51]
	at java.lang.reflect.Method.invoke(Method.java:497) ~[?:1.8.0_51]
	at net.minecraft.launchwrapper.Launch.launch(Launch.java:135) [launchwrapper-1.12.jar:?]
	at net.minecraft.launchwrapper.Launch.main(Launch.java:28) [launchwrapper-1.12.jar:?]
Caused by: java.lang.NullPointerException
	at net.minecraft.scoreboard.Scoreboard.func_96511_d(SourceFile:229) ~[auo.class:?]
	at net.minecraft.client.network.NetHandlerPlayClient.func_147247_a(NetHandlerPlayClient.java:1813) ~[bcy.class:?]
	at net.minecraft.network.play.server.S3EPacketTeams.func_148833_a(SourceFile:113) ~[hr.class:?]
	at net.minecraft.network.play.server.S3EPacketTeams.func_148833_a(SourceFile:13) ~[hr.class:?]
	at net.minecraft.network.PacketThreadUtil$1.run(SourceFile:13) ~[fh$1.class:?]
	at java.util.concurrent.Executors$RunnableAdapter.call(Executors.java:511) ~[?:1.8.0_51]
	at java.util.concurrent.FutureTask.run(FutureTask.java:266) ~[?:1.8.0_51]
	at net.minecraft.util.Util.func_181617_a(SourceFile:44) ~[g.class:?]
	... 9 more
[19:14:55] [Client thread/FATAL]: Error executing task
java.util.concurrent.ExecutionException: java.lang.NullPointerException
	at java.util.concurrent.FutureTask.report(FutureTask.java:122) ~[?:1.8.0_51]
	at java.util.concurrent.FutureTask.get(FutureTask.java:192) ~[?:1.8.0_51]
	at net.minecraft.util.Util.func_181617_a(SourceFile:45) [g.class:?]
	at net.minecraft.client.Minecraft.func_71411_J(Minecraft.java:1014) [ave.class:?]
	at net.minecraft.client.Minecraft.func_99999_d(Minecraft.java:349) [ave.class:?]
	at net.minecraft.client.main.Main.main(SourceFile:124) [Main.class:?]
	at sun.reflect.NativeMethodAccessorImpl.invoke0(Native Method) ~[?:1.8.0_51]
	at sun.reflect.NativeMethodAccessorImpl.invoke(NativeMethodAccessorImpl.java:62) ~[?:1.8.0_51]
	at sun.reflect.DelegatingMethodAccessorImpl.invoke(DelegatingMethodAccessorImpl.java:43) ~[?:1.8.0_51]
	at java.lang.reflect.Method.invoke(Method.java:497) ~[?:1.8.0_51]
	at net.minecraft.launchwrapper.Launch.launch(Launch.java:135) [launchwrapper-1.12.jar:?]
	at net.minecraft.launchwrapper.Launch.main(Launch.java:28) [launchwrapper-1.12.jar:?]
Caused by: java.lang.NullPointerException
	at net.minecraft.scoreboard.Scoreboard.func_96511_d(SourceFile:229) ~[auo.class:?]
	at net.minecraft.client.network.NetHandlerPlayClient.func_147247_a(NetHandlerPlayClient.java:1813) ~[bcy.class:?]
	at net.minecraft.network.play.server.S3EPacketTeams.func_148833_a(SourceFile:113) ~[hr.class:?]
	at net.minecraft.network.play.server.S3EPacketTeams.func_148833_a(SourceFile:13) ~[hr.class:?]
	at net.minecraft.network.PacketThreadUtil$1.run(SourceFile:13) ~[fh$1.class:?]
	at java.util.concurrent.Executors$RunnableAdapter.call(Executors.java:511) ~[?:1.8.0_51]
	at java.util.concurrent.FutureTask.run(FutureTask.java:266) ~[?:1.8.0_51]
	at net.minecraft.util.Util.func_181617_a(SourceFile:44) ~[g.class:?]
	... 9 more
[19:14:55] [Client thread/FATAL]: Error executing task
java.util.concurrent.ExecutionException: java.lang.NullPointerException
	at java.util.concurrent.FutureTask.report(FutureTask.java:122) ~[?:1.8.0_51]
	at java.util.concurrent.FutureTask.get(FutureTask.java:192) ~[?:1.8.0_51]
	at net.minecraft.util.Util.func_181617_a(SourceFile:45) [g.class:?]
	at net.minecraft.client.Minecraft.func_71411_J(Minecraft.java:1014) [ave.class:?]
	at net.minecraft.client.Minecraft.func_99999_d(Minecraft.java:349) [ave.class:?]
	at net.minecraft.client.main.Main.main(SourceFile:124) [Main.class:?]
	at sun.reflect.NativeMethodAccessorImpl.invoke0(Native Method) ~[?:1.8.0_51]
	at sun.reflect.NativeMethodAccessorImpl.invoke(NativeMethodAccessorImpl.java:62) ~[?:1.8.0_51]
	at sun.reflect.DelegatingMethodAccessorImpl.invoke(DelegatingMethodAccessorImpl.java:43) ~[?:1.8.0_51]
	at java.lang.reflect.Method.invoke(Method.java:497) ~[?:1.8.0_51]
	at net.minecraft.launchwrapper.Launch.launch(Launch.java:135) [launchwrapper-1.12.jar:?]
	at net.minecraft.launchwrapper.Launch.main(Launch.java:28) [launchwrapper-1.12.jar:?]
Caused by: java.lang.NullPointerException
	at net.minecraft.scoreboard.Scoreboard.func_96511_d(SourceFile:229) ~[auo.class:?]
	at net.minecraft.client.network.NetHandlerPlayClient.func_147247_a(NetHandlerPlayClient.java:1813) ~[bcy.class:?]
	at net.minecraft.network.play.server.S3EPacketTeams.func_148833_a(SourceFile:113) ~[hr.class:?]
	at net.minecraft.network.play.server.S3EPacketTeams.func_148833_a(SourceFile:13) ~[hr.class:?]
	at net.minecraft.network.PacketThreadUtil$1.run(SourceFile:13) ~[fh$1.class:?]
	at java.util.concurrent.Executors$RunnableAdapter.call(Executors.java:511) ~[?:1.8.0_51]
	at java.util.concurrent.FutureTask.run(FutureTask.java:266) ~[?:1.8.0_51]
	at net.minecraft.util.Util.func_181617_a(SourceFile:44) ~[g.class:?]
	... 9 more
[19:14:55] [Client thread/FATAL]: Error executing task
java.util.concurrent.ExecutionException: java.lang.NullPointerException
	at java.util.concurrent.FutureTask.report(FutureTask.java:122) ~[?:1.8.0_51]
	at java.util.concurrent.FutureTask.get(FutureTask.java:192) ~[?:1.8.0_51]
	at net.minecraft.util.Util.func_181617_a(SourceFile:45) [g.class:?]
	at net.minecraft.client.Minecraft.func_71411_J(Minecraft.java:1014) [ave.class:?]
	at net.minecraft.client.Minecraft.func_99999_d(Minecraft.java:349) [ave.class:?]
	at net.minecraft.client.main.Main.main(SourceFile:124) [Main.class:?]
	at sun.reflect.NativeMethodAccessorImpl.invoke0(Native Method) ~[?:1.8.0_51]
	at sun.reflect.NativeMethodAccessorImpl.invoke(NativeMethodAccessorImpl.java:62) ~[?:1.8.0_51]
	at sun.reflect.DelegatingMethodAccessorImpl.invoke(DelegatingMethodAccessorImpl.java:43) ~[?:1.8.0_51]
	at java.lang.reflect.Method.invoke(Method.java:497) ~[?:1.8.0_51]
	at net.minecraft.launchwrapper.Launch.launch(Launch.java:135) [launchwrapper-1.12.jar:?]
	at net.minecraft.launchwrapper.Launch.main(Launch.java:28) [launchwrapper-1.12.jar:?]
Caused by: java.lang.NullPointerException
	at net.minecraft.scoreboard.Scoreboard.func_96511_d(SourceFile:229) ~[auo.class:?]
	at net.minecraft.client.network.NetHandlerPlayClient.func_147247_a(NetHandlerPlayClient.java:1813) ~[bcy.class:?]
	at net.minecraft.network.play.server.S3EPacketTeams.func_148833_a(SourceFile:113) ~[hr.class:?]
	at net.minecraft.network.play.server.S3EPacketTeams.func_148833_a(SourceFile:13) ~[hr.class:?]
	at net.minecraft.network.PacketThreadUtil$1.run(SourceFile:13) ~[fh$1.class:?]
	at java.util.concurrent.Executors$RunnableAdapter.call(Executors.java:511) ~[?:1.8.0_51]
	at java.util.concurrent.FutureTask.run(FutureTask.java:266) ~[?:1.8.0_51]
	at net.minecraft.util.Util.func_181617_a(SourceFile:44) ~[g.class:?]
	... 9 more
[19:14:55] [Client thread/FATAL]: Error executing task
java.util.concurrent.ExecutionException: java.lang.NullPointerException
	at java.util.concurrent.FutureTask.report(FutureTask.java:122) ~[?:1.8.0_51]
	at java.util.concurrent.FutureTask.get(FutureTask.java:192) ~[?:1.8.0_51]
	at net.minecraft.util.Util.func_181617_a(SourceFile:45) [g.class:?]
	at net.minecraft.client.Minecraft.func_71411_J(Minecraft.java:1014) [ave.class:?]
	at net.minecraft.client.Minecraft.func_99999_d(Minecraft.java:349) [ave.class:?]
	at net.minecraft.client.main.Main.main(SourceFile:124) [Main.class:?]
	at sun.reflect.NativeMethodAccessorImpl.invoke0(Native Method) ~[?:1.8.0_51]
	at sun.reflect.NativeMethodAccessorImpl.invoke(NativeMethodAccessorImpl.java:62) ~[?:1.8.0_51]
	at sun.reflect.DelegatingMethodAccessorImpl.invoke(DelegatingMethodAccessorImpl.java:43) ~[?:1.8.0_51]
	at java.lang.reflect.Method.invoke(Method.java:497) ~[?:1.8.0_51]
	at net.minecraft.launchwrapper.Launch.launch(Launch.java:135) [launchwrapper-1.12.jar:?]
	at net.minecraft.launchwrapper.Launch.main(Launch.java:28) [launchwrapper-1.12.jar:?]
Caused by: java.lang.NullPointerException
	at net.minecraft.scoreboard.Scoreboard.func_96511_d(SourceFile:229) ~[auo.class:?]
	at net.minecraft.client.network.NetHandlerPlayClient.func_147247_a(NetHandlerPlayClient.java:1813) ~[bcy.class:?]
	at net.minecraft.network.play.server.S3EPacketTeams.func_148833_a(SourceFile:113) ~[hr.class:?]
	at net.minecraft.network.play.server.S3EPacketTeams.func_148833_a(SourceFile:13) ~[hr.class:?]
	at net.minecraft.network.PacketThreadUtil$1.run(SourceFile:13) ~[fh$1.class:?]
	at java.util.concurrent.Executors$RunnableAdapter.call(Executors.java:511) ~[?:1.8.0_51]
	at java.util.concurrent.FutureTask.run(FutureTask.java:266) ~[?:1.8.0_51]
	at net.minecraft.util.Util.func_181617_a(SourceFile:44) ~[g.class:?]
	... 9 more
[19:14:55] [Client thread/INFO]: [CHAT] [?] Bienvenue dans votre host !
[19:14:55] [Client thread/INFO]: [CHAT] [?] Vous avez été déplacé vers le canal Spectateurs sur Mumble.
[19:14:57] [Client thread/FATAL]: Error executing task
java.util.concurrent.ExecutionException: java.lang.NullPointerException
	at java.util.concurrent.FutureTask.report(FutureTask.java:122) ~[?:1.8.0_51]
	at java.util.concurrent.FutureTask.get(FutureTask.java:192) ~[?:1.8.0_51]
	at net.minecraft.util.Util.func_181617_a(SourceFile:45) [g.class:?]
	at net.minecraft.client.Minecraft.func_71411_J(Minecraft.java:1014) [ave.class:?]
	at net.minecraft.client.Minecraft.func_99999_d(Minecraft.java:349) [ave.class:?]
	at net.minecraft.client.main.Main.main(SourceFile:124) [Main.class:?]
	at sun.reflect.NativeMethodAccessorImpl.invoke0(Native Method) ~[?:1.8.0_51]
	at sun.reflect.NativeMethodAccessorImpl.invoke(NativeMethodAccessorImpl.java:62) ~[?:1.8.0_51]
	at sun.reflect.DelegatingMethodAccessorImpl.invoke(DelegatingMethodAccessorImpl.java:43) ~[?:1.8.0_51]
	at java.lang.reflect.Method.invoke(Method.java:497) ~[?:1.8.0_51]
	at net.minecraft.launchwrapper.Launch.launch(Launch.java:135) [launchwrapper-1.12.jar:?]
	at net.minecraft.launchwrapper.Launch.main(Launch.java:28) [launchwrapper-1.12.jar:?]
Caused by: java.lang.NullPointerException
	at net.minecraft.scoreboard.Scoreboard.func_96511_d(SourceFile:229) ~[auo.class:?]
	at net.minecraft.client.network.NetHandlerPlayClient.func_147247_a(NetHandlerPlayClient.java:1813) ~[bcy.class:?]
	at net.minecraft.network.play.server.S3EPacketTeams.func_148833_a(SourceFile:113) ~[hr.class:?]
	at net.minecraft.network.play.server.S3EPacketTeams.func_148833_a(SourceFile:13) ~[hr.class:?]
	at net.minecraft.network.PacketThreadUtil$1.run(SourceFile:13) ~[fh$1.class:?]
	at java.util.concurrent.Executors$RunnableAdapter.call(Executors.java:511) ~[?:1.8.0_51]
	at java.util.concurrent.FutureTask.run(FutureTask.java:266) ~[?:1.8.0_51]
	at net.minecraft.util.Util.func_181617_a(SourceFile:44) ~[g.class:?]
	... 9 more
[19:15:05] [Client thread/INFO]: [CHAT] [«] ImSmarterThanYou
[19:15:06] [Client thread/FATAL]: Error executing task
java.util.concurrent.ExecutionException: java.lang.NullPointerException
	at java.util.concurrent.FutureTask.report(FutureTask.java:122) ~[?:1.8.0_51]
	at java.util.concurrent.FutureTask.get(FutureTask.java:192) ~[?:1.8.0_51]
	at net.minecraft.util.Util.func_181617_a(SourceFile:45) [g.class:?]
	at net.minecraft.client.Minecraft.func_71411_J(Minecraft.java:1014) [ave.class:?]
	at net.minecraft.client.Minecraft.func_99999_d(Minecraft.java:349) [ave.class:?]
	at net.minecraft.client.main.Main.main(SourceFile:124) [Main.class:?]
	at sun.reflect.NativeMethodAccessorImpl.invoke0(Native Method) ~[?:1.8.0_51]
	at sun.reflect.NativeMethodAccessorImpl.invoke(NativeMethodAccessorImpl.java:62) ~[?:1.8.0_51]
	at sun.reflect.DelegatingMethodAccessorImpl.invoke(DelegatingMethodAccessorImpl.java:43) ~[?:1.8.0_51]
	at java.lang.reflect.Method.invoke(Method.java:497) ~[?:1.8.0_51]
	at net.minecraft.launchwrapper.Launch.launch(Launch.java:135) [launchwrapper-1.12.jar:?]
	at net.minecraft.launchwrapper.Launch.main(Launch.java:28) [launchwrapper-1.12.jar:?]
Caused by: java.lang.NullPointerException
	at net.minecraft.scoreboard.Scoreboard.func_96511_d(SourceFile:229) ~[auo.class:?]
	at net.minecraft.client.network.NetHandlerPlayClient.func_147247_a(NetHandlerPlayClient.java:1813) ~[bcy.class:?]
	at net.minecraft.network.play.server.S3EPacketTeams.func_148833_a(SourceFile:113) ~[hr.class:?]
	at net.minecraft.network.play.server.S3EPacketTeams.func_148833_a(SourceFile:13) ~[hr.class:?]
	at net.minecraft.network.PacketThreadUtil$1.run(SourceFile:13) ~[fh$1.class:?]
	at java.util.concurrent.Executors$RunnableAdapter.call(Executors.java:511) ~[?:1.8.0_51]
	at java.util.concurrent.FutureTask.run(FutureTask.java:266) ~[?:1.8.0_51]
	at net.minecraft.util.Util.func_181617_a(SourceFile:44) ~[g.class:?]
	... 9 more
[19:15:14] [Client thread/INFO]: [CHAT] [«] ReyZohh
[19:15:23] [Client thread/INFO]: [CHAT] [»] ImSmarterThanYou (18s)
[19:15:25] [Client thread/FATAL]: Error executing task
java.util.concurrent.ExecutionException: java.lang.NullPointerException
	at java.util.concurrent.FutureTask.report(FutureTask.java:122) ~[?:1.8.0_51]
	at java.util.concurrent.FutureTask.get(FutureTask.java:192) ~[?:1.8.0_51]
	at net.minecraft.util.Util.func_181617_a(SourceFile:45) [g.class:?]
	at net.minecraft.client.Minecraft.func_71411_J(Minecraft.java:1014) [ave.class:?]
	at net.minecraft.client.Minecraft.func_99999_d(Minecraft.java:349) [ave.class:?]
	at net.minecraft.client.main.Main.main(SourceFile:124) [Main.class:?]
	at sun.reflect.NativeMethodAccessorImpl.invoke0(Native Method) ~[?:1.8.0_51]
	at sun.reflect.NativeMethodAccessorImpl.invoke(NativeMethodAccessorImpl.java:62) ~[?:1.8.0_51]
	at sun.reflect.DelegatingMethodAccessorImpl.invoke(DelegatingMethodAccessorImpl.java:43) ~[?:1.8.0_51]
	at java.lang.reflect.Method.invoke(Method.java:497) ~[?:1.8.0_51]
	at net.minecraft.launchwrapper.Launch.launch(Launch.java:135) [launchwrapper-1.12.jar:?]
	at net.minecraft.launchwrapper.Launch.main(Launch.java:28) [launchwrapper-1.12.jar:?]
Caused by: java.lang.NullPointerException
	at net.minecraft.scoreboard.Scoreboard.func_96511_d(SourceFile:229) ~[auo.class:?]
	at net.minecraft.client.network.NetHandlerPlayClient.func_147247_a(NetHandlerPlayClient.java:1813) ~[bcy.class:?]
	at net.minecraft.network.play.server.S3EPacketTeams.func_148833_a(SourceFile:113) ~[hr.class:?]
	at net.minecraft.network.play.server.S3EPacketTeams.func_148833_a(SourceFile:13) ~[hr.class:?]
	at net.minecraft.network.PacketThreadUtil$1.run(SourceFile:13) ~[fh$1.class:?]
	at java.util.concurrent.Executors$RunnableAdapter.call(Executors.java:511) ~[?:1.8.0_51]
	at java.util.concurrent.FutureTask.run(FutureTask.java:266) ~[?:1.8.0_51]
	at net.minecraft.util.Util.func_181617_a(SourceFile:44) ~[g.class:?]
	... 9 more
[19:15:27] [Client thread/INFO]: [CHAT] [»] MDUCOQ (48s)
[19:15:28] [Client thread/INFO]: [CHAT] [»] ReyZohh (13s)
[19:15:46] [Client thread/INFO]: [CHAT] [«] Badmosss
[19:15:51] [Client thread/INFO]: [CHAT] [»] Badmosss (4s)
[19:15:55] [Client thread/INFO]: [CHAT] §8[§b§lHELPOP§8] §8§o#15 §f: grp de 3 nn vue le nombre loups ?  [Répondre]
[19:15:55] [Client thread/INFO]: [CHAT] [LG UHC] Fin de la période de vote.
[19:16:05] [Client thread/INFO]: [CHAT] §8? §8§l[§r§d§l!§8§l] §8 (§9LG§8) §d§cReyZohh §r§7[Sorcière]§8 » §5§4Variation d'honneur  -1 -> -3 raison : Vote urne
[19:16:05] [Client thread/INFO]: [CHAT] [LG UHC] Résultat du vote #2
[19:16:05] [Client thread/INFO]: [CHAT] [LG UHC] Le joueur ReyZohh est la cible majoritaire des votes avec 3 votes. Il perd donc 2? permanents, 2 niveaux d'Honneur !
[19:16:05] [Client thread/INFO]: [CHAT] [LG - EXPOSED] Le rôle de ReyZohh se trouve parmi les rôles suivants : Voleur   Vilain Petit Loup   Renard  Sorcière
[19:16:07] [Client thread/INFO]: [CHAT] §8? §8§l[§r§d§l!§8§l] §8 (§eUHC§8) §dRaiitoPGM91§8 » §5Non-respect des groupes (5)
[19:16:13] [Client thread/INFO]: [CHAT] /setgroup, /sethost, /setspawn, /settings, /setvoice
[19:16:17] [Client thread/FATAL]: Error executing task
java.util.concurrent.ExecutionException: java.lang.NullPointerException
	at java.util.concurrent.FutureTask.report(FutureTask.java:122) ~[?:1.8.0_51]
	at java.util.concurrent.FutureTask.get(FutureTask.java:192) ~[?:1.8.0_51]
	at net.minecraft.util.Util.func_181617_a(SourceFile:45) [g.class:?]
	at net.minecraft.client.Minecraft.func_71411_J(Minecraft.java:1014) [ave.class:?]
	at net.minecraft.client.Minecraft.func_99999_d(Minecraft.java:349) [ave.class:?]
	at net.minecraft.client.main.Main.main(SourceFile:124) [Main.class:?]
	at sun.reflect.NativeMethodAccessorImpl.invoke0(Native Method) ~[?:1.8.0_51]
	at sun.reflect.NativeMethodAccessorImpl.invoke(NativeMethodAccessorImpl.java:62) ~[?:1.8.0_51]
	at sun.reflect.DelegatingMethodAccessorImpl.invoke(DelegatingMethodAccessorImpl.java:43) ~[?:1.8.0_51]
	at java.lang.reflect.Method.invoke(Method.java:497) ~[?:1.8.0_51]
	at net.minecraft.launchwrapper.Launch.launch(Launch.java:135) [launchwrapper-1.12.jar:?]
	at net.minecraft.launchwrapper.Launch.main(Launch.java:28) [launchwrapper-1.12.jar:?]
Caused by: java.lang.NullPointerException
	at net.minecraft.scoreboard.Scoreboard.func_96511_d(SourceFile:229) ~[auo.class:?]
	at net.minecraft.client.network.NetHandlerPlayClient.func_147247_a(NetHandlerPlayClient.java:1813) ~[bcy.class:?]
	at net.minecraft.network.play.server.S3EPacketTeams.func_148833_a(SourceFile:113) ~[hr.class:?]
	at net.minecraft.network.play.server.S3EPacketTeams.func_148833_a(SourceFile:13) ~[hr.class:?]
	at net.minecraft.network.PacketThreadUtil$1.run(SourceFile:13) ~[fh$1.class:?]
	at java.util.concurrent.Executors$RunnableAdapter.call(Executors.java:511) ~[?:1.8.0_51]
	at java.util.concurrent.FutureTask.run(FutureTask.java:266) ~[?:1.8.0_51]
	at net.minecraft.util.Util.func_181617_a(SourceFile:44) ~[g.class:?]
	... 9 more
[19:16:17] [Client thread/INFO]: [CHAT] [»] lolo_hydra (102s)
[19:16:18] [Client thread/INFO]: [CHAT] [HOST] La limite de groupes a été modifiée, le système de groupe automatique a été désactivé.
[19:16:18] [Client thread/INFO]: [CHAT] [HOST] Vous avez défini les groupes à 3 joueurs.
[19:16:20] [Client thread/INFO]: [CHAT] [HOST] Vous avez défini les groupes à 3 joueurs.
[19:16:31] [Client thread/INFO]: [CHAT] §8? §8§l[§r§d§l!§8§l] §8 (§eUHC§8) §dLumsGOAT69xX§8 » §5Non-respect des groupes (4)
[19:16:41] [Client thread/INFO]: [CHAT] §8? §8§l[§r§d§l!§8§l] §8 (§6PvP§8) §dBadmosss§8 » §5Taiko___
[19:16:45] [Client thread/FATAL]: Error executing task
java.util.concurrent.ExecutionException: java.lang.NullPointerException
	at java.util.concurrent.FutureTask.report(FutureTask.java:122) ~[?:1.8.0_51]
	at java.util.concurrent.FutureTask.get(FutureTask.java:192) ~[?:1.8.0_51]
	at net.minecraft.util.Util.func_181617_a(SourceFile:45) [g.class:?]
	at net.minecraft.client.Minecraft.func_71411_J(Minecraft.java:1014) [ave.class:?]
	at net.minecraft.client.Minecraft.func_99999_d(Minecraft.java:349) [ave.class:?]
	at net.minecraft.client.main.Main.main(SourceFile:124) [Main.class:?]
	at sun.reflect.NativeMethodAccessorImpl.invoke0(Native Method) ~[?:1.8.0_51]
	at sun.reflect.NativeMethodAccessorImpl.invoke(NativeMethodAccessorImpl.java:62) ~[?:1.8.0_51]
	at sun.reflect.DelegatingMethodAccessorImpl.invoke(DelegatingMethodAccessorImpl.java:43) ~[?:1.8.0_51]
	at java.lang.reflect.Method.invoke(Method.java:497) ~[?:1.8.0_51]
	at net.minecraft.launchwrapper.Launch.launch(Launch.java:135) [launchwrapper-1.12.jar:?]
	at net.minecraft.launchwrapper.Launch.main(Launch.java:28) [launchwrapper-1.12.jar:?]
Caused by: java.lang.NullPointerException
	at net.minecraft.scoreboard.Scoreboard.func_96511_d(SourceFile:229) ~[auo.class:?]
	at net.minecraft.client.network.NetHandlerPlayClient.func_147247_a(NetHandlerPlayClient.java:1813) ~[bcy.class:?]
	at net.minecraft.network.play.server.S3EPacketTeams.func_148833_a(SourceFile:113) ~[hr.class:?]
	at net.minecraft.network.play.server.S3EPacketTeams.func_148833_a(SourceFile:13) ~[hr.class:?]
	at net.minecraft.network.PacketThreadUtil$1.run(SourceFile:13) ~[fh$1.class:?]
	at java.util.concurrent.Executors$RunnableAdapter.call(Executors.java:511) ~[?:1.8.0_51]
	at java.util.concurrent.FutureTask.run(FutureTask.java:266) ~[?:1.8.0_51]
	at net.minecraft.util.Util.func_181617_a(SourceFile:44) ~[g.class:?]
	... 9 more
[19:16:56] [Client thread/INFO]: [CHAT] §8? §8§l[§r§d§l!§8§l] §8 (§6PvP§8) §dWolfRafox§8 » §5Nox_Leloup
[19:17:06] [Client thread/INFO]: [CHAT] §8? §8§l[§r§d§l!§8§l] §8 (§6PvP§8) §dTaiko___§8 » §5LEONPRIME63
[19:17:14] [Client thread/INFO]: [CHAT] §8? §8§l[§r§d§l!§8§l] §8 (§eUHC§8) §dJustxijio§8 » §5Non-respect des groupes (4)
[19:17:27] [Client thread/INFO]: [CHAT] §8? §8§l[§r§d§l!§8§l] §8 (§4Mort§8) §dNox_Leloup§8 » §5Tué par WolfRafox
[19:17:37] [Client thread/INFO]: [CHAT] §8? §8§l[§r§d§l!§8§l] §8 (§9LG§8) §d§cWolfRafox §r§7[Infect Père des Loups]§8 » §5§4Vol du rôle de : Nox_Leloup §7[Infect Père des Loups]
[19:17:37] [Client thread/INFO]: [CHAT] §8? §8§l[§r§d§l!§8§l] §8 (§9LG§8) §d§cWolfRafox §r§7[Infect Père des Loups]§8 » §5§4Variation d'honneur  2 -> 3 raison : Kill
[19:17:37] [Client thread/INFO]: [CHAT] ------------- ? -------------
[19:17:37] [Client thread/INFO]: [CHAT]  Le village a perdu un de ses membres : Nox_Leloup, qui était seikufnzieuio.
[19:17:37] [Client thread/INFO]: [CHAT] ----------------------------
[19:17:41] [Client thread/INFO]: [CHAT] §8? §8§l[§r§d§l!§8§l] §8 (§4Mort§8) §dLEONPRIME63§8 » §5Tué par Taiko___
[19:17:43] [Client thread/INFO]: [CHAT] [«] LEONPRIME63
[19:17:51] [Client thread/INFO]: [CHAT] [LG UHC] Un vote est lancé ! (Vote #3)
[19:17:51] [Client thread/INFO]: [CHAT] [LG UHC] Vous avez 10 minutes pour voter contre un joueur en vous rendant dans un bâtiment prévu à cet effet. La capacité des urnes est de : 5 !
[19:17:51] [Client thread/INFO]: [CHAT] §8? §8§l[§r§d§l!§8§l] §8 (§9LG§8) §d§cTaiko___ §r§7[Loup-Garou Feutré]§8 » §5§4Variation d'honneur  0 -> -1 raison : Kill
[19:17:51] [Client thread/INFO]: [CHAT] ------------- ? -------------
[19:17:51] [Client thread/INFO]: [CHAT]  Le village a perdu un de ses membres : LEONPRIME63, qui était seikufnzieuio.
[19:17:51] [Client thread/INFO]: [CHAT] ----------------------------
[19:17:52] [Client thread/INFO]: [CHAT] [LG - FEU DE CAMP] Le village décide de discuter de ses suspicions autour d'un feu de camp ; le dernier vote s'y tiendra !
[19:18:12] [Client thread/INFO]: [CHAT] §8? §8§l[§r§d§l!§8§l] §8 (§eUHC§8) §dXxTominhoPGM69xX§8 » §5Non-respect des groupes (6)
[19:18:19] [Client thread/INFO]: [CHAT] §8? §8§l[§r§d§l!§8§l] §8 (§eUHC§8) §dImSmarterThanYou§8 » §5Non-respect des groupes (5)
[19:18:28] [Client thread/INFO]: [CHAT] §8? §8§l[§r§d§l!§8§l] §8 (§eUHC§8) §dJustxijio§8 » §5Non-respect des groupes (5)
[19:18:34] [Client thread/INFO]: [CHAT] §8? §8§l[§r§d§l!§8§l] §8 (§6PvP§8) §dTaiko___§8 » §5Badmosss
[19:18:47] [Texture Downloader #180/ERROR]: Couldn't download http texture
java.net.UnknownHostException: skins.minecraft.net
	at java.net.AbstractPlainSocketImpl.connect(AbstractPlainSocketImpl.java:184) ~[?:1.8.0_51]
	at java.net.PlainSocketImpl.connect(PlainSocketImpl.java:172) ~[?:1.8.0_51]
	at java.net.SocksSocketImpl.connect(SocksSocketImpl.java:392) ~[?:1.8.0_51]
	at java.net.Socket.connect(Socket.java:589) ~[?:1.8.0_51]
	at java.net.Socket.connect(Socket.java:538) ~[?:1.8.0_51]
	at sun.net.NetworkClient.doConnect(NetworkClient.java:180) ~[?:1.8.0_51]
	at sun.net.www.http.HttpClient.openServer(HttpClient.java:432) ~[?:1.8.0_51]
	at sun.net.www.http.HttpClient.openServer(HttpClient.java:527) ~[?:1.8.0_51]
	at sun.net.www.http.HttpClient.<init>(HttpClient.java:211) ~[?:1.8.0_51]
	at sun.net.www.http.HttpClient.New(HttpClient.java:308) ~[?:1.8.0_51]
	at sun.net.www.http.HttpClient.New(HttpClient.java:326) ~[?:1.8.0_51]
	at sun.net.www.protocol.http.HttpURLConnection.getNewHttpClient(HttpURLConnection.java:1168) ~[?:1.8.0_51]
	at sun.net.www.protocol.http.HttpURLConnection.plainConnect0(HttpURLConnection.java:1147) ~[?:1.8.0_51]
	at sun.net.www.protocol.http.HttpURLConnection$6.run(HttpURLConnection.java:988) ~[?:1.8.0_51]
	at sun.net.www.protocol.http.HttpURLConnection$6.run(HttpURLConnection.java:986) ~[?:1.8.0_51]
	at java.security.AccessController.doPrivileged(Native Method) ~[?:1.8.0_51]
	at java.security.AccessController.doPrivileged(AccessController.java:713) ~[?:1.8.0_51]
	at sun.net.www.protocol.http.HttpURLConnection.plainConnect(HttpURLConnection.java:985) ~[?:1.8.0_51]
	at sun.net.www.protocol.http.HttpURLConnection.connect(HttpURLConnection.java:932) ~[?:1.8.0_51]
	at net.minecraft.client.renderer.ThreadDownloadImageData$1.run(SourceFile:106) [bma$1.class:?]
[19:18:47] [Texture Downloader #186/ERROR]: Couldn't download http texture
java.net.UnknownHostException: skins.minecraft.net
	at java.net.AbstractPlainSocketImpl.connect(AbstractPlainSocketImpl.java:184) ~[?:1.8.0_51]
	at java.net.PlainSocketImpl.connect(PlainSocketImpl.java:172) ~[?:1.8.0_51]
	at java.net.SocksSocketImpl.connect(SocksSocketImpl.java:392) ~[?:1.8.0_51]
	at java.net.Socket.connect(Socket.java:589) ~[?:1.8.0_51]
	at java.net.Socket.connect(Socket.java:538) ~[?:1.8.0_51]
	at sun.net.NetworkClient.doConnect(NetworkClient.java:180) ~[?:1.8.0_51]
	at sun.net.www.http.HttpClient.openServer(HttpClient.java:432) ~[?:1.8.0_51]
	at sun.net.www.http.HttpClient.openServer(HttpClient.java:527) ~[?:1.8.0_51]
	at sun.net.www.http.HttpClient.<init>(HttpClient.java:211) ~[?:1.8.0_51]
	at sun.net.www.http.HttpClient.New(HttpClient.java:308) ~[?:1.8.0_51]
	at sun.net.www.http.HttpClient.New(HttpClient.java:326) ~[?:1.8.0_51]
	at sun.net.www.protocol.http.HttpURLConnection.getNewHttpClient(HttpURLConnection.java:1168) ~[?:1.8.0_51]
	at sun.net.www.protocol.http.HttpURLConnection.plainConnect0(HttpURLConnection.java:1147) ~[?:1.8.0_51]
	at sun.net.www.protocol.http.HttpURLConnection$6.run(HttpURLConnection.java:988) ~[?:1.8.0_51]
	at sun.net.www.protocol.http.HttpURLConnection$6.run(HttpURLConnection.java:986) ~[?:1.8.0_51]
	at java.security.AccessController.doPrivileged(Native Method) ~[?:1.8.0_51]
	at java.security.AccessController.doPrivileged(AccessController.java:713) ~[?:1.8.0_51]
	at sun.net.www.protocol.http.HttpURLConnection.plainConnect(HttpURLConnection.java:985) ~[?:1.8.0_51]
	at sun.net.www.protocol.http.HttpURLConnection.connect(HttpURLConnection.java:932) ~[?:1.8.0_51]
	at net.minecraft.client.renderer.ThreadDownloadImageData$1.run(SourceFile:106) [bma$1.class:?]
[19:18:47] [Texture Downloader #187/ERROR]: Couldn't download http texture
java.net.UnknownHostException: skins.minecraft.net
	at java.net.AbstractPlainSocketImpl.connect(AbstractPlainSocketImpl.java:184) ~[?:1.8.0_51]
	at java.net.PlainSocketImpl.connect(PlainSocketImpl.java:172) ~[?:1.8.0_51]
	at java.net.SocksSocketImpl.connect(SocksSocketImpl.java:392) ~[?:1.8.0_51]
	at java.net.Socket.connect(Socket.java:589) ~[?:1.8.0_51]
	at java.net.Socket.connect(Socket.java:538) ~[?:1.8.0_51]
	at sun.net.NetworkClient.doConnect(NetworkClient.java:180) ~[?:1.8.0_51]
	at sun.net.www.http.HttpClient.openServer(HttpClient.java:432) ~[?:1.8.0_51]
	at sun.net.www.http.HttpClient.openServer(HttpClient.java:527) ~[?:1.8.0_51]
	at sun.net.www.http.HttpClient.<init>(HttpClient.java:211) ~[?:1.8.0_51]
	at sun.net.www.http.HttpClient.New(HttpClient.java:308) ~[?:1.8.0_51]
	at sun.net.www.http.HttpClient.New(HttpClient.java:326) ~[?:1.8.0_51]
	at sun.net.www.protocol.http.HttpURLConnection.getNewHttpClient(HttpURLConnection.java:1168) ~[?:1.8.0_51]
	at sun.net.www.protocol.http.HttpURLConnection.plainConnect0(HttpURLConnection.java:1147) ~[?:1.8.0_51]
	at sun.net.www.protocol.http.HttpURLConnection$6.run(HttpURLConnection.java:988) ~[?:1.8.0_51]
	at sun.net.www.protocol.http.HttpURLConnection$6.run(HttpURLConnection.java:986) ~[?:1.8.0_51]
	at java.security.AccessController.doPrivileged(Native Method) ~[?:1.8.0_51]
	at java.security.AccessController.doPrivileged(AccessController.java:713) ~[?:1.8.0_51]
	at sun.net.www.protocol.http.HttpURLConnection.plainConnect(HttpURLConnection.java:985) ~[?:1.8.0_51]
	at sun.net.www.protocol.http.HttpURLConnection.connect(HttpURLConnection.java:932) ~[?:1.8.0_51]
	at net.minecraft.client.renderer.ThreadDownloadImageData$1.run(SourceFile:106) [bma$1.class:?]
[19:18:47] [Texture Downloader #181/ERROR]: Couldn't download http texture
java.net.UnknownHostException: skins.minecraft.net
	at java.net.AbstractPlainSocketImpl.connect(AbstractPlainSocketImpl.java:184) ~[?:1.8.0_51]
	at java.net.PlainSocketImpl.connect(PlainSocketImpl.java:172) ~[?:1.8.0_51]
	at java.net.SocksSocketImpl.connect(SocksSocketImpl.java:392) ~[?:1.8.0_51]
	at java.net.Socket.connect(Socket.java:589) ~[?:1.8.0_51]
	at java.net.Socket.connect(Socket.java:538) ~[?:1.8.0_51]
	at sun.net.NetworkClient.doConnect(NetworkClient.java:180) ~[?:1.8.0_51]
	at sun.net.www.http.HttpClient.openServer(HttpClient.java:432) ~[?:1.8.0_51]
	at sun.net.www.http.HttpClient.openServer(HttpClient.java:527) ~[?:1.8.0_51]
	at sun.net.www.http.HttpClient.<init>(HttpClient.java:211) ~[?:1.8.0_51]
	at sun.net.www.http.HttpClient.New(HttpClient.java:308) ~[?:1.8.0_51]
	at sun.net.www.http.HttpClient.New(HttpClient.java:326) ~[?:1.8.0_51]
	at sun.net.www.protocol.http.HttpURLConnection.getNewHttpClient(HttpURLConnection.java:1168) ~[?:1.8.0_51]
	at sun.net.www.protocol.http.HttpURLConnection.plainConnect0(HttpURLConnection.java:1147) ~[?:1.8.0_51]
	at sun.net.www.protocol.http.HttpURLConnection$6.run(HttpURLConnection.java:988) ~[?:1.8.0_51]
	at sun.net.www.protocol.http.HttpURLConnection$6.run(HttpURLConnection.java:986) ~[?:1.8.0_51]
	at java.security.AccessController.doPrivileged(Native Method) ~[?:1.8.0_51]
	at java.security.AccessController.doPrivileged(AccessController.java:713) ~[?:1.8.0_51]
	at sun.net.www.protocol.http.HttpURLConnection.plainConnect(HttpURLConnection.java:985) ~[?:1.8.0_51]
	at sun.net.www.protocol.http.HttpURLConnection.connect(HttpURLConnection.java:932) ~[?:1.8.0_51]
	at net.minecraft.client.renderer.ThreadDownloadImageData$1.run(SourceFile:106) [bma$1.class:?]
[19:18:47] [Texture Downloader #185/ERROR]: Couldn't download http texture
java.net.UnknownHostException: skins.minecraft.net
	at java.net.AbstractPlainSocketImpl.connect(AbstractPlainSocketImpl.java:184) ~[?:1.8.0_51]
	at java.net.PlainSocketImpl.connect(PlainSocketImpl.java:172) ~[?:1.8.0_51]
	at java.net.SocksSocketImpl.connect(SocksSocketImpl.java:392) ~[?:1.8.0_51]
	at java.net.Socket.connect(Socket.java:589) ~[?:1.8.0_51]
	at java.net.Socket.connect(Socket.java:538) ~[?:1.8.0_51]
	at sun.net.NetworkClient.doConnect(NetworkClient.java:180) ~[?:1.8.0_51]
	at sun.net.www.http.HttpClient.openServer(HttpClient.java:432) ~[?:1.8.0_51]
	at sun.net.www.http.HttpClient.openServer(HttpClient.java:527) ~[?:1.8.0_51]
	at sun.net.www.http.HttpClient.<init>(HttpClient.java:211) ~[?:1.8.0_51]
	at sun.net.www.http.HttpClient.New(HttpClient.java:308) ~[?:1.8.0_51]
	at sun.net.www.http.HttpClient.New(HttpClient.java:326) ~[?:1.8.0_51]
	at sun.net.www.protocol.http.HttpURLConnection.getNewHttpClient(HttpURLConnection.java:1168) ~[?:1.8.0_51]
	at sun.net.www.protocol.http.HttpURLConnection.plainConnect0(HttpURLConnection.java:1147) ~[?:1.8.0_51]
	at sun.net.www.protocol.http.HttpURLConnection$6.run(HttpURLConnection.java:988) ~[?:1.8.0_51]
	at sun.net.www.protocol.http.HttpURLConnection$6.run(HttpURLConnection.java:986) ~[?:1.8.0_51]
	at java.security.AccessController.doPrivileged(Native Method) ~[?:1.8.0_51]
	at java.security.AccessController.doPrivileged(AccessController.java:713) ~[?:1.8.0_51]
	at sun.net.www.protocol.http.HttpURLConnection.plainConnect(HttpURLConnection.java:985) ~[?:1.8.0_51]
	at sun.net.www.protocol.http.HttpURLConnection.connect(HttpURLConnection.java:932) ~[?:1.8.0_51]
	at net.minecraft.client.renderer.ThreadDownloadImageData$1.run(SourceFile:106) [bma$1.class:?]
[19:18:47] [Texture Downloader #182/ERROR]: Couldn't download http texture
java.net.UnknownHostException: skins.minecraft.net
	at java.net.AbstractPlainSocketImpl.connect(AbstractPlainSocketImpl.java:184) ~[?:1.8.0_51]
	at java.net.PlainSocketImpl.connect(PlainSocketImpl.java:172) ~[?:1.8.0_51]
	at java.net.SocksSocketImpl.connect(SocksSocketImpl.java:392) ~[?:1.8.0_51]
	at java.net.Socket.connect(Socket.java:589) ~[?:1.8.0_51]
	at java.net.Socket.connect(Socket.java:538) ~[?:1.8.0_51]
	at sun.net.NetworkClient.doConnect(NetworkClient.java:180) ~[?:1.8.0_51]
	at sun.net.www.http.HttpClient.openServer(HttpClient.java:432) ~[?:1.8.0_51]
	at sun.net.www.http.HttpClient.openServer(HttpClient.java:527) ~[?:1.8.0_51]
	at sun.net.www.http.HttpClient.<init>(HttpClient.java:211) ~[?:1.8.0_51]
	at sun.net.www.http.HttpClient.New(HttpClient.java:308) ~[?:1.8.0_51]
	at sun.net.www.http.HttpClient.New(HttpClient.java:326) ~[?:1.8.0_51]
	at sun.net.www.protocol.http.HttpURLConnection.getNewHttpClient(HttpURLConnection.java:1168) ~[?:1.8.0_51]
	at sun.net.www.protocol.http.HttpURLConnection.plainConnect0(HttpURLConnection.java:1147) ~[?:1.8.0_51]
	at sun.net.www.protocol.http.HttpURLConnection$6.run(HttpURLConnection.java:988) ~[?:1.8.0_51]
	at sun.net.www.protocol.http.HttpURLConnection$6.run(HttpURLConnection.java:986) ~[?:1.8.0_51]
	at java.security.AccessController.doPrivileged(Native Method) ~[?:1.8.0_51]
	at java.security.AccessController.doPrivileged(AccessController.java:713) ~[?:1.8.0_51]
	at sun.net.www.protocol.http.HttpURLConnection.plainConnect(HttpURLConnection.java:985) ~[?:1.8.0_51]
	at sun.net.www.protocol.http.HttpURLConnection.connect(HttpURLConnection.java:932) ~[?:1.8.0_51]
	at net.minecraft.client.renderer.ThreadDownloadImageData$1.run(SourceFile:106) [bma$1.class:?]
[19:18:47] [Texture Downloader #184/ERROR]: Couldn't download http texture
java.net.UnknownHostException: skins.minecraft.net
	at java.net.AbstractPlainSocketImpl.connect(AbstractPlainSocketImpl.java:184) ~[?:1.8.0_51]
	at java.net.PlainSocketImpl.connect(PlainSocketImpl.java:172) ~[?:1.8.0_51]
	at java.net.SocksSocketImpl.connect(SocksSocketImpl.java:392) ~[?:1.8.0_51]
	at java.net.Socket.connect(Socket.java:589) ~[?:1.8.0_51]
	at java.net.Socket.connect(Socket.java:538) ~[?:1.8.0_51]
	at sun.net.NetworkClient.doConnect(NetworkClient.java:180) ~[?:1.8.0_51]
	at sun.net.www.http.HttpClient.openServer(HttpClient.java:432) ~[?:1.8.0_51]
	at sun.net.www.http.HttpClient.openServer(HttpClient.java:527) ~[?:1.8.0_51]
	at sun.net.www.http.HttpClient.<init>(HttpClient.java:211) ~[?:1.8.0_51]
	at sun.net.www.http.HttpClient.New(HttpClient.java:308) ~[?:1.8.0_51]
	at sun.net.www.http.HttpClient.New(HttpClient.java:326) ~[?:1.8.0_51]
	at sun.net.www.protocol.http.HttpURLConnection.getNewHttpClient(HttpURLConnection.java:1168) ~[?:1.8.0_51]
	at sun.net.www.protocol.http.HttpURLConnection.plainConnect0(HttpURLConnection.java:1147) ~[?:1.8.0_51]
	at sun.net.www.protocol.http.HttpURLConnection$6.run(HttpURLConnection.java:988) ~[?:1.8.0_51]
	at sun.net.www.protocol.http.HttpURLConnection$6.run(HttpURLConnection.java:986) ~[?:1.8.0_51]
	at java.security.AccessController.doPrivileged(Native Method) ~[?:1.8.0_51]
	at java.security.AccessController.doPrivileged(AccessController.java:713) ~[?:1.8.0_51]
	at sun.net.www.protocol.http.HttpURLConnection.plainConnect(HttpURLConnection.java:985) ~[?:1.8.0_51]
	at sun.net.www.protocol.http.HttpURLConnection.connect(HttpURLConnection.java:932) ~[?:1.8.0_51]
	at net.minecraft.client.renderer.ThreadDownloadImageData$1.run(SourceFile:106) [bma$1.class:?]
[19:18:47] [Texture Downloader #183/ERROR]: Couldn't download http texture
java.net.UnknownHostException: skins.minecraft.net
	at java.net.AbstractPlainSocketImpl.connect(AbstractPlainSocketImpl.java:184) ~[?:1.8.0_51]
	at java.net.PlainSocketImpl.connect(PlainSocketImpl.java:172) ~[?:1.8.0_51]
	at java.net.SocksSocketImpl.connect(SocksSocketImpl.java:392) ~[?:1.8.0_51]
	at java.net.Socket.connect(Socket.java:589) ~[?:1.8.0_51]
	at java.net.Socket.connect(Socket.java:538) ~[?:1.8.0_51]
	at sun.net.NetworkClient.doConnect(NetworkClient.java:180) ~[?:1.8.0_51]
	at sun.net.www.http.HttpClient.openServer(HttpClient.java:432) ~[?:1.8.0_51]
	at sun.net.www.http.HttpClient.openServer(HttpClient.java:527) ~[?:1.8.0_51]
	at sun.net.www.http.HttpClient.<init>(HttpClient.java:211) ~[?:1.8.0_51]
	at sun.net.www.http.HttpClient.New(HttpClient.java:308) ~[?:1.8.0_51]
	at sun.net.www.http.HttpClient.New(HttpClient.java:326) ~[?:1.8.0_51]
	at sun.net.www.protocol.http.HttpURLConnection.getNewHttpClient(HttpURLConnection.java:1168) ~[?:1.8.0_51]
	at sun.net.www.protocol.http.HttpURLConnection.plainConnect0(HttpURLConnection.java:1147) ~[?:1.8.0_51]
	at sun.net.www.protocol.http.HttpURLConnection$6.run(HttpURLConnection.java:988) ~[?:1.8.0_51]
	at sun.net.www.protocol.http.HttpURLConnection$6.run(HttpURLConnection.java:986) ~[?:1.8.0_51]
	at java.security.AccessController.doPrivileged(Native Method) ~[?:1.8.0_51]
	at java.security.AccessController.doPrivileged(AccessController.java:713) ~[?:1.8.0_51]
	at sun.net.www.protocol.http.HttpURLConnection.plainConnect(HttpURLConnection.java:985) ~[?:1.8.0_51]
	at sun.net.www.protocol.http.HttpURLConnection.connect(HttpURLConnection.java:932) ~[?:1.8.0_51]
	at net.minecraft.client.renderer.ThreadDownloadImageData$1.run(SourceFile:106) [bma$1.class:?]
[19:18:47] [Texture Downloader #188/ERROR]: Couldn't download http texture
java.net.UnknownHostException: skins.minecraft.net
	at java.net.AbstractPlainSocketImpl.connect(AbstractPlainSocketImpl.java:184) ~[?:1.8.0_51]
	at java.net.PlainSocketImpl.connect(PlainSocketImpl.java:172) ~[?:1.8.0_51]
	at java.net.SocksSocketImpl.connect(SocksSocketImpl.java:392) ~[?:1.8.0_51]
	at java.net.Socket.connect(Socket.java:589) ~[?:1.8.0_51]
	at java.net.Socket.connect(Socket.java:538) ~[?:1.8.0_51]
	at sun.net.NetworkClient.doConnect(NetworkClient.java:180) ~[?:1.8.0_51]
	at sun.net.www.http.HttpClient.openServer(HttpClient.java:432) ~[?:1.8.0_51]
	at sun.net.www.http.HttpClient.openServer(HttpClient.java:527) ~[?:1.8.0_51]
	at sun.net.www.http.HttpClient.<init>(HttpClient.java:211) ~[?:1.8.0_51]
	at sun.net.www.http.HttpClient.New(HttpClient.java:308) ~[?:1.8.0_51]
	at sun.net.www.http.HttpClient.New(HttpClient.java:326) ~[?:1.8.0_51]
	at sun.net.www.protocol.http.HttpURLConnection.getNewHttpClient(HttpURLConnection.java:1168) ~[?:1.8.0_51]
	at sun.net.www.protocol.http.HttpURLConnection.plainConnect0(HttpURLConnection.java:1147) ~[?:1.8.0_51]
	at sun.net.www.protocol.http.HttpURLConnection$6.run(HttpURLConnection.java:988) ~[?:1.8.0_51]
	at sun.net.www.protocol.http.HttpURLConnection$6.run(HttpURLConnection.java:986) ~[?:1.8.0_51]
	at java.security.AccessController.doPrivileged(Native Method) ~[?:1.8.0_51]
	at java.security.AccessController.doPrivileged(AccessController.java:713) ~[?:1.8.0_51]
	at sun.net.www.protocol.http.HttpURLConnection.plainConnect(HttpURLConnection.java:985) ~[?:1.8.0_51]
	at sun.net.www.protocol.http.HttpURLConnection.connect(HttpURLConnection.java:932) ~[?:1.8.0_51]
	at net.minecraft.client.renderer.ThreadDownloadImageData$1.run(SourceFile:106) [bma$1.class:?]
[19:18:47] [Texture Downloader #189/ERROR]: Couldn't download http texture
java.net.UnknownHostException: skins.minecraft.net
	at java.net.AbstractPlainSocketImpl.connect(AbstractPlainSocketImpl.java:184) ~[?:1.8.0_51]
	at java.net.PlainSocketImpl.connect(PlainSocketImpl.java:172) ~[?:1.8.0_51]
	at java.net.SocksSocketImpl.connect(SocksSocketImpl.java:392) ~[?:1.8.0_51]
	at java.net.Socket.connect(Socket.java:589) ~[?:1.8.0_51]
	at java.net.Socket.connect(Socket.java:538) ~[?:1.8.0_51]
	at sun.net.NetworkClient.doConnect(NetworkClient.java:180) ~[?:1.8.0_51]
	at sun.net.www.http.HttpClient.openServer(HttpClient.java:432) ~[?:1.8.0_51]
	at sun.net.www.http.HttpClient.openServer(HttpClient.java:527) ~[?:1.8.0_51]
	at sun.net.www.http.HttpClient.<init>(HttpClient.java:211) ~[?:1.8.0_51]
	at sun.net.www.http.HttpClient.New(HttpClient.java:308) ~[?:1.8.0_51]
	at sun.net.www.http.HttpClient.New(HttpClient.java:326) ~[?:1.8.0_51]
	at sun.net.www.protocol.http.HttpURLConnection.getNewHttpClient(HttpURLConnection.java:1168) ~[?:1.8.0_51]
	at sun.net.www.protocol.http.HttpURLConnection.plainConnect0(HttpURLConnection.java:1147) ~[?:1.8.0_51]
	at sun.net.www.protocol.http.HttpURLConnection$6.run(HttpURLConnection.java:988) ~[?:1.8.0_51]
	at sun.net.www.protocol.http.HttpURLConnection$6.run(HttpURLConnection.java:986) ~[?:1.8.0_51]
	at java.security.AccessController.doPrivileged(Native Method) ~[?:1.8.0_51]
	at java.security.AccessController.doPrivileged(AccessController.java:713) ~[?:1.8.0_51]
	at sun.net.www.protocol.http.HttpURLConnection.plainConnect(HttpURLConnection.java:985) ~[?:1.8.0_51]
	at sun.net.www.protocol.http.HttpURLConnection.connect(HttpURLConnection.java:932) ~[?:1.8.0_51]
	at net.minecraft.client.renderer.ThreadDownloadImageData$1.run(SourceFile:106) [bma$1.class:?]
[19:18:47] [Texture Downloader #190/ERROR]: Couldn't download http texture
java.net.UnknownHostException: skins.minecraft.net
	at java.net.AbstractPlainSocketImpl.connect(AbstractPlainSocketImpl.java:184) ~[?:1.8.0_51]
	at java.net.PlainSocketImpl.connect(PlainSocketImpl.java:172) ~[?:1.8.0_51]
	at java.net.SocksSocketImpl.connect(SocksSocketImpl.java:392) ~[?:1.8.0_51]
	at java.net.Socket.connect(Socket.java:589) ~[?:1.8.0_51]
	at java.net.Socket.connect(Socket.java:538) ~[?:1.8.0_51]
	at sun.net.NetworkClient.doConnect(NetworkClient.java:180) ~[?:1.8.0_51]
	at sun.net.www.http.HttpClient.openServer(HttpClient.java:432) ~[?:1.8.0_51]
	at sun.net.www.http.HttpClient.openServer(HttpClient.java:527) ~[?:1.8.0_51]
	at sun.net.www.http.HttpClient.<init>(HttpClient.java:211) ~[?:1.8.0_51]
	at sun.net.www.http.HttpClient.New(HttpClient.java:308) ~[?:1.8.0_51]
	at sun.net.www.http.HttpClient.New(HttpClient.java:326) ~[?:1.8.0_51]
	at sun.net.www.protocol.http.HttpURLConnection.getNewHttpClient(HttpURLConnection.java:1168) ~[?:1.8.0_51]
	at sun.net.www.protocol.http.HttpURLConnection.plainConnect0(HttpURLConnection.java:1147) ~[?:1.8.0_51]
	at sun.net.www.protocol.http.HttpURLConnection$6.run(HttpURLConnection.java:988) ~[?:1.8.0_51]
	at sun.net.www.protocol.http.HttpURLConnection$6.run(HttpURLConnection.java:986) ~[?:1.8.0_51]
	at java.security.AccessController.doPrivileged(Native Method) ~[?:1.8.0_51]
	at java.security.AccessController.doPrivileged(AccessController.java:713) ~[?:1.8.0_51]
	at sun.net.www.protocol.http.HttpURLConnection.plainConnect(HttpURLConnection.java:985) ~[?:1.8.0_51]
	at sun.net.www.protocol.http.HttpURLConnection.connect(HttpURLConnection.java:932) ~[?:1.8.0_51]
	at net.minecraft.client.renderer.ThreadDownloadImageData$1.run(SourceFile:106) [bma$1.class:?]
[19:18:47] [Texture Downloader #191/ERROR]: Couldn't download http texture
java.net.UnknownHostException: skins.minecraft.net
	at java.net.AbstractPlainSocketImpl.connect(AbstractPlainSocketImpl.java:184) ~[?:1.8.0_51]
	at java.net.PlainSocketImpl.connect(PlainSocketImpl.java:172) ~[?:1.8.0_51]
	at java.net.SocksSocketImpl.connect(SocksSocketImpl.java:392) ~[?:1.8.0_51]
	at java.net.Socket.connect(Socket.java:589) ~[?:1.8.0_51]
	at java.net.Socket.connect(Socket.java:538) ~[?:1.8.0_51]
	at sun.net.NetworkClient.doConnect(NetworkClient.java:180) ~[?:1.8.0_51]
	at sun.net.www.http.HttpClient.openServer(HttpClient.java:432) ~[?:1.8.0_51]
	at sun.net.www.http.HttpClient.openServer(HttpClient.java:527) ~[?:1.8.0_51]
	at sun.net.www.http.HttpClient.<init>(HttpClient.java:211) ~[?:1.8.0_51]
	at sun.net.www.http.HttpClient.New(HttpClient.java:308) ~[?:1.8.0_51]
	at sun.net.www.http.HttpClient.New(HttpClient.java:326) ~[?:1.8.0_51]
	at sun.net.www.protocol.http.HttpURLConnection.getNewHttpClient(HttpURLConnection.java:1168) ~[?:1.8.0_51]
	at sun.net.www.protocol.http.HttpURLConnection.plainConnect0(HttpURLConnection.java:1147) ~[?:1.8.0_51]
	at sun.net.www.protocol.http.HttpURLConnection$6.run(HttpURLConnection.java:988) ~[?:1.8.0_51]
	at sun.net.www.protocol.http.HttpURLConnection$6.run(HttpURLConnection.java:986) ~[?:1.8.0_51]
	at java.security.AccessController.doPrivileged(Native Method) ~[?:1.8.0_51]
	at java.security.AccessController.doPrivileged(AccessController.java:713) ~[?:1.8.0_51]
	at sun.net.www.protocol.http.HttpURLConnection.plainConnect(HttpURLConnection.java:985) ~[?:1.8.0_51]
	at sun.net.www.protocol.http.HttpURLConnection.connect(HttpURLConnection.java:932) ~[?:1.8.0_51]
	at net.minecraft.client.renderer.ThreadDownloadImageData$1.run(SourceFile:106) [bma$1.class:?]
[19:18:47] [Texture Downloader #192/ERROR]: Couldn't download http texture
java.net.UnknownHostException: skins.minecraft.net
	at java.net.AbstractPlainSocketImpl.connect(AbstractPlainSocketImpl.java:184) ~[?:1.8.0_51]
	at java.net.PlainSocketImpl.connect(PlainSocketImpl.java:172) ~[?:1.8.0_51]
	at java.net.SocksSocketImpl.connect(SocksSocketImpl.java:392) ~[?:1.8.0_51]
	at java.net.Socket.connect(Socket.java:589) ~[?:1.8.0_51]
	at java.net.Socket.connect(Socket.java:538) ~[?:1.8.0_51]
	at sun.net.NetworkClient.doConnect(NetworkClient.java:180) ~[?:1.8.0_51]
	at sun.net.www.http.HttpClient.openServer(HttpClient.java:432) ~[?:1.8.0_51]
	at sun.net.www.http.HttpClient.openServer(HttpClient.java:527) ~[?:1.8.0_51]
	at sun.net.www.http.HttpClient.<init>(HttpClient.java:211) ~[?:1.8.0_51]
	at sun.net.www.http.HttpClient.New(HttpClient.java:308) ~[?:1.8.0_51]
	at sun.net.www.http.HttpClient.New(HttpClient.java:326) ~[?:1.8.0_51]
	at sun.net.www.protocol.http.HttpURLConnection.getNewHttpClient(HttpURLConnection.java:1168) ~[?:1.8.0_51]
	at sun.net.www.protocol.http.HttpURLConnection.plainConnect0(HttpURLConnection.java:1147) ~[?:1.8.0_51]
	at sun.net.www.protocol.http.HttpURLConnection$6.run(HttpURLConnection.java:988) ~[?:1.8.0_51]
	at sun.net.www.protocol.http.HttpURLConnection$6.run(HttpURLConnection.java:986) ~[?:1.8.0_51]
	at java.security.AccessController.doPrivileged(Native Method) ~[?:1.8.0_51]
	at java.security.AccessController.doPrivileged(AccessController.java:713) ~[?:1.8.0_51]
	at sun.net.www.protocol.http.HttpURLConnection.plainConnect(HttpURLConnection.java:985) ~[?:1.8.0_51]
	at sun.net.www.protocol.http.HttpURLConnection.connect(HttpURLConnection.java:932) ~[?:1.8.0_51]
	at net.minecraft.client.renderer.ThreadDownloadImageData$1.run(SourceFile:106) [bma$1.class:?]
[19:18:47] [Texture Downloader #193/ERROR]: Couldn't download http texture
java.net.UnknownHostException: skins.minecraft.net
	at java.net.AbstractPlainSocketImpl.connect(AbstractPlainSocketImpl.java:184) ~[?:1.8.0_51]
	at java.net.PlainSocketImpl.connect(PlainSocketImpl.java:172) ~[?:1.8.0_51]
	at java.net.SocksSocketImpl.connect(SocksSocketImpl.java:392) ~[?:1.8.0_51]
	at java.net.Socket.connect(Socket.java:589) ~[?:1.8.0_51]
	at java.net.Socket.connect(Socket.java:538) ~[?:1.8.0_51]
	at sun.net.NetworkClient.doConnect(NetworkClient.java:180) ~[?:1.8.0_51]
	at sun.net.www.http.HttpClient.openServer(HttpClient.java:432) ~[?:1.8.0_51]
	at sun.net.www.http.HttpClient.openServer(HttpClient.java:527) ~[?:1.8.0_51]
	at sun.net.www.http.HttpClient.<init>(HttpClient.java:211) ~[?:1.8.0_51]
	at sun.net.www.http.HttpClient.New(HttpClient.java:308) ~[?:1.8.0_51]
	at sun.net.www.http.HttpClient.New(HttpClient.java:326) ~[?:1.8.0_51]
	at sun.net.www.protocol.http.HttpURLConnection.getNewHttpClient(HttpURLConnection.java:1168) ~[?:1.8.0_51]
	at sun.net.www.protocol.http.HttpURLConnection.plainConnect0(HttpURLConnection.java:1147) ~[?:1.8.0_51]
	at sun.net.www.protocol.http.HttpURLConnection$6.run(HttpURLConnection.java:988) ~[?:1.8.0_51]
	at sun.net.www.protocol.http.HttpURLConnection$6.run(HttpURLConnection.java:986) ~[?:1.8.0_51]
	at java.security.AccessController.doPrivileged(Native Method) ~[?:1.8.0_51]
	at java.security.AccessController.doPrivileged(AccessController.java:713) ~[?:1.8.0_51]
	at sun.net.www.protocol.http.HttpURLConnection.plainConnect(HttpURLConnection.java:985) ~[?:1.8.0_51]
	at sun.net.www.protocol.http.HttpURLConnection.connect(HttpURLConnection.java:932) ~[?:1.8.0_51]
	at net.minecraft.client.renderer.ThreadDownloadImageData$1.run(SourceFile:106) [bma$1.class:?]
[19:18:47] [Texture Downloader #194/ERROR]: Couldn't download http texture
java.net.UnknownHostException: skins.minecraft.net
	at java.net.AbstractPlainSocketImpl.connect(AbstractPlainSocketImpl.java:184) ~[?:1.8.0_51]
	at java.net.PlainSocketImpl.connect(PlainSocketImpl.java:172) ~[?:1.8.0_51]
	at java.net.SocksSocketImpl.connect(SocksSocketImpl.java:392) ~[?:1.8.0_51]
	at java.net.Socket.connect(Socket.java:589) ~[?:1.8.0_51]
	at java.net.Socket.connect(Socket.java:538) ~[?:1.8.0_51]
	at sun.net.NetworkClient.doConnect(NetworkClient.java:180) ~[?:1.8.0_51]
	at sun.net.www.http.HttpClient.openServer(HttpClient.java:432) ~[?:1.8.0_51]
	at sun.net.www.http.HttpClient.openServer(HttpClient.java:527) ~[?:1.8.0_51]
	at sun.net.www.http.HttpClient.<init>(HttpClient.java:211) ~[?:1.8.0_51]
	at sun.net.www.http.HttpClient.New(HttpClient.java:308) ~[?:1.8.0_51]
	at sun.net.www.http.HttpClient.New(HttpClient.java:326) ~[?:1.8.0_51]
	at sun.net.www.protocol.http.HttpURLConnection.getNewHttpClient(HttpURLConnection.java:1168) ~[?:1.8.0_51]
	at sun.net.www.protocol.http.HttpURLConnection.plainConnect0(HttpURLConnection.java:1147) ~[?:1.8.0_51]
	at sun.net.www.protocol.http.HttpURLConnection$6.run(HttpURLConnection.java:988) ~[?:1.8.0_51]
	at sun.net.www.protocol.http.HttpURLConnection$6.run(HttpURLConnection.java:986) ~[?:1.8.0_51]
	at java.security.AccessController.doPrivileged(Native Method) ~[?:1.8.0_51]
	at java.security.AccessController.doPrivileged(AccessController.java:713) ~[?:1.8.0_51]
	at sun.net.www.protocol.http.HttpURLConnection.plainConnect(HttpURLConnection.java:985) ~[?:1.8.0_51]
	at sun.net.www.protocol.http.HttpURLConnection.connect(HttpURLConnection.java:932) ~[?:1.8.0_51]
	at net.minecraft.client.renderer.ThreadDownloadImageData$1.run(SourceFile:106) [bma$1.class:?]
[19:18:47] [Texture Downloader #195/ERROR]: Couldn't download http texture
java.net.UnknownHostException: skins.minecraft.net
	at java.net.AbstractPlainSocketImpl.connect(AbstractPlainSocketImpl.java:184) ~[?:1.8.0_51]
	at java.net.PlainSocketImpl.connect(PlainSocketImpl.java:172) ~[?:1.8.0_51]
	at java.net.SocksSocketImpl.connect(SocksSocketImpl.java:392) ~[?:1.8.0_51]
	at java.net.Socket.connect(Socket.java:589) ~[?:1.8.0_51]
	at java.net.Socket.connect(Socket.java:538) ~[?:1.8.0_51]
	at sun.net.NetworkClient.doConnect(NetworkClient.java:180) ~[?:1.8.0_51]
	at sun.net.www.http.HttpClient.openServer(HttpClient.java:432) ~[?:1.8.0_51]
	at sun.net.www.http.HttpClient.openServer(HttpClient.java:527) ~[?:1.8.0_51]
	at sun.net.www.http.HttpClient.<init>(HttpClient.java:211) ~[?:1.8.0_51]
	at sun.net.www.http.HttpClient.New(HttpClient.java:308) ~[?:1.8.0_51]
	at sun.net.www.http.HttpClient.New(HttpClient.java:326) ~[?:1.8.0_51]
	at sun.net.www.protocol.http.HttpURLConnection.getNewHttpClient(HttpURLConnection.java:1168) ~[?:1.8.0_51]
	at sun.net.www.protocol.http.HttpURLConnection.plainConnect0(HttpURLConnection.java:1147) ~[?:1.8.0_51]
	at sun.net.www.protocol.http.HttpURLConnection$6.run(HttpURLConnection.java:988) ~[?:1.8.0_51]
	at sun.net.www.protocol.http.HttpURLConnection$6.run(HttpURLConnection.java:986) ~[?:1.8.0_51]
	at java.security.AccessController.doPrivileged(Native Method) ~[?:1.8.0_51]
	at java.security.AccessController.doPrivileged(AccessController.java:713) ~[?:1.8.0_51]
	at sun.net.www.protocol.http.HttpURLConnection.plainConnect(HttpURLConnection.java:985) ~[?:1.8.0_51]
	at sun.net.www.protocol.http.HttpURLConnection.connect(HttpURLConnection.java:932) ~[?:1.8.0_51]
	at net.minecraft.client.renderer.ThreadDownloadImageData$1.run(SourceFile:106) [bma$1.class:?]
[19:18:47] [Texture Downloader #196/ERROR]: Couldn't download http texture
java.net.UnknownHostException: skins.minecraft.net
	at java.net.AbstractPlainSocketImpl.connect(AbstractPlainSocketImpl.java:184) ~[?:1.8.0_51]
	at java.net.PlainSocketImpl.connect(PlainSocketImpl.java:172) ~[?:1.8.0_51]
	at java.net.SocksSocketImpl.connect(SocksSocketImpl.java:392) ~[?:1.8.0_51]
	at java.net.Socket.connect(Socket.java:589) ~[?:1.8.0_51]
	at java.net.Socket.connect(Socket.java:538) ~[?:1.8.0_51]
	at sun.net.NetworkClient.doConnect(NetworkClient.java:180) ~[?:1.8.0_51]
	at sun.net.www.http.HttpClient.openServer(HttpClient.java:432) ~[?:1.8.0_51]
	at sun.net.www.http.HttpClient.openServer(HttpClient.java:527) ~[?:1.8.0_51]
	at sun.net.www.http.HttpClient.<init>(HttpClient.java:211) ~[?:1.8.0_51]
	at sun.net.www.http.HttpClient.New(HttpClient.java:308) ~[?:1.8.0_51]
	at sun.net.www.http.HttpClient.New(HttpClient.java:326) ~[?:1.8.0_51]
	at sun.net.www.protocol.http.HttpURLConnection.getNewHttpClient(HttpURLConnection.java:1168) ~[?:1.8.0_51]
	at sun.net.www.protocol.http.HttpURLConnection.plainConnect0(HttpURLConnection.java:1147) ~[?:1.8.0_51]
	at sun.net.www.protocol.http.HttpURLConnection$6.run(HttpURLConnection.java:988) ~[?:1.8.0_51]
	at sun.net.www.protocol.http.HttpURLConnection$6.run(HttpURLConnection.java:986) ~[?:1.8.0_51]
	at java.security.AccessController.doPrivileged(Native Method) ~[?:1.8.0_51]
	at java.security.AccessController.doPrivileged(AccessController.java:713) ~[?:1.8.0_51]
	at sun.net.www.protocol.http.HttpURLConnection.plainConnect(HttpURLConnection.java:985) ~[?:1.8.0_51]
	at sun.net.www.protocol.http.HttpURLConnection.connect(HttpURLConnection.java:932) ~[?:1.8.0_51]
	at net.minecraft.client.renderer.ThreadDownloadImageData$1.run(SourceFile:106) [bma$1.class:?]
[19:18:47] [Texture Downloader #197/ERROR]: Couldn't download http texture
java.net.UnknownHostException: skins.minecraft.net
	at java.net.AbstractPlainSocketImpl.connect(AbstractPlainSocketImpl.java:184) ~[?:1.8.0_51]
	at java.net.PlainSocketImpl.connect(PlainSocketImpl.java:172) ~[?:1.8.0_51]
	at java.net.SocksSocketImpl.connect(SocksSocketImpl.java:392) ~[?:1.8.0_51]
	at java.net.Socket.connect(Socket.java:589) ~[?:1.8.0_51]
	at java.net.Socket.connect(Socket.java:538) ~[?:1.8.0_51]
	at sun.net.NetworkClient.doConnect(NetworkClient.java:180) ~[?:1.8.0_51]
	at sun.net.www.http.HttpClient.openServer(HttpClient.java:432) ~[?:1.8.0_51]
	at sun.net.www.http.HttpClient.openServer(HttpClient.java:527) ~[?:1.8.0_51]
	at sun.net.www.http.HttpClient.<init>(HttpClient.java:211) ~[?:1.8.0_51]
	at sun.net.www.http.HttpClient.New(HttpClient.java:308) ~[?:1.8.0_51]
	at sun.net.www.http.HttpClient.New(HttpClient.java:326) ~[?:1.8.0_51]
	at sun.net.www.protocol.http.HttpURLConnection.getNewHttpClient(HttpURLConnection.java:1168) ~[?:1.8.0_51]
	at sun.net.www.protocol.http.HttpURLConnection.plainConnect0(HttpURLConnection.java:1147) ~[?:1.8.0_51]
	at sun.net.www.protocol.http.HttpURLConnection$6.run(HttpURLConnection.java:988) ~[?:1.8.0_51]
	at sun.net.www.protocol.http.HttpURLConnection$6.run(HttpURLConnection.java:986) ~[?:1.8.0_51]
	at java.security.AccessController.doPrivileged(Native Method) ~[?:1.8.0_51]
	at java.security.AccessController.doPrivileged(AccessController.java:713) ~[?:1.8.0_51]
	at sun.net.www.protocol.http.HttpURLConnection.plainConnect(HttpURLConnection.java:985) ~[?:1.8.0_51]
	at sun.net.www.protocol.http.HttpURLConnection.connect(HttpURLConnection.java:932) ~[?:1.8.0_51]
	at net.minecraft.client.renderer.ThreadDownloadImageData$1.run(SourceFile:106) [bma$1.class:?]
[19:18:47] [Texture Downloader #198/ERROR]: Couldn't download http texture
java.net.UnknownHostException: skins.minecraft.net
	at java.net.AbstractPlainSocketImpl.connect(AbstractPlainSocketImpl.java:184) ~[?:1.8.0_51]
	at java.net.PlainSocketImpl.connect(PlainSocketImpl.java:172) ~[?:1.8.0_51]
	at java.net.SocksSocketImpl.connect(SocksSocketImpl.java:392) ~[?:1.8.0_51]
	at java.net.Socket.connect(Socket.java:589) ~[?:1.8.0_51]
	at java.net.Socket.connect(Socket.java:538) ~[?:1.8.0_51]
	at sun.net.NetworkClient.doConnect(NetworkClient.java:180) ~[?:1.8.0_51]
	at sun.net.www.http.HttpClient.openServer(HttpClient.java:432) ~[?:1.8.0_51]
	at sun.net.www.http.HttpClient.openServer(HttpClient.java:527) ~[?:1.8.0_51]
	at sun.net.www.http.HttpClient.<init>(HttpClient.java:211) ~[?:1.8.0_51]
	at sun.net.www.http.HttpClient.New(HttpClient.java:308) ~[?:1.8.0_51]
	at sun.net.www.http.HttpClient.New(HttpClient.java:326) ~[?:1.8.0_51]
	at sun.net.www.protocol.http.HttpURLConnection.getNewHttpClient(HttpURLConnection.java:1168) ~[?:1.8.0_51]
	at sun.net.www.protocol.http.HttpURLConnection.plainConnect0(HttpURLConnection.java:1147) ~[?:1.8.0_51]
	at sun.net.www.protocol.http.HttpURLConnection$6.run(HttpURLConnection.java:988) ~[?:1.8.0_51]
	at sun.net.www.protocol.http.HttpURLConnection$6.run(HttpURLConnection.java:986) ~[?:1.8.0_51]
	at java.security.AccessController.doPrivileged(Native Method) ~[?:1.8.0_51]
	at java.security.AccessController.doPrivileged(AccessController.java:713) ~[?:1.8.0_51]
	at sun.net.www.protocol.http.HttpURLConnection.plainConnect(HttpURLConnection.java:985) ~[?:1.8.0_51]
	at sun.net.www.protocol.http.HttpURLConnection.connect(HttpURLConnection.java:932) ~[?:1.8.0_51]
	at net.minecraft.client.renderer.ThreadDownloadImageData$1.run(SourceFile:106) [bma$1.class:?]
[19:18:47] [Texture Downloader #199/ERROR]: Couldn't download http texture
java.net.UnknownHostException: skins.minecraft.net
	at java.net.AbstractPlainSocketImpl.connect(AbstractPlainSocketImpl.java:184) ~[?:1.8.0_51]
	at java.net.PlainSocketImpl.connect(PlainSocketImpl.java:172) ~[?:1.8.0_51]
	at java.net.SocksSocketImpl.connect(SocksSocketImpl.java:392) ~[?:1.8.0_51]
	at java.net.Socket.connect(Socket.java:589) ~[?:1.8.0_51]
	at java.net.Socket.connect(Socket.java:538) ~[?:1.8.0_51]
	at sun.net.NetworkClient.doConnect(NetworkClient.java:180) ~[?:1.8.0_51]
	at sun.net.www.http.HttpClient.openServer(HttpClient.java:432) ~[?:1.8.0_51]
	at sun.net.www.http.HttpClient.openServer(HttpClient.java:527) ~[?:1.8.0_51]
	at sun.net.www.http.HttpClient.<init>(HttpClient.java:211) ~[?:1.8.0_51]
	at sun.net.www.http.HttpClient.New(HttpClient.java:308) ~[?:1.8.0_51]
	at sun.net.www.http.HttpClient.New(HttpClient.java:326) ~[?:1.8.0_51]
	at sun.net.www.protocol.http.HttpURLConnection.getNewHttpClient(HttpURLConnection.java:1168) ~[?:1.8.0_51]
	at sun.net.www.protocol.http.HttpURLConnection.plainConnect0(HttpURLConnection.java:1147) ~[?:1.8.0_51]
	at sun.net.www.protocol.http.HttpURLConnection$6.run(HttpURLConnection.java:988) ~[?:1.8.0_51]
	at sun.net.www.protocol.http.HttpURLConnection$6.run(HttpURLConnection.java:986) ~[?:1.8.0_51]
	at java.security.AccessController.doPrivileged(Native Method) ~[?:1.8.0_51]
	at java.security.AccessController.doPrivileged(AccessController.java:713) ~[?:1.8.0_51]
	at sun.net.www.protocol.http.HttpURLConnection.plainConnect(HttpURLConnection.java:985) ~[?:1.8.0_51]
	at sun.net.www.protocol.http.HttpURLConnection.connect(HttpURLConnection.java:932) ~[?:1.8.0_51]
	at net.minecraft.client.renderer.ThreadDownloadImageData$1.run(SourceFile:106) [bma$1.class:?]
[19:18:47] [Texture Downloader #200/ERROR]: Couldn't download http texture
java.net.UnknownHostException: skins.minecraft.net
	at java.net.AbstractPlainSocketImpl.connect(AbstractPlainSocketImpl.java:184) ~[?:1.8.0_51]
	at java.net.PlainSocketImpl.connect(PlainSocketImpl.java:172) ~[?:1.8.0_51]
	at java.net.SocksSocketImpl.connect(SocksSocketImpl.java:392) ~[?:1.8.0_51]
	at java.net.Socket.connect(Socket.java:589) ~[?:1.8.0_51]
	at java.net.Socket.connect(Socket.java:538) ~[?:1.8.0_51]
	at sun.net.NetworkClient.doConnect(NetworkClient.java:180) ~[?:1.8.0_51]
	at sun.net.www.http.HttpClient.openServer(HttpClient.java:432) ~[?:1.8.0_51]
	at sun.net.www.http.HttpClient.openServer(HttpClient.java:527) ~[?:1.8.0_51]
	at sun.net.www.http.HttpClient.<init>(HttpClient.java:211) ~[?:1.8.0_51]
	at sun.net.www.http.HttpClient.New(HttpClient.java:308) ~[?:1.8.0_51]
	at sun.net.www.http.HttpClient.New(HttpClient.java:326) ~[?:1.8.0_51]
	at sun.net.www.protocol.http.HttpURLConnection.getNewHttpClient(HttpURLConnection.java:1168) ~[?:1.8.0_51]
	at sun.net.www.protocol.http.HttpURLConnection.plainConnect0(HttpURLConnection.java:1147) ~[?:1.8.0_51]
	at sun.net.www.protocol.http.HttpURLConnection$6.run(HttpURLConnection.java:988) ~[?:1.8.0_51]
	at sun.net.www.protocol.http.HttpURLConnection$6.run(HttpURLConnection.java:986) ~[?:1.8.0_51]
	at java.security.AccessController.doPrivileged(Native Method) ~[?:1.8.0_51]
	at java.security.AccessController.doPrivileged(AccessController.java:713) ~[?:1.8.0_51]
	at sun.net.www.protocol.http.HttpURLConnection.plainConnect(HttpURLConnection.java:985) ~[?:1.8.0_51]
	at sun.net.www.protocol.http.HttpURLConnection.connect(HttpURLConnection.java:932) ~[?:1.8.0_51]
	at net.minecraft.client.renderer.ThreadDownloadImageData$1.run(SourceFile:106) [bma$1.class:?]
[19:18:47] [Texture Downloader #201/ERROR]: Couldn't download http texture
java.net.UnknownHostException: skins.minecraft.net
	at java.net.AbstractPlainSocketImpl.connect(AbstractPlainSocketImpl.java:184) ~[?:1.8.0_51]
	at java.net.PlainSocketImpl.connect(PlainSocketImpl.java:172) ~[?:1.8.0_51]
	at java.net.SocksSocketImpl.connect(SocksSocketImpl.java:392) ~[?:1.8.0_51]
	at java.net.Socket.connect(Socket.java:589) ~[?:1.8.0_51]
	at java.net.Socket.connect(Socket.java:538) ~[?:1.8.0_51]
	at sun.net.NetworkClient.doConnect(NetworkClient.java:180) ~[?:1.8.0_51]
	at sun.net.www.http.HttpClient.openServer(HttpClient.java:432) ~[?:1.8.0_51]
	at sun.net.www.http.HttpClient.openServer(HttpClient.java:527) ~[?:1.8.0_51]
	at sun.net.www.http.HttpClient.<init>(HttpClient.java:211) ~[?:1.8.0_51]
	at sun.net.www.http.HttpClient.New(HttpClient.java:308) ~[?:1.8.0_51]
	at sun.net.www.http.HttpClient.New(HttpClient.java:326) ~[?:1.8.0_51]
	at sun.net.www.protocol.http.HttpURLConnection.getNewHttpClient(HttpURLConnection.java:1168) ~[?:1.8.0_51]
	at sun.net.www.protocol.http.HttpURLConnection.plainConnect0(HttpURLConnection.java:1147) ~[?:1.8.0_51]
	at sun.net.www.protocol.http.HttpURLConnection$6.run(HttpURLConnection.java:988) ~[?:1.8.0_51]
	at sun.net.www.protocol.http.HttpURLConnection$6.run(HttpURLConnection.java:986) ~[?:1.8.0_51]
	at java.security.AccessController.doPrivileged(Native Method) ~[?:1.8.0_51]
	at java.security.AccessController.doPrivileged(AccessController.java:713) ~[?:1.8.0_51]
	at sun.net.www.protocol.http.HttpURLConnection.plainConnect(HttpURLConnection.java:985) ~[?:1.8.0_51]
	at sun.net.www.protocol.http.HttpURLConnection.connect(HttpURLConnection.java:932) ~[?:1.8.0_51]
	at net.minecraft.client.renderer.ThreadDownloadImageData$1.run(SourceFile:106) [bma$1.class:?]
[19:18:47] [Texture Downloader #202/ERROR]: Couldn't download http texture
java.net.UnknownHostException: skins.minecraft.net
	at java.net.AbstractPlainSocketImpl.connect(AbstractPlainSocketImpl.java:184) ~[?:1.8.0_51]
	at java.net.PlainSocketImpl.connect(PlainSocketImpl.java:172) ~[?:1.8.0_51]
	at java.net.SocksSocketImpl.connect(SocksSocketImpl.java:392) ~[?:1.8.0_51]
	at java.net.Socket.connect(Socket.java:589) ~[?:1.8.0_51]
	at java.net.Socket.connect(Socket.java:538) ~[?:1.8.0_51]
	at sun.net.NetworkClient.doConnect(NetworkClient.java:180) ~[?:1.8.0_51]
	at sun.net.www.http.HttpClient.openServer(HttpClient.java:432) ~[?:1.8.0_51]
	at sun.net.www.http.HttpClient.openServer(HttpClient.java:527) ~[?:1.8.0_51]
	at sun.net.www.http.HttpClient.<init>(HttpClient.java:211) ~[?:1.8.0_51]
	at sun.net.www.http.HttpClient.New(HttpClient.java:308) ~[?:1.8.0_51]
	at sun.net.www.http.HttpClient.New(HttpClient.java:326) ~[?:1.8.0_51]
	at sun.net.www.protocol.http.HttpURLConnection.getNewHttpClient(HttpURLConnection.java:1168) ~[?:1.8.0_51]
	at sun.net.www.protocol.http.HttpURLConnection.plainConnect0(HttpURLConnection.java:1147) ~[?:1.8.0_51]
	at sun.net.www.protocol.http.HttpURLConnection$6.run(HttpURLConnection.java:988) ~[?:1.8.0_51]
	at sun.net.www.protocol.http.HttpURLConnection$6.run(HttpURLConnection.java:986) ~[?:1.8.0_51]
	at java.security.AccessController.doPrivileged(Native Method) ~[?:1.8.0_51]
	at java.security.AccessController.doPrivileged(AccessController.java:713) ~[?:1.8.0_51]
	at sun.net.www.protocol.http.HttpURLConnection.plainConnect(HttpURLConnection.java:985) ~[?:1.8.0_51]
	at sun.net.www.protocol.http.HttpURLConnection.connect(HttpURLConnection.java:932) ~[?:1.8.0_51]
	at net.minecraft.client.renderer.ThreadDownloadImageData$1.run(SourceFile:106) [bma$1.class:?]
[19:18:47] [Texture Downloader #203/ERROR]: Couldn't download http texture
java.net.UnknownHostException: skins.minecraft.net
	at java.net.AbstractPlainSocketImpl.connect(AbstractPlainSocketImpl.java:184) ~[?:1.8.0_51]
	at java.net.PlainSocketImpl.connect(PlainSocketImpl.java:172) ~[?:1.8.0_51]
	at java.net.SocksSocketImpl.connect(SocksSocketImpl.java:392) ~[?:1.8.0_51]
	at java.net.Socket.connect(Socket.java:589) ~[?:1.8.0_51]
	at java.net.Socket.connect(Socket.java:538) ~[?:1.8.0_51]
	at sun.net.NetworkClient.doConnect(NetworkClient.java:180) ~[?:1.8.0_51]
	at sun.net.www.http.HttpClient.openServer(HttpClient.java:432) ~[?:1.8.0_51]
	at sun.net.www.http.HttpClient.openServer(HttpClient.java:527) ~[?:1.8.0_51]
	at sun.net.www.http.HttpClient.<init>(HttpClient.java:211) ~[?:1.8.0_51]
	at sun.net.www.http.HttpClient.New(HttpClient.java:308) ~[?:1.8.0_51]
	at sun.net.www.http.HttpClient.New(HttpClient.java:326) ~[?:1.8.0_51]
	at sun.net.www.protocol.http.HttpURLConnection.getNewHttpClient(HttpURLConnection.java:1168) ~[?:1.8.0_51]
	at sun.net.www.protocol.http.HttpURLConnection.plainConnect0(HttpURLConnection.java:1147) ~[?:1.8.0_51]
	at sun.net.www.protocol.http.HttpURLConnection$6.run(HttpURLConnection.java:988) ~[?:1.8.0_51]
	at sun.net.www.protocol.http.HttpURLConnection$6.run(HttpURLConnection.java:986) ~[?:1.8.0_51]
	at java.security.AccessController.doPrivileged(Native Method) ~[?:1.8.0_51]
	at java.security.AccessController.doPrivileged(AccessController.java:713) ~[?:1.8.0_51]
	at sun.net.www.protocol.http.HttpURLConnection.plainConnect(HttpURLConnection.java:985) ~[?:1.8.0_51]
	at sun.net.www.protocol.http.HttpURLConnection.connect(HttpURLConnection.java:932) ~[?:1.8.0_51]
	at net.minecraft.client.renderer.ThreadDownloadImageData$1.run(SourceFile:106) [bma$1.class:?]
[19:18:47] [Texture Downloader #204/ERROR]: Couldn't download http texture
java.net.UnknownHostException: skins.minecraft.net
	at java.net.AbstractPlainSocketImpl.connect(AbstractPlainSocketImpl.java:184) ~[?:1.8.0_51]
	at java.net.PlainSocketImpl.connect(PlainSocketImpl.java:172) ~[?:1.8.0_51]
	at java.net.SocksSocketImpl.connect(SocksSocketImpl.java:392) ~[?:1.8.0_51]
	at java.net.Socket.connect(Socket.java:589) ~[?:1.8.0_51]
	at java.net.Socket.connect(Socket.java:538) ~[?:1.8.0_51]
	at sun.net.NetworkClient.doConnect(NetworkClient.java:180) ~[?:1.8.0_51]
	at sun.net.www.http.HttpClient.openServer(HttpClient.java:432) ~[?:1.8.0_51]
	at sun.net.www.http.HttpClient.openServer(HttpClient.java:527) ~[?:1.8.0_51]
	at sun.net.www.http.HttpClient.<init>(HttpClient.java:211) ~[?:1.8.0_51]
	at sun.net.www.http.HttpClient.New(HttpClient.java:308) ~[?:1.8.0_51]
	at sun.net.www.http.HttpClient.New(HttpClient.java:326) ~[?:1.8.0_51]
	at sun.net.www.protocol.http.HttpURLConnection.getNewHttpClient(HttpURLConnection.java:1168) ~[?:1.8.0_51]
	at sun.net.www.protocol.http.HttpURLConnection.plainConnect0(HttpURLConnection.java:1147) ~[?:1.8.0_51]
	at sun.net.www.protocol.http.HttpURLConnection$6.run(HttpURLConnection.java:988) ~[?:1.8.0_51]
	at sun.net.www.protocol.http.HttpURLConnection$6.run(HttpURLConnection.java:986) ~[?:1.8.0_51]
	at java.security.AccessController.doPrivileged(Native Method) ~[?:1.8.0_51]
	at java.security.AccessController.doPrivileged(AccessController.java:713) ~[?:1.8.0_51]
	at sun.net.www.protocol.http.HttpURLConnection.plainConnect(HttpURLConnection.java:985) ~[?:1.8.0_51]
	at sun.net.www.protocol.http.HttpURLConnection.connect(HttpURLConnection.java:932) ~[?:1.8.0_51]
	at net.minecraft.client.renderer.ThreadDownloadImageData$1.run(SourceFile:106) [bma$1.class:?]
[19:18:47] [Texture Downloader #205/ERROR]: Couldn't download http texture
java.net.UnknownHostException: skins.minecraft.net
	at java.net.AbstractPlainSocketImpl.connect(AbstractPlainSocketImpl.java:184) ~[?:1.8.0_51]
	at java.net.PlainSocketImpl.connect(PlainSocketImpl.java:172) ~[?:1.8.0_51]
	at java.net.SocksSocketImpl.connect(SocksSocketImpl.java:392) ~[?:1.8.0_51]
	at java.net.Socket.connect(Socket.java:589) ~[?:1.8.0_51]
	at java.net.Socket.connect(Socket.java:538) ~[?:1.8.0_51]
	at sun.net.NetworkClient.doConnect(NetworkClient.java:180) ~[?:1.8.0_51]
	at sun.net.www.http.HttpClient.openServer(HttpClient.java:432) ~[?:1.8.0_51]
	at sun.net.www.http.HttpClient.openServer(HttpClient.java:527) ~[?:1.8.0_51]
	at sun.net.www.http.HttpClient.<init>(HttpClient.java:211) ~[?:1.8.0_51]
	at sun.net.www.http.HttpClient.New(HttpClient.java:308) ~[?:1.8.0_51]
	at sun.net.www.http.HttpClient.New(HttpClient.java:326) ~[?:1.8.0_51]
	at sun.net.www.protocol.http.HttpURLConnection.getNewHttpClient(HttpURLConnection.java:1168) ~[?:1.8.0_51]
	at sun.net.www.protocol.http.HttpURLConnection.plainConnect0(HttpURLConnection.java:1147) ~[?:1.8.0_51]
	at sun.net.www.protocol.http.HttpURLConnection$6.run(HttpURLConnection.java:988) ~[?:1.8.0_51]
	at sun.net.www.protocol.http.HttpURLConnection$6.run(HttpURLConnection.java:986) ~[?:1.8.0_51]
	at java.security.AccessController.doPrivileged(Native Method) ~[?:1.8.0_51]
	at java.security.AccessController.doPrivileged(AccessController.java:713) ~[?:1.8.0_51]
	at sun.net.www.protocol.http.HttpURLConnection.plainConnect(HttpURLConnection.java:985) ~[?:1.8.0_51]
	at sun.net.www.protocol.http.HttpURLConnection.connect(HttpURLConnection.java:932) ~[?:1.8.0_51]
	at net.minecraft.client.renderer.ThreadDownloadImageData$1.run(SourceFile:106) [bma$1.class:?]
[19:18:47] [Texture Downloader #206/ERROR]: Couldn't download http texture
java.net.UnknownHostException: skins.minecraft.net
	at java.net.AbstractPlainSocketImpl.connect(AbstractPlainSocketImpl.java:184) ~[?:1.8.0_51]
	at java.net.PlainSocketImpl.connect(PlainSocketImpl.java:172) ~[?:1.8.0_51]
	at java.net.SocksSocketImpl.connect(SocksSocketImpl.java:392) ~[?:1.8.0_51]
	at java.net.Socket.connect(Socket.java:589) ~[?:1.8.0_51]
	at java.net.Socket.connect(Socket.java:538) ~[?:1.8.0_51]
	at sun.net.NetworkClient.doConnect(NetworkClient.java:180) ~[?:1.8.0_51]
	at sun.net.www.http.HttpClient.openServer(HttpClient.java:432) ~[?:1.8.0_51]
	at sun.net.www.http.HttpClient.openServer(HttpClient.java:527) ~[?:1.8.0_51]
	at sun.net.www.http.HttpClient.<init>(HttpClient.java:211) ~[?:1.8.0_51]
	at sun.net.www.http.HttpClient.New(HttpClient.java:308) ~[?:1.8.0_51]
	at sun.net.www.http.HttpClient.New(HttpClient.java:326) ~[?:1.8.0_51]
	at sun.net.www.protocol.http.HttpURLConnection.getNewHttpClient(HttpURLConnection.java:1168) ~[?:1.8.0_51]
	at sun.net.www.protocol.http.HttpURLConnection.plainConnect0(HttpURLConnection.java:1147) ~[?:1.8.0_51]
	at sun.net.www.protocol.http.HttpURLConnection$6.run(HttpURLConnection.java:988) ~[?:1.8.0_51]
	at sun.net.www.protocol.http.HttpURLConnection$6.run(HttpURLConnection.java:986) ~[?:1.8.0_51]
	at java.security.AccessController.doPrivileged(Native Method) ~[?:1.8.0_51]
	at java.security.AccessController.doPrivileged(AccessController.java:713) ~[?:1.8.0_51]
	at sun.net.www.protocol.http.HttpURLConnection.plainConnect(HttpURLConnection.java:985) ~[?:1.8.0_51]
	at sun.net.www.protocol.http.HttpURLConnection.connect(HttpURLConnection.java:932) ~[?:1.8.0_51]
	at net.minecraft.client.renderer.ThreadDownloadImageData$1.run(SourceFile:106) [bma$1.class:?]
[19:18:47] [Texture Downloader #207/ERROR]: Couldn't download http texture
java.net.UnknownHostException: skins.minecraft.net
	at java.net.AbstractPlainSocketImpl.connect(AbstractPlainSocketImpl.java:184) ~[?:1.8.0_51]
	at java.net.PlainSocketImpl.connect(PlainSocketImpl.java:172) ~[?:1.8.0_51]
	at java.net.SocksSocketImpl.connect(SocksSocketImpl.java:392) ~[?:1.8.0_51]
	at java.net.Socket.connect(Socket.java:589) ~[?:1.8.0_51]
	at java.net.Socket.connect(Socket.java:538) ~[?:1.8.0_51]
	at sun.net.NetworkClient.doConnect(NetworkClient.java:180) ~[?:1.8.0_51]
	at sun.net.www.http.HttpClient.openServer(HttpClient.java:432) ~[?:1.8.0_51]
	at sun.net.www.http.HttpClient.openServer(HttpClient.java:527) ~[?:1.8.0_51]
	at sun.net.www.http.HttpClient.<init>(HttpClient.java:211) ~[?:1.8.0_51]
	at sun.net.www.http.HttpClient.New(HttpClient.java:308) ~[?:1.8.0_51]
	at sun.net.www.http.HttpClient.New(HttpClient.java:326) ~[?:1.8.0_51]
	at sun.net.www.protocol.http.HttpURLConnection.getNewHttpClient(HttpURLConnection.java:1168) ~[?:1.8.0_51]
	at sun.net.www.protocol.http.HttpURLConnection.plainConnect0(HttpURLConnection.java:1147) ~[?:1.8.0_51]
	at sun.net.www.protocol.http.HttpURLConnection$6.run(HttpURLConnection.java:988) ~[?:1.8.0_51]
	at sun.net.www.protocol.http.HttpURLConnection$6.run(HttpURLConnection.java:986) ~[?:1.8.0_51]
	at java.security.AccessController.doPrivileged(Native Method) ~[?:1.8.0_51]
	at java.security.AccessController.doPrivileged(AccessController.java:713) ~[?:1.8.0_51]
	at sun.net.www.protocol.http.HttpURLConnection.plainConnect(HttpURLConnection.java:985) ~[?:1.8.0_51]
	at sun.net.www.protocol.http.HttpURLConnection.connect(HttpURLConnection.java:932) ~[?:1.8.0_51]
	at net.minecraft.client.renderer.ThreadDownloadImageData$1.run(SourceFile:106) [bma$1.class:?]
[19:18:47] [Texture Downloader #208/ERROR]: Couldn't download http texture
java.net.UnknownHostException: skins.minecraft.net
	at java.net.AbstractPlainSocketImpl.connect(AbstractPlainSocketImpl.java:184) ~[?:1.8.0_51]
	at java.net.PlainSocketImpl.connect(PlainSocketImpl.java:172) ~[?:1.8.0_51]
	at java.net.SocksSocketImpl.connect(SocksSocketImpl.java:392) ~[?:1.8.0_51]
	at java.net.Socket.connect(Socket.java:589) ~[?:1.8.0_51]
	at java.net.Socket.connect(Socket.java:538) ~[?:1.8.0_51]
	at sun.net.NetworkClient.doConnect(NetworkClient.java:180) ~[?:1.8.0_51]
	at sun.net.www.http.HttpClient.openServer(HttpClient.java:432) ~[?:1.8.0_51]
	at sun.net.www.http.HttpClient.openServer(HttpClient.java:527) ~[?:1.8.0_51]
	at sun.net.www.http.HttpClient.<init>(HttpClient.java:211) ~[?:1.8.0_51]
	at sun.net.www.http.HttpClient.New(HttpClient.java:308) ~[?:1.8.0_51]
	at sun.net.www.http.HttpClient.New(HttpClient.java:326) ~[?:1.8.0_51]
	at sun.net.www.protocol.http.HttpURLConnection.getNewHttpClient(HttpURLConnection.java:1168) ~[?:1.8.0_51]
	at sun.net.www.protocol.http.HttpURLConnection.plainConnect0(HttpURLConnection.java:1147) ~[?:1.8.0_51]
	at sun.net.www.protocol.http.HttpURLConnection$6.run(HttpURLConnection.java:988) ~[?:1.8.0_51]
	at sun.net.www.protocol.http.HttpURLConnection$6.run(HttpURLConnection.java:986) ~[?:1.8.0_51]
	at java.security.AccessController.doPrivileged(Native Method) ~[?:1.8.0_51]
	at java.security.AccessController.doPrivileged(AccessController.java:713) ~[?:1.8.0_51]
	at sun.net.www.protocol.http.HttpURLConnection.plainConnect(HttpURLConnection.java:985) ~[?:1.8.0_51]
	at sun.net.www.protocol.http.HttpURLConnection.connect(HttpURLConnection.java:932) ~[?:1.8.0_51]
	at net.minecraft.client.renderer.ThreadDownloadImageData$1.run(SourceFile:106) [bma$1.class:?]
[19:18:56] [Client thread/INFO]: [CHAT] §8? §8§l[§r§d§l!§8§l] §8 (§6PvP§8) §dTaiko___§8 » §5XxTominhoPGM69xX
[19:19:06] [Client thread/INFO]: [CHAT] §8? §8§l[§r§d§l!§8§l] §8 (§6PvP§8) §dTaiko___§8 » §5LumsGOAT69xX
[19:19:12] [Client thread/INFO]: [CHAT] §8? §8§l[§r§d§l!§8§l] §8 (§eUHC§8) §dLumsGOAT69xX§8 » §5Non-respect des groupes (4)
[19:19:24] [Client thread/INFO]: [CHAT] [LG UHC] Quatre sanctuaires viennent d'apparaître sur la carte !
[19:19:47] [Client thread/INFO]: [CHAT] [CONFIG] Vous avez ajouté mayorie à la liste des spectateurs.
[19:19:47] [Client thread/INFO]: [CHAT] [CONFIG] Vous rejoignez les spectateurs.
[19:19:48] [Client thread/INFO]: [CHAT] §8? §8§l[§r§d§l!§8§l] §8 (§eUHC§8) §dWolfeur24§8 » §5Non-respect des groupes (4)
[19:19:52] [Client thread/INFO]: [CHAT] 
[19:19:52] [Client thread/INFO]: [CHAT]  ---- Début de l'épisode 6 ----
[19:19:52] [Client thread/INFO]: [CHAT]  
[19:19:57] [Client thread/INFO]: [CHAT] §8? §8§l[§r§d§l!§8§l] §8 (§9LG§8) §d§cRaiitoPGM91 §r§7[Salvateur]§8 » §5§4Variation d'honneur  2 -> 3 raison : Vote urne
[19:20:00] [Client thread/INFO]: [CHAT] [LG UHC] La Voyante Bavarde a espionné le rôle d'un joueur qui figure parmi : Détective et Vilain Petit Loup.
[19:20:00] [Client thread/WARN]: Unable to play unknown soundEvent: minecraft:mob.enderman.idle
[19:20:00] [Client thread/INFO]: [CHAT] §8? §8§l[§r§d§l!§8§l] §8 (§9LG§8) §d§cMDUCOQ §r§7[Voyante Bavarde]§8 » §5§4Voyance de : lolo_hydra §7[Détective]
[19:20:03] [Client thread/INFO]: [CHAT] §8? §8§l[§r§d§l!§8§l] §8 (§9LG§8) §d§cWolfeur24 §r§7[Soeur]§8 » §5§4Variation d'honneur  -1 -> 0 raison : Vote urne
[19:20:13] [Client thread/INFO]: [CHAT] §8? §8§l[§r§d§l!§8§l] §8 (§eUHC§8) §dTaiko___§8 » §5Non-respect des groupes (4)
[19:20:29] [Client thread/INFO]: [CHAT] §8? §8§l[§r§d§l!§8§l] §8 (§4Mort§8) §dBadmosss§8 » §5Tué par LumsGOAT69xX
[19:20:39] [Client thread/INFO]: [CHAT] §8? §8§l[§r§d§l!§8§l] §8 (§9LG§8) §d§cLumsGOAT69xX §r§7[Renard]§8 » §5§4Variation d'honneur  0 -> 1 raison : Kill
[19:20:39] [Client thread/INFO]: [CHAT] ------------- ? -------------
[19:20:39] [Client thread/INFO]: [CHAT]  Le village a perdu un de ses membres : Badmosss, qui était seikufnzieuio.
[19:20:39] [Client thread/INFO]: [CHAT] ----------------------------
[19:20:51] [Client thread/INFO]: [CHAT] §8? §8§l[§r§d§l!§8§l] §8 (§9LG§8) §d§cWolfRafox §r§7[Infect Père des Loups]§8 » §5§4Hurlement
[19:20:53] [Client thread/INFO]: [CHAT] §8? §8§l[§r§d§l!§8§l] §8 (§6PvP§8) §dImSmarterThanYou§8 » §5Wolfeur24
[19:20:57] [Client thread/INFO]: [CHAT] [HOST] Vous vous téléportez en X:-79, Y:78, Z:-146 du monde arena1.
[19:21:09] [Client thread/INFO]: [CHAT] WolfRafox, Wolfeur24
[19:21:09] [Client thread/INFO]: [CHAT] §8? §8§l[§r§d§l!§8§l] §8 (§eUHC§8) §dWolfeur24§8 » §5Non-respect des groupes (4)
[19:21:34] [Client thread/INFO]: [CHAT] §8? §8§l[§r§d§l!§8§l] §8 (§eUHC§8) §dRaiitoPGM91§8 » §5Non-respect des groupes (4)
[19:21:40] [Client thread/INFO]: [CHAT] §8? §8§l[§r§d§l!§8§l] §8 (§6PvP§8) §dXxTominhoPGM69xX§8 » §5RaiitoPGM91
[19:21:49] [Client thread/INFO]: [CHAT] §8? §8§l[§r§d§l!§8§l] §8 (§eUHC§8) §dMDUCOQ§8 » §5Non-respect des groupes (4)
[19:21:51] [Client thread/INFO]: [CHAT] §8? §8§l[§r§d§l!§8§l] §8 (§eUHC§8) §dLumsGOAT69xX§8 » §5Non-respect des groupes (4)
[19:22:02] [Client thread/INFO]: [CHAT] §8? §8§l[§r§d§l!§8§l] §8 (§9LG§8) §d§clolo_hydra §r§7[Détective]§8 » §5§4Enquête de : XxTominhoPGM69xX §7[Cupidon]
[19:22:03] [Client thread/INFO]: [CHAT] §8? §8§l[§r§d§l!§8§l] §8 (§6PvP§8) §dWolfeur24§8 » §5ImSmarterThanYou
[19:22:37] [Client thread/INFO]: [CHAT] §8? §8§l[§r§d§l!§8§l] §8 (§9LG§8) §d§cRaiitoPGM91 §r§7[Salvateur]§8 » §5§4Salvation de : LumsGOAT69xX §7[Renard]
[19:22:46] [Client thread/INFO]: [CHAT] §8? §8§l[§r§d§l!§8§l] §8 (§eUHC§8) §dReyZohh§8 » §5Non-respect des groupes (4)
[19:22:49] [Client thread/INFO]: [CHAT] §8? §8§l[§r§d§l!§8§l] §8 (§eUHC§8) §dMDUCOQ§8 » §5Non-respect des groupes (5)
[19:23:13] [Client thread/INFO]: [CHAT] §8? §8§l[§r§d§l!§8§l] §8 (§6PvP§8) §dWolfeur24§8 » §5ReyZohh
[19:23:18] [Client thread/INFO]: [CHAT] §8? §8§l[§r§d§l!§8§l] §8 (§6PvP§8) §dReyZohh§8 » §5ImSmarterThanYou
[19:23:47] [Client thread/INFO]: [CHAT] WolfRafox, Wolfeur24
[19:23:49] [Client thread/INFO]: [CHAT] WolfRafox, Wolfeur24
[19:23:51] [Client thread/INFO]: [CHAT] §8? §8§l[§r§d§l!§8§l] §8 (§eUHC§8) §dLumsGOAT69xX§8 » §5Non-respect des groupes (5)
[19:23:52] [Client thread/INFO]: [CHAT] Badmosss, Fayazer, FlyseCestMoi, ImSmarterThanYou, Justxijio, Kioua, Kitsuney_01, LEONPRIME63, LucasNAVI, LumsGOAT69xX, MDUCOQ, Most_Bloody, Nox_Leloup, RaiitoPGM91, ReyZohh, THeGhost48, Taiko___, V0lcanium, VGL1710, Vei_1, WolfRafox, Wolfeur24, Wozac, XxTominhoPGM69xX, doudoux1427, kingdrav1, lolo_hydra, mayorie
[19:23:53] [Client thread/INFO]: [CHAT] Badmosss, Fayazer, FlyseCestMoi, ImSmarterThanYou, Justxijio, Kioua, Kitsuney_01, LEONPRIME63, LucasNAVI, LumsGOAT69xX, MDUCOQ, Most_Bloody, Nox_Leloup, RaiitoPGM91, ReyZohh, THeGhost48, Taiko___, V0lcanium, VGL1710, Vei_1, WolfRafox, Wolfeur24, Wozac, XxTominhoPGM69xX, doudoux1427, kingdrav1, lolo_hydra, mayorie
[19:23:54] [Client thread/INFO]: [CHAT] Badmosss, Fayazer, FlyseCestMoi, ImSmarterThanYou, Justxijio, Kioua, Kitsuney_01, LEONPRIME63, LucasNAVI, LumsGOAT69xX, MDUCOQ, Most_Bloody, Nox_Leloup, RaiitoPGM91, ReyZohh, THeGhost48, Taiko___, V0lcanium, VGL1710, Vei_1, WolfRafox, Wolfeur24, Wozac, XxTominhoPGM69xX, doudoux1427, kingdrav1, lolo_hydra, mayorie
[19:23:57] [Client thread/INFO]: [CHAT] §8? §8§l[§r§d§l!§8§l] §8 (§eUHC§8) §ddoudoux1427§8 » §5Non-respect des groupes (4)
[19:23:58] [Client thread/INFO]: [CHAT] §8? §8§l[§r§d§l!§8§l] §8 (§eUHC§8) §dJustxijio§8 » §5Non-respect des groupes (4)
[19:24:05] [Client thread/INFO]: [CHAT] §8? §8§l[§r§d§l!§8§l] §8 (§9LG§8) §d§cLumsGOAT69xX §r§7[Renard]§8 » §5§4Variation d'honneur  1 -> 2 raison : Vote urne
[19:24:11] [Client thread/INFO]: [CHAT] §8? §8§l[§r§d§l!§8§l] §8 (§9LG§8) §d§cXxTominhoPGM69xX §r§7[Cupidon]§8 » §5§4Variation d'honneur  2 -> 3 raison : Vote urne
[19:24:18] [Client thread/INFO]: [CHAT] §8? §8§l[§r§d§l!§8§l] §8 (§9LG§8) §d§cdoudoux1427 §r§7[Ancien]§8 » §5§4Variation d'honneur  0 -> 1 raison : Vote urne
[19:24:26] [Client thread/INFO]: [CHAT] [HOST] Vous vous téléportez en X:6, Y:74, Z:48 du monde arena1.
[19:24:27] [Client thread/INFO]: [CHAT] [HOST] Vous vous téléportez en X:6, Y:74, Z:48 du monde arena1.
[19:24:35] [Client thread/INFO]: [CHAT] §8? §8§l[§r§d§l!§8§l] §8 (§6PvP§8) §dWolfeur24§8 » §5ImSmarterThanYou
[19:24:52] [Client thread/INFO]: [CHAT] [LG UHC] Le vote se termine dans 3m00s ! N'oubliez pas de voter !
[19:25:07] [Client thread/WARN]: Unable to play unknown soundEvent: minecraft:step.anvil
[19:25:08] [Client thread/INFO]: [CHAT] §8? §8§l[§r§d§l!§8§l] §8 (§6PvP§8) §dImSmarterThanYou§8 » §5Wolfeur24
[19:25:13] [Client thread/INFO]: [CHAT] §8? §8§l[§r§d§l!§8§l] §8 (§eUHC§8) §ddoudoux1427§8 » §5Non-respect des groupes (4)
[19:25:32] [Client thread/INFO]: [CHAT] §8? §8§l[§r§d§l!§8§l] §8 (§6PvP§8) §dTaiko___§8 » §5doudoux1427
[19:25:35] [Client thread/INFO]: [CHAT] §8? §8§l[§r§d§l!§8§l] §8 (§6PvP§8) §dWolfeur24§8 » §5ImSmarterThanYou
[19:25:54] [Client thread/INFO]: [CHAT] §8? §8§l[§r§d§l!§8§l] §8 (§6PvP§8) §dTaiko___§8 » §5WolfRafox
[19:26:07] [Client thread/INFO]: [CHAT] §8? §8§l[§r§d§l!§8§l] §8 (§6PvP§8) §dTaiko___§8 » §5doudoux1427
[19:26:09] [Client thread/INFO]: [CHAT] §8? §8§l[§r§d§l!§8§l] §8 (§4Mort§8) §ddoudoux1427§8 » §5Tué par Taiko___
[19:26:10] [Client thread/INFO]: [CHAT] §8? §8§l[§r§d§l!§8§l] §8 (§9LG§8) §d§cdoudoux1427 §r§7[Ancien]§8 » §5§4Résurrection
[19:26:19] [Client thread/INFO]: [CHAT] §8? §8§l[§r§d§l!§8§l] §8 (§eUHC§8) §dJustxijio§8 » §5Non-respect des groupes (4)
[19:26:24] [Client thread/INFO]: [CHAT] §8? §8§l[§r§d§l!§8§l] §8 (§6PvP§8) §dJustxijio§8 » §5Wolfeur24
[19:26:37] [Client thread/INFO]: [CHAT] §8? §8§l[§r§d§l!§8§l] §8 (§9LG§8) §d§clolo_hydra §r§7[Détective]§8 » §5§4Variation d'honneur  0 -> -1 raison : Non respect des groupes
[19:26:50] [Client thread/INFO]: [CHAT] §8? §8§l[§r§d§l!§8§l] §8 (§eUHC§8) §dXxTominhoPGM69xX§8 » §5Non-respect des groupes (4)
[19:27:07] [Client thread/INFO]: [CHAT] §8? §8§l[§r§d§l!§8§l] §8 (§9LG§8) §d§cXxTominhoPGM69xX §r§7[Cupidon]§8 » §5§4Variation d'honneur  3 -> 2 raison : Non respect des groupes
[19:27:07] [Client thread/INFO]: [CHAT] §8? §8§l[§r§d§l!§8§l] §8 (§9LG§8) §d§cRaiitoPGM91 §r§7[Salvateur]§8 » §5§4Variation d'honneur  3 -> 2 raison : Non respect des groupes
[19:27:35] [Client thread/INFO]: [CHAT] §8? §8§l[§r§d§l!§8§l] §8 (§eUHC§8) §dLumsGOAT69xX§8 » §5Non-respect des groupes (4)
[19:27:37] [Client thread/INFO]: [CHAT] §8? §8§l[§r§d§l!§8§l] §8 (§9LG§8) §d§cLumsGOAT69xX §r§7[Renard]§8 » §5§4Variation d'honneur  2 -> 1 raison : Non respect des groupes
[19:27:37] [Client thread/INFO]: [CHAT] §8? §8§l[§r§d§l!§8§l] §8 (§9LG§8) §d§cJustxijio §r§7[Lapin]§8 » §5§4Variation d'honneur  3 -> 2 raison : Non respect des groupes
[19:27:37] [Client thread/INFO]: [CHAT] §8? §8§l[§r§d§l!§8§l] §8 (§9LG§8) §d§cMDUCOQ §r§7[Voyante Bavarde]§8 » §5§4Variation d'honneur  0 -> -1 raison : Non respect des groupes
[19:27:42] [Client thread/INFO]: [CHAT] §8? §8§l[§r§d§l!§8§l] §8 (§6PvP§8) §dTaiko___§8 » §5ReyZohh
[19:27:46] [Client thread/INFO]: [CHAT] §8? §8§l[§r§d§l!§8§l] §8 (§eUHC§8) §dJustxijio§8 » §5Non-respect des groupes (4)
[19:27:47] [Client thread/INFO]: [CHAT] §8? §8§l[§r§d§l!§8§l] §8 (§4Mort§8) §dReyZohh§8 » §5Tué par WolfRafox
[19:27:52] [Client thread/INFO]: [CHAT] [LG UHC] Fin de la période de vote.
[19:27:52] [Client thread/INFO]: [CHAT] §8? §8§l[§r§d§l!§8§l] §8 (§9LG§8) §d§cJustxijio §r§7[Lapin]§8 » §5§4Variation d'honneur  2 -> 1 raison : Abstention
[19:27:52] [Client thread/INFO]: [CHAT] §8? §8§l[§r§d§l!§8§l] §8 (§9LG§8) §d§cReyZohh §r§7[Sorcière]§8 » §5§4Variation d'honneur  -3 -> -3 raison : Abstention
[19:27:52] [Client thread/INFO]: [CHAT] §8? §8§l[§r§d§l!§8§l] §8 (§9LG§8) §d§cMDUCOQ §r§7[Voyante Bavarde]§8 » §5§4Variation d'honneur  -1 -> -2 raison : Abstention
[19:27:52] [Client thread/INFO]: [CHAT] §8? §8§l[§r§d§l!§8§l] §8 (§9LG§8) §d§cImSmarterThanYou §r§7[Soeur]§8 » §5§4Variation d'honneur  2 -> 1 raison : Abstention
[19:27:52] [Client thread/INFO]: [CHAT] §8? §8§l[§r§d§l!§8§l] §8 (§9LG§8) §d§clolo_hydra §r§7[Détective]§8 » §5§4Variation d'honneur  -1 -> -2 raison : Abstention
[19:27:57] [Client thread/INFO]: [CHAT] §8? §8§l[§r§d§l!§8§l] §8 (§9LG§8) §d§cWolfRafox §r§7[Infect Père des Loups]§8 » §5§4Variation d'honneur  3 -> 2 raison : Kill
[19:27:57] [Client thread/INFO]: [CHAT] §8? §8§l[§r§d§l!§8§l] §8 (§6PvP§8) §dImSmarterThanYou§8 » §5XxTominhoPGM69xX
[19:28:02] [Client thread/INFO]: [CHAT] §8? §8§l[§r§d§l!§8§l] §8 (§6PvP§8) §dImSmarterThanYou§8 » §5Justxijio
[19:28:02] [Client thread/INFO]: [CHAT] §8? §8§l[§r§d§l!§8§l] §8 (§9LG§8) §d§cTaiko___ §r§7[Loup-Garou Feutré]§8 » §5§4Variation d'honneur  -1 -> -3 raison : Vote urne
[19:28:02] [Client thread/INFO]: [CHAT] [LG UHC] Résultat du vote #3
[19:28:02] [Client thread/INFO]: [CHAT] [LG UHC] Le joueur Taiko___ est la cible majoritaire des votes avec 4 votes. Il perd donc 2? permanents, 2 niveaux d'Honneur et voit son rôle réduit au silence !
[19:28:02] [Client thread/INFO]: [CHAT] [LG - EXPOSED] Le rôle du joueur Taiko___ est : Loup-Garou Feutré.
[19:28:07] [Client thread/INFO]: [CHAT] §8? §8§l[§r§d§l!§8§l] §8 (§9LG§8) §d§cImSmarterThanYou §r§7[Soeur]§8 » §5§4Variation d'honneur  1 -> 0 raison : Non respect des groupes
[19:28:15] [Client thread/INFO]: [CHAT] [LG - EXPOSED] Le rôle de ImSmarterThanYou se trouve parmi les rôles suivants : Loup-Garou Feutré   Infect Père des Loups   Soeur  Lapin
[19:28:37] [Client thread/INFO]: [CHAT] §8? §8§l[§r§d§l!§8§l] §8 (§9LG§8) §d§cWolfeur24 §r§7[Soeur]§8 » §5§4Variation d'honneur  0 -> -1 raison : Non respect des groupes
[19:28:40] [Client thread/INFO]: [CHAT] §8? §8§l[§r§d§l!§8§l] §8 (§eUHC§8) §dMDUCOQ§8 » §5Non-respect des groupes (5)
[19:28:52] [Client thread/INFO]: [CHAT] §8? §8§l[§r§d§l!§8§l] §8 (§eUHC§8) §dWolfeur24§8 » §5Non-respect des groupes (4)
[19:29:09] [Client thread/INFO]: [CHAT] §8? §8§l[§r§d§l!§8§l] §8 (§eUHC§8) §dXxTominhoPGM69xX§8 » §5Non-respect des groupes (4)
[19:29:13] [Client thread/INFO]: [CHAT] §8? §8§l[§r§d§l!§8§l] §8 (§6PvP§8) §dXxTominhoPGM69xX§8 » §5Justxijio
[19:29:14] [Client thread/INFO]: [CHAT] §8? §8§l[§r§d§l!§8§l] §8 (§6PvP§8) §dXxTominhoPGM69xX§8 » §5lolo_hydra
[19:29:34] [Client thread/INFO]: [CHAT] §8? §8§l[§r§d§l!§8§l] §8 (§4Mort§8) §dlolo_hydra§8 » §5Tué par LumsGOAT69xX
[19:29:35] [Client thread/INFO]: [CHAT] §8? §8§l[§r§d§l!§8§l] §8 (§6PvP§8) §dRaiitoPGM91§8 » §5Justxijio
[19:29:44] [Client thread/INFO]: [CHAT] §8? §8§l[§r§d§l!§8§l] §8 (§9LG§8) §d§cLumsGOAT69xX §r§7[Renard]§8 » §5§4Variation d'honneur  1 -> 0 raison : Kill
[19:29:44] [Client thread/INFO]: [CHAT] ------------- ? -------------
[19:29:44] [Client thread/INFO]: [CHAT]  Le village a perdu un de ses membres : aaiaaiaaa, qui était seikufnzieuio.
[19:29:44] [Client thread/INFO]: [CHAT] ----------------------------
[19:29:53] [Client thread/INFO]: [CHAT] §8? §8§l[§r§d§l!§8§l] §8 (§eUHC§8) §dJustxijio§8 » §5Non-respect des groupes (4)
[19:29:54] [Client thread/INFO]: [CHAT] §8? §8§l[§r§d§l!§8§l] §8 (§4Mort§8) §dMDUCOQ§8 » §5Tué par LumsGOAT69xX
[19:30:04] [Client thread/INFO]: [CHAT] §8? §8§l[§r§d§l!§8§l] §8 (§9LG§8) §d§cLumsGOAT69xX §r§7[Renard]§8 » §5§4Variation d'honneur  0 -> -1 raison : Kill
[19:30:04] [Client thread/INFO]: [CHAT] ------------- ? -------------
[19:30:04] [Client thread/INFO]: [CHAT]  Le village a perdu un de ses membres : aaiaaiaaa, qui était Voyante Bavarde.
[19:30:04] [Client thread/INFO]: [CHAT] ----------------------------
[19:30:09] [Client thread/INFO]: [CHAT] §8? §8§l[§r§d§l!§8§l] §8 (§eUHC§8) §dXxTominhoPGM69xX§8 » §5Non-respect des groupes (5)
[19:30:33] [Client thread/INFO]: [CHAT] §8? §8§l[§r§d§l!§8§l] §8 (§4Mort§8) §dJustxijio§8 » §5Tué par XxTominhoPGM69xX
[19:30:43] [Client thread/INFO]: [CHAT] §8? §8§l[§r§d§l!§8§l] §8 (§9LG§8) §d§cXxTominhoPGM69xX §r§7[Cupidon]§8 » §5§4Variation d'honneur  2 -> 1 raison : Kill
[19:30:43] [Client thread/INFO]: [CHAT] ------------- ? -------------
[19:30:43] [Client thread/INFO]: [CHAT]  Le village a perdu un de ses membres : Justxijio, qui était seikufnzieuio.
[19:30:43] [Client thread/INFO]: [CHAT] ----------------------------
[19:30:49] [Client thread/INFO]: [CHAT] [LG UHC] Vous avez 20 secondes pour écrire une rumeur dans le chat !
[19:30:56] [Client thread/INFO]: [CHAT] SPEC Justxijio » pd
[19:31:01] [Client thread/INFO]: [CHAT] §8? §8§l[§r§d§l!§8§l] §8 (§4Mort§8) §dImSmarterThanYou§8 » §5Tué par XxTominhoPGM69xX
[19:31:09] [Client thread/INFO]: [CHAT] [LG UHC] Le temps pour envoyer les rumeurs est terminé.
[19:31:09] [Client thread/INFO]: [CHAT] [LG UHC] Voici les rumeurs envoyées par les joueurs lors des 20 dernières secondes :
[19:31:10] [Client thread/INFO]: [CHAT] §8? §8§l[§r§d§l!§8§l] §8 (§eUHC§8) §dXxTominhoPGM69xX§8 » §5Non-respect des groupes (4)
[19:31:11] [Client thread/INFO]: [CHAT] §8? §8§l[§r§d§l!§8§l] §8 (§4Mort§8) §dWolfeur24§8 » §5Tué par RaiitoPGM91
[19:31:11] [Client thread/INFO]: [CHAT] §8? §8§l[§r§d§l!§8§l] §8 (§9LG§8) §d§cXxTominhoPGM69xX §r§7[Cupidon]§8 » §5§4Variation d'honneur  1 -> 0 raison : Kill
[19:31:11] [Client thread/INFO]: [CHAT] ------------- ? -------------
[19:31:11] [Client thread/INFO]: [CHAT]  Le village a perdu un de ses membres : ImSmarterThanYou, qui était Soeur.
[19:31:11] [Client thread/INFO]: [CHAT] ----------------------------
[19:31:16] [Client thread/INFO]: [CHAT] §8? §8§l[§r§d§l!§8§l] §8 (§9LG§8) §d§cWolfeur24 §r§7[Soeur]§8 » §5§4Voyance de soeur: Tueur (XxTominhoPGM69xX)
[19:31:21] [Client thread/INFO]: [CHAT] §8? §8§l[§r§d§l!§8§l] §8 (§9LG§8) §d§cRaiitoPGM91 §r§7[Salvateur]§8 » §5§4Variation d'honneur  2 -> 1 raison : Kill
[19:31:21] [Client thread/INFO]: [CHAT] ------------- ? -------------
[19:31:21] [Client thread/INFO]: [CHAT]  Le village a perdu un de ses membres : aaiaaiaaa, qui était seikufnzieuio.
[19:31:21] [Client thread/INFO]: [CHAT] ----------------------------
[19:31:28] [Client thread/INFO]: [CHAT] §8? §8§l[§r§d§l!§8§l] §8 (§6PvP§8) §dTaiko___§8 » §5doudoux1427
[19:31:37] [Client thread/INFO]: [CHAT] §8? §8§l[§r§d§l!§8§l] §8 (§4Mort§8) §ddoudoux1427§8 » §5Chute
[19:31:39] [Client thread/INFO]: [CHAT] §8? §8§l[§r§d§l!§8§l] §8 (§9LG§8) §d§cWolfRafox §r§7[Infect Père des Loups]§8 » §5§4Infection de : doudoux1427 §7[Ancien]
[19:33:40] [Client thread/INFO]: [CHAT] §8? §8§l[§r§d§l!§8§l] §8 (§9LG§8) §d§cdoudoux1427 §r§7[Ancien]§8 » §5§4Hurlement
[19:35:40] [Client thread/INFO]: [CHAT] §8? §8§l[§r§d§l!§8§l] §8 (§eUHC§8) §dXxTominhoPGM69xX§8 » §5Non-respect des groupes (4)
[19:35:46] [Client thread/INFO]: [CHAT] §8? §8§l[§r§d§l!§8§l] §8 (§eUHC§8) §dWolfRafox§8 » §5Non-respect des groupes (4)
[19:36:43] [Client thread/INFO]: [CHAT] §8? §8§l[§r§d§l!§8§l] §8 (§eUHC§8) §dXxTominhoPGM69xX§8 » §5Non-respect des groupes (4)
[19:36:55] [Client thread/INFO]: [CHAT] §8? §8§l[§r§d§l!§8§l] §8 (§6PvP§8) §dTaiko___§8 » §5XxTominhoPGM69xX
[19:37:43] [Client thread/INFO]: [CHAT] §8? §8§l[§r§d§l!§8§l] §8 (§eUHC§8) §dXxTominhoPGM69xX§8 » §5Non-respect des groupes (4)
[19:37:58] [Client thread/INFO]: [CHAT] §8? §8§l[§r§d§l!§8§l] §8 (§eUHC§8) §dWolfRafox§8 » §5Non-respect des groupes (4)
[19:38:16] [Client thread/INFO]: [CHAT] §8? §8§l[§r§d§l!§8§l] §8 (§6PvP§8) §dXxTominhoPGM69xX§8 » §5Taiko___
[19:38:44] [Client thread/INFO]: [CHAT] §8? §8§l[§r§d§l!§8§l] §8 (§eUHC§8) §dTaiko___§8 » §5Non-respect des groupes (4)
[19:38:45] [Client thread/INFO]: [CHAT] §8? §8§l[§r§d§l!§8§l] §8 (§6PvP§8) §dXxTominhoPGM69xX§8 » §5doudoux1427
[19:38:52] [Client thread/INFO]: [CHAT] §8? §8§l[§r§d§l!§8§l] §8 (§9LG§8) §d§cXxTominhoPGM69xX §r§7[Cupidon]§8 » §5§4Variation d'honneur  0 -> -1 raison : Non respect des groupes
[19:38:59] [Client thread/INFO]: [CHAT] §8? §8§l[§r§d§l!§8§l] §8 (§eUHC§8) §dWolfRafox§8 » §5Non-respect des groupes (5)
[19:38:59] [Client thread/INFO]: [CHAT] §8? §8§l[§r§d§l!§8§l] §8 (§6PvP§8) §ddoudoux1427§8 » §5RaiitoPGM91
[19:39:03] [Client thread/INFO]: [CHAT] §8? §8§l[§r§d§l!§8§l] §8 (§6PvP§8) §dLumsGOAT69xX§8 » §5WolfRafox
[19:39:07] [Client thread/INFO]: [CHAT] §8? §8§l[§r§d§l!§8§l] §8 (§9LG§8) §d§cRaiitoPGM91 §r§7[Salvateur]§8 » §5§4Variation d'honneur  1 -> 0 raison : Non respect des groupes
[19:39:31] [Client thread/INFO]: [CHAT] §8? §8§l[§r§d§l!§8§l] §8 (§6PvP§8) §dTaiko___§8 » §5XxTominhoPGM69xX
[19:39:39] [Client thread/INFO]: [CHAT] §8? §8§l[§r§d§l!§8§l] §8 (§4Mort§8) §dWolfRafox§8 » §5Chute
[19:39:39] [Client thread/INFO]: [CHAT] §8? §8§l[§r§d§l!§8§l] §8 (§eUHC§8) §dXxTominhoPGM69xX§8 » §5Non-respect des groupes (4)
[19:39:42] [Client thread/INFO]: [CHAT] §8? §8§l[§r§d§l!§8§l] §8 (§4Mort§8) §ddoudoux1427§8 » §5Tué par XxTominhoPGM69xX
[19:39:46] [Client thread/INFO]: [CHAT] §8? §8§l[§r§d§l!§8§l] §8 (§4Mort§8) §dTaiko___§8 » §5Tué par LumsGOAT69xX
[19:39:48] [Client thread/INFO]: [CHAT] §8? §8§l[§r§d§l!§8§l] §8 (§9LG§8) §d§cLumsGOAT69xX §r§7[Renard]§8 » §5§4Variation d'honneur  -1 -> 0 raison : Kill
[19:39:48] [Client thread/INFO]: [CHAT] ------------- ? -------------
[19:39:48] [Client thread/INFO]: [CHAT]  Le village a perdu un de ses membres : WolfRafox, qui était seikufnzieuio.
[19:39:48] [Client thread/INFO]: [CHAT] ----------------------------
[19:39:52] [Client thread/INFO]: [CHAT] §8? §8§l[§r§d§l!§8§l] §8 (§9LG§8) §d§cXxTominhoPGM69xX §r§7[Cupidon]§8 » §5§4Variation d'honneur  -1 -> 0 raison : Kill
[19:39:52] [Client thread/INFO]: [CHAT] ------------- ? -------------
[19:39:52] [Client thread/INFO]: [CHAT]  Le village a perdu un de ses membres : doudoux1427, qui était Ancien.
[19:39:52] [Client thread/INFO]: [CHAT] ----------------------------
[19:39:53] [Client thread/INFO]: [CHAT] 
[19:39:53] [Client thread/INFO]: [CHAT]  ---- Début de l'épisode 7 ----
[19:39:53] [Client thread/INFO]: [CHAT]  
[19:39:56] [Client thread/INFO]: [CHAT] §8? §8§l[§r§d§l!§8§l] §8 (§9LG§8) §d§cLumsGOAT69xX §r§7[Renard]§8 » §5§4Variation d'honneur  0 -> 1 raison : Kill
[19:39:56] [Client thread/INFO]: [CHAT] ------------- ? -------------
[19:39:56] [Client thread/INFO]: [CHAT]  Le village a perdu un de ses membres : aaiaaiaaa, qui était seikufnzieuio.
[19:39:56] [Client thread/INFO]: [CHAT] ----------------------------
[19:39:58] [Client thread/INFO]: [CHAT]  
[19:39:58] [Client thread/INFO]: [CHAT] » Victoire de XxTominhoPGM69xX, RaiitoPGM91 and LumsGOAT69xX avec 10 kill(s) !
[19:39:58] [Client thread/INFO]: [CHAT]  
[19:39:58] [Client thread/INFO]: [CHAT] [LG UHC] Les Amoureux remportent la partie !
[19:39:58] [Client thread/INFO]: [CHAT] 
[19:39:58] [Client thread/INFO]: [CHAT] Récapitulatif de la partie (temps total de jeu : 2h0m4s)
[19:39:58] [Client thread/INFO]: [CHAT]  
[19:39:58] [Client thread/INFO]: [CHAT] §8§m§lMost_Bloody§8§m: §oPetite Fille§r 
[19:39:58] [Client thread/INFO]: [CHAT] §8§m§lFayazer§8§m: §oAnalyste§r 
[19:39:58] [Client thread/INFO]: [CHAT] §8§m§lVei_1§8§m: §oLoup-Garou Déloyal§r 
[19:39:58] [Client thread/INFO]: [CHAT] §8§m§lKitsuney_01§8§m: §oLoup-Garou Faussaire§r 
[19:39:58] [Client thread/INFO]: [CHAT] §8§m§lLucasNAVI§8§m: §oFeu Follet§r 
[19:39:58] [Client thread/INFO]: [CHAT] §8§m§lV0lcanium§8§m: §oErmite§r 
[19:39:58] [Client thread/INFO]: [CHAT] §8§m§lWozac§8§m: §oAvocat§r 
[19:39:58] [Client thread/INFO]: [CHAT] §8§m§lKioua§8§m: §oChasseur§r 
[19:39:58] [Client thread/INFO]: [CHAT] §8§m§lkingdrav1§8§m: §oLoup-Garou Perfide§r 
[19:39:58] [Client thread/INFO]: [CHAT] §8§m§lmayorie§8§m: §oLoup-Garou Blanc§r 
[19:39:58] [Client thread/INFO]: [CHAT] §8§m§lTHeGhost48§8§m: §oRebouteux§r 
[19:39:58] [Client thread/INFO]: [CHAT] §8§m§lFlyseCestMoi§8§m: §oAssassin§r 
[19:39:58] [Client thread/INFO]: [CHAT] §8§m§lNox_Leloup§8§m: §oInfect Père des Loups§r 
[19:39:58] [Client thread/INFO]: [CHAT] §8§m§lLEONPRIME63§8§m: §oMire§r 
[19:39:58] [Client thread/INFO]: [CHAT] §8§m§lBadmosss§8§m: §oVilain Petit Loup§r 
[19:39:58] [Client thread/INFO]: [CHAT] §8§m§lReyZohh§8§m: §oSorcière§r 
[19:39:58] [Client thread/INFO]: [CHAT] §8§m§llolo_hydra§8§m: §oDétective§r 
[19:39:58] [Client thread/INFO]: [CHAT] §8§m§lMDUCOQ§8§m: §oVoyante Bavarde§r 
[19:39:58] [Client thread/INFO]: [CHAT] §8§m§lJustxijio§8§m: §oLapin§r 
[19:39:58] [Client thread/INFO]: [CHAT] §8§m§lImSmarterThanYou§8§m: §oSoeur§r 
[19:39:58] [Client thread/INFO]: [CHAT] §8§m§lWolfeur24§8§m: §oSoeur§r 
[19:39:58] [Client thread/INFO]: [CHAT] §8§m§lWolfRafox§8§m: §oVoleur (Infect Père des Loups)§r 
[19:39:58] [Client thread/INFO]: [CHAT] §8§m§ldoudoux1427§8§m: §oAncien (Infecté)§r 
[19:39:58] [Client thread/INFO]: [CHAT] §8§m§lTaiko___§8§m: §oLoup-Garou Feutré (Solitaire)§r 
[19:39:58] [Client thread/INFO]: [CHAT] §d§lLumsGOAT69xX§d: §oRenard§r §c?
[19:39:58] [Client thread/INFO]: [CHAT] §d§lRaiitoPGM91§d: §oSalvateur§r §c?
[19:39:58] [Client thread/INFO]: [CHAT] §8§m§lVGL1710§8§m: §oLoup-Garou Craintif§r 
[19:39:58] [Client thread/INFO]: [CHAT] §d§lXxTominhoPGM69xX§d: §oCupidon§r 
[19:39:58] [Client thread/INFO]: [CHAT] 
[19:39:58] [Client thread/INFO]: [CHAT] Evénements aléatoires déclenchés 
[19:39:58] [Client thread/INFO]: [CHAT]  
[19:39:58] [Client thread/INFO]: [CHAT] Coup de Foudre (100%)
[19:39:58] [Client thread/INFO]: [CHAT] Rumeurs (30%)
[19:39:58] [Client thread/INFO]: [CHAT] Feu de camp (40%)
[19:39:58] [Client thread/INFO]: [CHAT] Aurore Boréale (100%)
[19:39:58] [Client thread/INFO]: [CHAT] Exposed (70%)
[19:39:58] [Client thread/INFO]: [CHAT] [?] Vous avez reçu 50 XP grâce à cette partie !
[19:40:01] [Client thread/INFO]: [CHAT] [?] Vous avez été déplacé vers le canal Game sur Mumble.
[19:40:19] [Client thread/INFO]: [CHAT] §8? §8§l[§r§d§l!§8§l] §8 (§6PvP§8) §dXxTominhoPGM69xX§8 » §5LumsGOAT69xX
[19:41:13] [Client thread/INFO]: [CHAT] §8[§b§lHELPOP§8] §8§o#16 - §bXxTominhoPGM69xX §f: tp moi [Répondre]
[19:41:28] [Client thread/INFO]: [CHAT] Saved screenshot as 2025-09-06_19.41.28.png
[19:41:32] [Client thread/INFO]: [CHAT] §8? §8§l[§r§d§l!§8§l] §8 (§4Mort§8) §dRaiitoPGM91§8 » §5Tombé dans le vide
[19:41:32] [Client thread/INFO]: [CHAT] §8? §8§l[§r§d§l!§8§l] §8 (§9/§8) §dmayorie§8 » §5/tp @a mayorie
[19:41:32] [Client thread/INFO]: [CHAT] Teleported mayorie to mayorie
[19:41:32] [Client thread/INFO]: [CHAT] Teleported doudoux1427 to mayorie
[19:41:32] [Client thread/INFO]: [CHAT] Teleported WolfRafox to mayorie
[19:41:32] [Client thread/INFO]: [CHAT] Teleported RaiitoPGM91 to mayorie
[19:41:32] [Client thread/INFO]: [CHAT] Teleported LumsGOAT69xX to mayorie
[19:41:32] [Client thread/INFO]: [CHAT] Teleported XxTominhoPGM69xX to mayorie
[19:41:32] [Client thread/INFO]: [CHAT] §8? §8§l[§r§d§l!§8§l] §8 (§4Mort§8) §dXxTominhoPGM69xX§8 » §5Chute
[19:41:32] [Client thread/INFO]: [CHAT] §8? §8§l[§r§d§l!§8§l] §8 (§4Mort§8) §dLumsGOAT69xX§8 » §5Chute
[19:41:42] [Client thread/INFO]: [CHAT] §8? §8§l[§r§d§l!§8§l] §8 (§4Mort§8) §dLumsGOAT69xX§8 » §5Chute
[19:41:42] [Client thread/INFO]: [CHAT] ------------- ? -------------
[19:41:42] [Client thread/INFO]: [CHAT]  Le village a perdu un de ses membres : RaiitoPGM91, qui était Salvateur.
[19:41:42] [Client thread/INFO]: [CHAT] ----------------------------
[19:41:42] [Client thread/INFO]: [CHAT] ------------- ? -------------
[19:41:42] [Client thread/INFO]: [CHAT]  ? Dans un élan de chagrin, LumsGOAT69xX, qui était Renard, a décidé de rejoindre son âme soeur dans sa tombe.
[19:41:42] [Client thread/INFO]: [CHAT] ----------------------------
[19:41:42] [Client thread/INFO]: [CHAT] ------------- ? -------------
[19:41:42] [Client thread/INFO]: [CHAT]  Le village a perdu un de ses membres : XxTominhoPGM69xX, qui était seikufnzieuio.
[19:41:42] [Client thread/INFO]: [CHAT] ----------------------------
[19:41:57] [Client thread/INFO]: [CHAT] XxTominhoPGM69xX » ggwp
[19:42:00] [Client thread/INFO]: [CHAT] LumsGOAT69xX » ggwp
[19:42:57] [Client thread/INFO]: [CHAT] [HOST] L'UHC va se fermer dans quelques secondes !
[19:43:01] [Client thread/INFO]: [CHAT] You were kicked from lg-699: Server closed
[19:43:01] [Client thread/FATAL]: Error executing task
java.util.concurrent.ExecutionException: java.lang.NullPointerException
	at java.util.concurrent.FutureTask.report(FutureTask.java:122) ~[?:1.8.0_51]
	at java.util.concurrent.FutureTask.get(FutureTask.java:192) ~[?:1.8.0_51]
	at net.minecraft.util.Util.func_181617_a(SourceFile:45) [g.class:?]
	at net.minecraft.client.Minecraft.func_71411_J(Minecraft.java:1014) [ave.class:?]
	at net.minecraft.client.Minecraft.func_99999_d(Minecraft.java:349) [ave.class:?]
	at net.minecraft.client.main.Main.main(SourceFile:124) [Main.class:?]
	at sun.reflect.NativeMethodAccessorImpl.invoke0(Native Method) ~[?:1.8.0_51]
	at sun.reflect.NativeMethodAccessorImpl.invoke(NativeMethodAccessorImpl.java:62) ~[?:1.8.0_51]
	at sun.reflect.DelegatingMethodAccessorImpl.invoke(DelegatingMethodAccessorImpl.java:43) ~[?:1.8.0_51]
	at java.lang.reflect.Method.invoke(Method.java:497) ~[?:1.8.0_51]
	at net.minecraft.launchwrapper.Launch.launch(Launch.java:135) [launchwrapper-1.12.jar:?]
	at net.minecraft.launchwrapper.Launch.main(Launch.java:28) [launchwrapper-1.12.jar:?]
Caused by: java.lang.NullPointerException
	at net.minecraft.network.play.server.S0CPacketSpawnPlayer.func_148944_c(SourceFile:80) ~[fp.class:?]
	at net.minecraft.client.network.NetHandlerPlayClient.func_147237_a(NetHandlerPlayClient.java:501) ~[bcy.class:?]
	at net.minecraft.network.play.server.S0CPacketSpawnPlayer.func_148833_a(SourceFile:75) ~[fp.class:?]
	at net.minecraft.network.play.server.S0CPacketSpawnPlayer.func_148833_a(SourceFile:16) ~[fp.class:?]
	at net.minecraft.network.PacketThreadUtil$1.run(SourceFile:13) ~[fh$1.class:?]
	at java.util.concurrent.Executors$RunnableAdapter.call(Executors.java:511) ~[?:1.8.0_51]
	at java.util.concurrent.FutureTask.run(FutureTask.java:266) ~[?:1.8.0_51]
	at net.minecraft.util.Util.func_181617_a(SourceFile:44) ~[g.class:?]
	... 9 more
[19:43:01] [Client thread/FATAL]: Error executing task
java.util.concurrent.ExecutionException: java.lang.IllegalArgumentException: A team with the name 'citizen_team' already exists!
	at java.util.concurrent.FutureTask.report(FutureTask.java:122) ~[?:1.8.0_51]
	at java.util.concurrent.FutureTask.get(FutureTask.java:192) ~[?:1.8.0_51]
	at net.minecraft.util.Util.func_181617_a(SourceFile:45) [g.class:?]
	at net.minecraft.client.Minecraft.func_71411_J(Minecraft.java:1014) [ave.class:?]
	at net.minecraft.client.Minecraft.func_99999_d(Minecraft.java:349) [ave.class:?]
	at net.minecraft.client.main.Main.main(SourceFile:124) [Main.class:?]
	at sun.reflect.NativeMethodAccessorImpl.invoke0(Native Method) ~[?:1.8.0_51]
	at sun.reflect.NativeMethodAccessorImpl.invoke(NativeMethodAccessorImpl.java:62) ~[?:1.8.0_51]
	at sun.reflect.DelegatingMethodAccessorImpl.invoke(DelegatingMethodAccessorImpl.java:43) ~[?:1.8.0_51]
	at java.lang.reflect.Method.invoke(Method.java:497) ~[?:1.8.0_51]
	at net.minecraft.launchwrapper.Launch.launch(Launch.java:135) [launchwrapper-1.12.jar:?]
	at net.minecraft.launchwrapper.Launch.main(Launch.java:28) [launchwrapper-1.12.jar:?]
Caused by: java.lang.IllegalArgumentException: A team with the name 'citizen_team' already exists!
	at net.minecraft.scoreboard.Scoreboard.func_96527_f(SourceFile:218) ~[auo.class:?]
	at net.minecraft.client.network.NetHandlerPlayClient.func_147247_a(NetHandlerPlayClient.java:1773) ~[bcy.class:?]
	at net.minecraft.network.play.server.S3EPacketTeams.func_148833_a(SourceFile:113) ~[hr.class:?]
	at net.minecraft.network.play.server.S3EPacketTeams.func_148833_a(SourceFile:13) ~[hr.class:?]
	at net.minecraft.network.PacketThreadUtil$1.run(SourceFile:13) ~[fh$1.class:?]
	at java.util.concurrent.Executors$RunnableAdapter.call(Executors.java:511) ~[?:1.8.0_51]
	at java.util.concurrent.FutureTask.run(FutureTask.java:266) ~[?:1.8.0_51]
	at net.minecraft.util.Util.func_181617_a(SourceFile:44) ~[g.class:?]
	... 9 more
[19:43:01] [Client thread/FATAL]: Error executing task
java.util.concurrent.ExecutionException: java.lang.NullPointerException
	at java.util.concurrent.FutureTask.report(FutureTask.java:122) ~[?:1.8.0_51]
	at java.util.concurrent.FutureTask.get(FutureTask.java:192) ~[?:1.8.0_51]
	at net.minecraft.util.Util.func_181617_a(SourceFile:45) [g.class:?]
	at net.minecraft.client.Minecraft.func_71411_J(Minecraft.java:1014) [ave.class:?]
	at net.minecraft.client.Minecraft.func_99999_d(Minecraft.java:349) [ave.class:?]
	at net.minecraft.client.main.Main.main(SourceFile:124) [Main.class:?]
	at sun.reflect.NativeMethodAccessorImpl.invoke0(Native Method) ~[?:1.8.0_51]
	at sun.reflect.NativeMethodAccessorImpl.invoke(NativeMethodAccessorImpl.java:62) ~[?:1.8.0_51]
	at sun.reflect.DelegatingMethodAccessorImpl.invoke(DelegatingMethodAccessorImpl.java:43) ~[?:1.8.0_51]
	at java.lang.reflect.Method.invoke(Method.java:497) ~[?:1.8.0_51]
	at net.minecraft.launchwrapper.Launch.launch(Launch.java:135) [launchwrapper-1.12.jar:?]
	at net.minecraft.launchwrapper.Launch.main(Launch.java:28) [launchwrapper-1.12.jar:?]
Caused by: java.lang.NullPointerException
	at net.minecraft.network.play.server.S0CPacketSpawnPlayer.func_148944_c(SourceFile:80) ~[fp.class:?]
	at net.minecraft.client.network.NetHandlerPlayClient.func_147237_a(NetHandlerPlayClient.java:501) ~[bcy.class:?]
	at net.minecraft.network.play.server.S0CPacketSpawnPlayer.func_148833_a(SourceFile:75) ~[fp.class:?]
	at net.minecraft.network.play.server.S0CPacketSpawnPlayer.func_148833_a(SourceFile:16) ~[fp.class:?]
	at net.minecraft.network.PacketThreadUtil$1.run(SourceFile:13) ~[fh$1.class:?]
	at java.util.concurrent.Executors$RunnableAdapter.call(Executors.java:511) ~[?:1.8.0_51]
	at java.util.concurrent.FutureTask.run(FutureTask.java:266) ~[?:1.8.0_51]
	at net.minecraft.util.Util.func_181617_a(SourceFile:44) ~[g.class:?]
	... 9 more
[19:43:01] [Client thread/FATAL]: Error executing task
java.util.concurrent.ExecutionException: java.lang.NullPointerException
	at java.util.concurrent.FutureTask.report(FutureTask.java:122) ~[?:1.8.0_51]
	at java.util.concurrent.FutureTask.get(FutureTask.java:192) ~[?:1.8.0_51]
	at net.minecraft.util.Util.func_181617_a(SourceFile:45) [g.class:?]
	at net.minecraft.client.Minecraft.func_71411_J(Minecraft.java:1014) [ave.class:?]
	at net.minecraft.client.Minecraft.func_99999_d(Minecraft.java:349) [ave.class:?]
	at net.minecraft.client.main.Main.main(SourceFile:124) [Main.class:?]
	at sun.reflect.NativeMethodAccessorImpl.invoke0(Native Method) ~[?:1.8.0_51]
	at sun.reflect.NativeMethodAccessorImpl.invoke(NativeMethodAccessorImpl.java:62) ~[?:1.8.0_51]
	at sun.reflect.DelegatingMethodAccessorImpl.invoke(DelegatingMethodAccessorImpl.java:43) ~[?:1.8.0_51]
	at java.lang.reflect.Method.invoke(Method.java:497) ~[?:1.8.0_51]
	at net.minecraft.launchwrapper.Launch.launch(Launch.java:135) [launchwrapper-1.12.jar:?]
	at net.minecraft.launchwrapper.Launch.main(Launch.java:28) [launchwrapper-1.12.jar:?]
Caused by: java.lang.NullPointerException
[19:43:07] [Client thread/INFO]: Applying holder lookups
[19:43:07] [Client thread/INFO]: Holder lookups applied
[19:43:07] [Netty Client IO #2/INFO]: Attempting connection with missing mods [mcp, FML, Forge, oneconfig, evergreenhud, MumbleLink, ExtendedPASupport] at SERVER
[19:43:09] [Client thread/INFO]: Stopping!
[19:43:09] [Client thread/INFO]: SoundSystem shutting down...
[19:43:10] [Client thread/WARN]: Author: Paul Lamb, www.paulscode.com
[19:43:10] [Client thread/ERROR]: The jar file C:\Users\matts\curseforge\minecraft\Install\libraries\org\lwjgl\lwjgl\lwjgl\2.9.4-nightly-20150209\lwjgl-2.9.4-nightly-20150209.jar has a security seal for path org.lwjgl.opengl, but that path is defined and not secure
[19:43:10] [Thread-17/INFO]: [ChatLog/TWK]Successfully closed chat log file.
