[14:22:44] [main/INFO]: Loading tweak class name net.minecraftforge.fml.common.launcher.FMLTweaker
[14:22:44] [main/INFO]: Using primary tweak class name net.minecraftforge.fml.common.launcher.FMLTweaker
[14:22:44] [main/INFO]: Calling tweak class net.minecraftforge.fml.common.launcher.FMLTweaker
[14:22:44] [main/INFO]: Forge Mod Loader version 11.15.1.2318 for Minecraft 1.8.9 loading
[14:22:44] [main/INFO]: Java is Java HotSpot(TM) 64-Bit Server VM, version 1.8.0_51, running on Windows 10:amd64:10.0, installed at C:\Users\matts\curseforge\minecraft\Install\runtime\jre-legacy\windows-x64\jre-legacy
[14:22:44] [main/INFO]: Loading tweaker info.varden.chatlog.CLTweaker from ChatLog_V1.jar
[14:22:44] [main/INFO]: Loading tweaker cc.polyfrost.oneconfig.loader.stage0.LaunchWrapperTweaker from EvergreenHUD-1.8.9-forge-2.1.7.jar
[14:22:44] [main/INFO]: Loading tweak class name net.minecraftforge.fml.common.launcher.FMLInjectionAndSortingTweaker
[14:22:44] [main/INFO]: Loading tweak class name info.varden.chatlog.CLTweaker
[14:22:44] [main/INFO]: Loading tweak class name cc.polyfrost.oneconfig.loader.stage0.LaunchWrapperTweaker
[14:22:44] [main/INFO]: [cc.polyfrost.oneconfig.loader.stage0.OneConfigWrapperBase:addSSLStore:258]: Attempting to load Polyfrost certificate.
[14:22:44] [main/INFO]: [cc.polyfrost.oneconfig.loader.stage0.OneConfigWrapperBase:<init>:49]: OneConfig has detected the version 1.8.9. If this is false, report this at https://inv.wtf/polyfrost
[14:22:44] [main/INFO]: [cc.polyfrost.oneconfig.loader.OneConfigWrapperBase:<init>:49]: OneConfig has detected the version 1.8.9. If this is false, report this at https://inv.wtf/polyfrost
[14:22:45] [main/INFO]: [cc.polyfrost.oneconfig.internal.plugin.asm.OneConfigTweaker:injectMixinTweaker:186]: Injecting MixinTweaker from EssentialSetupTweaker
[14:22:45] [main/INFO]: SpongePowered MIXIN Subsystem Version=0.7.11 Source=file:/C:/Users/matts/curseforge/minecraft/Instances/test%20chatlog/./OneConfig/OneConfig%20(1.8.9-forge).jar Service=LaunchWrapper Env=CLIENT
[14:22:45] [main/INFO]: [cc.polyfrost.oneconfig.loader.OneConfigLoaderBase:<init>:44]: OneConfig has detected the version 1.8.9. If this is false, report this at https://inv.wtf/polyfrost
[14:22:45] [main/INFO]: Loading tweak class name net.minecraftforge.fml.common.launcher.FMLDeobfTweaker
[14:22:45] [main/INFO]: Calling tweak class net.minecraftforge.fml.common.launcher.FMLInjectionAndSortingTweaker
[14:22:45] [main/INFO]: Calling tweak class net.minecraftforge.fml.common.launcher.FMLInjectionAndSortingTweaker
[14:22:45] [main/INFO]: Calling tweak class net.minecraftforge.fml.relauncher.CoreModManager$FMLPluginWrapper
[14:22:45] [main/DEBUG]: Injecting coremod FMLCorePlugin {net.minecraftforge.fml.relauncher.FMLCorePlugin} class transformers
[14:22:45] [main/TRACE]: Registering transformer net.minecraftforge.fml.common.asm.transformers.BlamingTransformer
[14:22:45] [main/TRACE]: Registering transformer net.minecraftforge.fml.common.asm.transformers.SideTransformer
[14:22:45] [main/TRACE]: Registering transformer net.minecraftforge.fml.common.asm.transformers.EventSubscriptionTransformer
[14:22:45] [main/TRACE]: Registering transformer net.minecraftforge.fml.common.asm.transformers.EventSubscriberTransformer
[14:22:45] [main/DEBUG]: Injection complete
[14:22:45] [main/DEBUG]: Running coremod plugin for FMLCorePlugin {net.minecraftforge.fml.relauncher.FMLCorePlugin}
[14:22:45] [main/DEBUG]: Running coremod plugin FMLCorePlugin
[14:22:45] [main/DEBUG]: Read 825 binary patches
[14:22:45] [main/DEBUG]: Loading deobfuscation resource /deobfuscation_data-1.8.9.lzma with 27891 records
[14:22:45] [main/INFO]: Found valid fingerprint for Minecraft Forge. Certificate fingerprint e3c3d50c7c986df74c645c0ac54639741c90a557
[14:22:45] [main/INFO]: Found valid fingerprint for Minecraft. Certificate fingerprint cd99959656f753dc28d863b46769f7f8fbaefcfc
[14:22:45] [main/DEBUG]: Coremod plugin class FMLCorePlugin run successfully
[14:22:45] [main/INFO]: Calling tweak class net.minecraftforge.fml.relauncher.CoreModManager$FMLPluginWrapper
[14:22:45] [main/DEBUG]: Injecting coremod FMLForgePlugin {net.minecraftforge.classloading.FMLForgePlugin} class transformers
[14:22:45] [main/DEBUG]: Injection complete
[14:22:45] [main/DEBUG]: Running coremod plugin for FMLForgePlugin {net.minecraftforge.classloading.FMLForgePlugin}
[14:22:45] [main/DEBUG]: Running coremod plugin FMLForgePlugin
[14:22:45] [main/DEBUG]: Coremod plugin class FMLForgePlugin run successfully
[14:22:45] [main/INFO]: Calling tweak class info.varden.chatlog.CLTweaker
[14:22:45] [main/INFO]: Calling tweak class org.spongepowered.asm.launch.MixinTweaker
[14:22:45] [main/INFO]: Compatibility level set to JAVA_8
[14:22:45] [main/INFO]: Initialised Mixin FML Remapper Adapter with net.minecraftforge.fml.common.asm.transformers.deobf.FMLDeobfuscatingRemapper@705202d1
[14:22:45] [main/INFO]: Calling tweak class cc.polyfrost.oneconfig.loader.stage0.LaunchWrapperTweaker
[14:22:45] [main/INFO]: Calling tweak class net.minecraftforge.fml.common.launcher.FMLDeobfTweaker
[14:22:45] [main/DEBUG]: Loaded 165 rules from AccessTransformer config file forge_at.cfg
[14:22:45] [main/DEBUG]: Validating minecraft
[14:22:45] [main/INFO]: Loading tweak class name net.minecraftforge.fml.common.launcher.TerminalTweaker
[14:22:45] [main/INFO]: Loading tweak class name org.spongepowered.asm.mixin.EnvironmentStateTweaker
[14:22:45] [main/INFO]: Calling tweak class net.minecraftforge.fml.common.launcher.TerminalTweaker
[14:22:45] [main/INFO]: Calling tweak class org.spongepowered.asm.mixin.EnvironmentStateTweaker
[14:22:46] [main/WARN]: Error loading class: Config (java.lang.ClassNotFoundException: The specified class 'Config' was not found)
[14:22:46] [main/WARN]: Error loading class: net/wyvest/redaction/features/NameHighlight (java.lang.ClassNotFoundException: The specified class 'net.wyvest.redaction.features.NameHighlight' was not found)
[14:22:46] [main/WARN]: Error loading class: org/polyfrost/redaction/features/NameHighlight (java.lang.ClassNotFoundException: The specified class 'org.polyfrost.redaction.features.NameHighlight' was not found)
[14:22:46] [main/WARN]: Error loading class: mynameisjeff/skyblockclientupdater/UpdateChecker (java.lang.ClassNotFoundException: The specified class 'mynameisjeff.skyblockclientupdater.UpdateChecker' was not found)
[14:22:46] [main/WARN]: Error loading class: club/sk1er/mods/levelhead/render/AboveHeadRender (java.lang.ClassNotFoundException: The specified class 'club.sk1er.mods.levelhead.render.AboveHeadRender' was not found)
[14:22:46] [main/INFO]: Mixing MainMixin from mixins.evergreenhud.json into net.minecraft.client.main.Main
[14:22:46] [main/INFO]: Launching wrapped minecraft {net.minecraft.client.main.Main}
[14:22:46] [main/INFO]: Mixing MinecraftMixin from mixins.oneconfig.json into net.minecraft.client.Minecraft
[14:22:46] [main/INFO]: Mixing GuiScreenMixin from mixins.oneconfig.json into net.minecraft.client.gui.GuiScreen
[14:22:46] [main/INFO]: Mixing EntityPlayerMixin from mixins.evergreenhud.json into net.minecraft.entity.player.EntityPlayer
[14:22:46] [main/INFO]: Mixing EntityPlayerSPMixin from mixins.oneconfig.json into net.minecraft.client.entity.EntityPlayerSP
[14:22:46] [main/INFO]: Mixing WorldClientMixin from mixins.oneconfig.json into net.minecraft.client.multiplayer.WorldClient
[14:22:46] [main/INFO]: Mixing GuiIngameAccessor from mixins.evergreenhud.json into net.minecraft.client.gui.GuiIngame
[14:22:46] [main/INFO]: Mixing GuiIngameForgeMixin from mixins.oneconfig.json into net.minecraftforge.client.GuiIngameForge
[14:22:46] [main/ERROR]: The jar file C:\Users\matts\curseforge\minecraft\Install\libraries\org\lwjgl\lwjgl\lwjgl\2.9.4-nightly-20150209\lwjgl-2.9.4-nightly-20150209.jar has a security seal for path org.lwjgl.opengl, but that path is defined and not secure
[14:22:46] [main/ERROR]: The jar file C:\Users\matts\curseforge\minecraft\Install\libraries\org\lwjgl\lwjgl\lwjgl\2.9.4-nightly-20150209\lwjgl-2.9.4-nightly-20150209.jar has a security seal for path org.lwjgl, but that path is defined and not secure
[14:22:46] [main/ERROR]: The jar file C:\Users\matts\curseforge\minecraft\Install\libraries\org\lwjgl\lwjgl\lwjgl\2.9.4-nightly-20150209\lwjgl-2.9.4-nightly-20150209.jar has a security seal for path org.lwjgl, but that path is defined and not secure
[14:22:46] [main/ERROR]: The jar file C:\Users\matts\curseforge\minecraft\Install\libraries\org\lwjgl\lwjgl\lwjgl\2.9.4-nightly-20150209\lwjgl-2.9.4-nightly-20150209.jar has a security seal for path org.lwjgl, but that path is defined and not secure
[14:22:46] [main/ERROR]: The jar file C:\Users\matts\curseforge\minecraft\Install\libraries\org\lwjgl\lwjgl\lwjgl\2.9.4-nightly-20150209\lwjgl-2.9.4-nightly-20150209.jar has a security seal for path org.lwjgl, but that path is defined and not secure
[14:22:46] [main/ERROR]: The jar file C:\Users\matts\curseforge\minecraft\Install\libraries\org\lwjgl\lwjgl\lwjgl\2.9.4-nightly-20150209\lwjgl-2.9.4-nightly-20150209.jar has a security seal for path org.lwjgl, but that path is defined and not secure
[14:22:46] [main/ERROR]: The jar file C:\Users\matts\curseforge\minecraft\Install\libraries\org\lwjgl\lwjgl\lwjgl\2.9.4-nightly-20150209\lwjgl-2.9.4-nightly-20150209.jar has a security seal for path org.lwjgl, but that path is defined and not secure
[14:22:46] [main/ERROR]: The jar file C:\Users\matts\curseforge\minecraft\Install\libraries\org\lwjgl\lwjgl\lwjgl\2.9.4-nightly-20150209\lwjgl-2.9.4-nightly-20150209.jar has a security seal for path org.lwjgl, but that path is defined and not secure
[14:22:46] [main/ERROR]: The jar file C:\Users\matts\curseforge\minecraft\Install\libraries\org\lwjgl\lwjgl\lwjgl\2.9.4-nightly-20150209\lwjgl-2.9.4-nightly-20150209.jar has a security seal for path org.lwjgl, but that path is defined and not secure
[14:22:46] [main/ERROR]: The jar file C:\Users\matts\curseforge\minecraft\Install\libraries\org\lwjgl\lwjgl\lwjgl\2.9.4-nightly-20150209\lwjgl-2.9.4-nightly-20150209.jar has a security seal for path org.lwjgl, but that path is defined and not secure
[14:22:46] [main/ERROR]: The jar file C:\Users\matts\curseforge\minecraft\Install\libraries\org\lwjgl\lwjgl\lwjgl\2.9.4-nightly-20150209\lwjgl-2.9.4-nightly-20150209.jar has a security seal for path org.lwjgl, but that path is defined and not secure
[14:22:46] [Client thread/INFO]: Setting user: mayorie
[14:22:47] [Client thread/INFO]: Mixing EventBusMixin from mixins.oneconfig.json into net.minecraftforge.fml.common.eventhandler.EventBus
[14:22:47] [Client thread/INFO]: LWJGL Version: 2.9.4
[14:22:47] [Client thread/ERROR]: The jar file C:\Users\matts\curseforge\minecraft\Install\libraries\org\lwjgl\lwjgl\lwjgl\2.9.4-nightly-20150209\lwjgl-2.9.4-nightly-20150209.jar has a security seal for path org.lwjgl.opengl, but that path is defined and not secure
[14:22:47] [Client thread/ERROR]: The jar file C:\Users\matts\curseforge\minecraft\Install\libraries\org\lwjgl\lwjgl\lwjgl\2.9.4-nightly-20150209\lwjgl-2.9.4-nightly-20150209.jar has a security seal for path org.lwjgl.opengl, but that path is defined and not secure
[14:22:47] [Client thread/ERROR]: The jar file C:\Users\matts\curseforge\minecraft\Install\libraries\org\lwjgl\lwjgl\lwjgl\2.9.4-nightly-20150209\lwjgl-2.9.4-nightly-20150209.jar has a security seal for path org.lwjgl.opengl, but that path is defined and not secure
[14:22:47] [Client thread/ERROR]: The jar file C:\Users\matts\curseforge\minecraft\Install\libraries\org\lwjgl\lwjgl\lwjgl\2.9.4-nightly-20150209\lwjgl-2.9.4-nightly-20150209.jar has a security seal for path org.lwjgl.opengl, but that path is defined and not secure
[14:22:47] [Client thread/ERROR]: The jar file C:\Users\matts\curseforge\minecraft\Install\libraries\org\lwjgl\lwjgl\lwjgl\2.9.4-nightly-20150209\lwjgl-2.9.4-nightly-20150209.jar has a security seal for path org.lwjgl.opengl, but that path is defined and not secure
[14:22:47] [Client thread/ERROR]: The jar file C:\Users\matts\curseforge\minecraft\Install\libraries\org\lwjgl\lwjgl\lwjgl\2.9.4-nightly-20150209\lwjgl-2.9.4-nightly-20150209.jar has a security seal for path org.lwjgl.opengl, but that path is defined and not secure
[14:22:47] [Client thread/ERROR]: The jar file C:\Users\matts\curseforge\minecraft\Install\libraries\org\lwjgl\lwjgl\lwjgl\2.9.4-nightly-20150209\lwjgl-2.9.4-nightly-20150209.jar has a security seal for path org.lwjgl.opengl, but that path is defined and not secure
[14:22:47] [Client thread/ERROR]: The jar file C:\Users\matts\curseforge\minecraft\Install\libraries\org\lwjgl\lwjgl\lwjgl\2.9.4-nightly-20150209\lwjgl-2.9.4-nightly-20150209.jar has a security seal for path org.lwjgl.opengl, but that path is defined and not secure
[14:22:47] [Client thread/ERROR]: The jar file C:\Users\matts\curseforge\minecraft\Install\libraries\org\lwjgl\lwjgl\lwjgl\2.9.4-nightly-20150209\lwjgl-2.9.4-nightly-20150209.jar has a security seal for path org.lwjgl.opengl, but that path is defined and not secure
[14:22:47] [Client thread/ERROR]: The jar file C:\Users\matts\curseforge\minecraft\Install\libraries\org\lwjgl\lwjgl\lwjgl\2.9.4-nightly-20150209\lwjgl-2.9.4-nightly-20150209.jar has a security seal for path org.lwjgl.opengl, but that path is defined and not secure
[14:22:47] [Client thread/ERROR]: The jar file C:\Users\matts\curseforge\minecraft\Install\libraries\org\lwjgl\lwjgl\lwjgl\2.9.4-nightly-20150209\lwjgl-2.9.4-nightly-20150209.jar has a security seal for path org.lwjgl.opengl, but that path is defined and not secure
[14:22:47] [Client thread/ERROR]: The jar file C:\Users\matts\curseforge\minecraft\Install\libraries\org\lwjgl\lwjgl\lwjgl\2.9.4-nightly-20150209\lwjgl-2.9.4-nightly-20150209.jar has a security seal for path org.lwjgl.opengl, but that path is defined and not secure
[14:22:47] [Client thread/ERROR]: The jar file C:\Users\matts\curseforge\minecraft\Install\libraries\org\lwjgl\lwjgl\lwjgl\2.9.4-nightly-20150209\lwjgl-2.9.4-nightly-20150209.jar has a security seal for path org.lwjgl.opengl, but that path is defined and not secure
[14:22:47] [Client thread/ERROR]: The jar file C:\Users\matts\curseforge\minecraft\Install\libraries\org\lwjgl\lwjgl\lwjgl\2.9.4-nightly-20150209\lwjgl-2.9.4-nightly-20150209.jar has a security seal for path org.lwjgl.opengl, but that path is defined and not secure
[14:22:47] [Client thread/ERROR]: The jar file C:\Users\matts\curseforge\minecraft\Install\libraries\org\lwjgl\lwjgl\lwjgl\2.9.4-nightly-20150209\lwjgl-2.9.4-nightly-20150209.jar has a security seal for path org.lwjgl.opengl, but that path is defined and not secure
[14:22:47] [Client thread/ERROR]: The jar file C:\Users\matts\curseforge\minecraft\Install\libraries\org\lwjgl\lwjgl\lwjgl\2.9.4-nightly-20150209\lwjgl-2.9.4-nightly-20150209.jar has a security seal for path org.lwjgl.opengl, but that path is defined and not secure
[14:22:47] [Client thread/ERROR]: The jar file C:\Users\matts\curseforge\minecraft\Install\libraries\org\lwjgl\lwjgl\lwjgl\2.9.4-nightly-20150209\lwjgl-2.9.4-nightly-20150209.jar has a security seal for path org.lwjgl.opengl, but that path is defined and not secure
[14:22:47] [Client thread/ERROR]: The jar file C:\Users\matts\curseforge\minecraft\Install\libraries\org\lwjgl\lwjgl\lwjgl\2.9.4-nightly-20150209\lwjgl-2.9.4-nightly-20150209.jar has a security seal for path org.lwjgl.opengl, but that path is defined and not secure
[14:22:47] [Client thread/ERROR]: The jar file C:\Users\matts\curseforge\minecraft\Install\libraries\org\lwjgl\lwjgl\lwjgl\2.9.4-nightly-20150209\lwjgl-2.9.4-nightly-20150209.jar has a security seal for path org.lwjgl.opengl, but that path is defined and not secure
[14:22:47] [Client thread/ERROR]: The jar file C:\Users\matts\curseforge\minecraft\Install\libraries\org\lwjgl\lwjgl\lwjgl\2.9.4-nightly-20150209\lwjgl-2.9.4-nightly-20150209.jar has a security seal for path org.lwjgl.opengl, but that path is defined and not secure
[14:22:47] [Client thread/ERROR]: The jar file C:\Users\matts\curseforge\minecraft\Install\libraries\org\lwjgl\lwjgl\lwjgl\2.9.4-nightly-20150209\lwjgl-2.9.4-nightly-20150209.jar has a security seal for path org.lwjgl.opengl, but that path is defined and not secure
[14:22:47] [Client thread/ERROR]: The jar file C:\Users\matts\curseforge\minecraft\Install\libraries\org\lwjgl\lwjgl\lwjgl\2.9.4-nightly-20150209\lwjgl-2.9.4-nightly-20150209.jar has a security seal for path org.lwjgl.opengl, but that path is defined and not secure
[14:22:47] [Client thread/ERROR]: The jar file C:\Users\matts\curseforge\minecraft\Install\libraries\org\lwjgl\lwjgl\lwjgl\2.9.4-nightly-20150209\lwjgl-2.9.4-nightly-20150209.jar has a security seal for path org.lwjgl.opengl, but that path is defined and not secure
[14:22:47] [Client thread/ERROR]: The jar file C:\Users\matts\curseforge\minecraft\Install\libraries\org\lwjgl\lwjgl\lwjgl\2.9.4-nightly-20150209\lwjgl-2.9.4-nightly-20150209.jar has a security seal for path org.lwjgl.opengl, but that path is defined and not secure
[14:22:47] [Client thread/ERROR]: The jar file C:\Users\matts\curseforge\minecraft\Install\libraries\org\lwjgl\lwjgl\lwjgl\2.9.4-nightly-20150209\lwjgl-2.9.4-nightly-20150209.jar has a security seal for path org.lwjgl.opengl, but that path is defined and not secure
[14:22:47] [Client thread/ERROR]: The jar file C:\Users\matts\curseforge\minecraft\Install\libraries\org\lwjgl\lwjgl\lwjgl\2.9.4-nightly-20150209\lwjgl-2.9.4-nightly-20150209.jar has a security seal for path org.lwjgl.opengl, but that path is defined and not secure
[14:22:47] [Client thread/ERROR]: The jar file C:\Users\matts\curseforge\minecraft\Install\libraries\org\lwjgl\lwjgl\lwjgl\2.9.4-nightly-20150209\lwjgl-2.9.4-nightly-20150209.jar has a security seal for path org.lwjgl.opengl, but that path is defined and not secure
[14:22:47] [Client thread/ERROR]: The jar file C:\Users\matts\curseforge\minecraft\Install\libraries\org\lwjgl\lwjgl\lwjgl\2.9.4-nightly-20150209\lwjgl-2.9.4-nightly-20150209.jar has a security seal for path org.lwjgl.opengl, but that path is defined and not secure
[14:22:47] [Client thread/ERROR]: The jar file C:\Users\matts\curseforge\minecraft\Install\libraries\org\lwjgl\lwjgl\lwjgl\2.9.4-nightly-20150209\lwjgl-2.9.4-nightly-20150209.jar has a security seal for path org.lwjgl.opengl, but that path is defined and not secure
[14:22:47] [Client thread/ERROR]: The jar file C:\Users\matts\curseforge\minecraft\Install\libraries\org\lwjgl\lwjgl\lwjgl\2.9.4-nightly-20150209\lwjgl-2.9.4-nightly-20150209.jar has a security seal for path org.lwjgl, but that path is defined and not secure
[14:22:47] [Client thread/ERROR]: The jar file C:\Users\matts\curseforge\minecraft\Install\libraries\org\lwjgl\lwjgl\lwjgl\2.9.4-nightly-20150209\lwjgl-2.9.4-nightly-20150209.jar has a security seal for path org.lwjgl, but that path is defined and not secure
[14:22:47] [Client thread/ERROR]: The jar file C:\Users\matts\curseforge\minecraft\Install\libraries\org\lwjgl\lwjgl\lwjgl\2.9.4-nightly-20150209\lwjgl-2.9.4-nightly-20150209.jar has a security seal for path org.lwjgl, but that path is defined and not secure
[14:22:47] [Client thread/ERROR]: The jar file C:\Users\matts\curseforge\minecraft\Install\libraries\org\lwjgl\lwjgl\lwjgl\2.9.4-nightly-20150209\lwjgl-2.9.4-nightly-20150209.jar has a security seal for path org.lwjgl, but that path is defined and not secure
[14:22:47] [Client thread/ERROR]: The jar file C:\Users\matts\curseforge\minecraft\Install\libraries\org\lwjgl\lwjgl\lwjgl\2.9.4-nightly-20150209\lwjgl-2.9.4-nightly-20150209.jar has a security seal for path org.lwjgl, but that path is defined and not secure
[14:22:47] [Client thread/ERROR]: The jar file C:\Users\matts\curseforge\minecraft\Install\libraries\org\lwjgl\lwjgl\lwjgl\2.9.4-nightly-20150209\lwjgl-2.9.4-nightly-20150209.jar has a security seal for path org.lwjgl, but that path is defined and not secure
[14:22:47] [Client thread/ERROR]: The jar file C:\Users\matts\curseforge\minecraft\Install\libraries\org\lwjgl\lwjgl\lwjgl\2.9.4-nightly-20150209\lwjgl-2.9.4-nightly-20150209.jar has a security seal for path org.lwjgl.input, but that path is defined and not secure
[14:22:47] [Client thread/ERROR]: The jar file C:\Users\matts\curseforge\minecraft\Install\libraries\org\lwjgl\lwjgl\lwjgl\2.9.4-nightly-20150209\lwjgl-2.9.4-nightly-20150209.jar has a security seal for path org.lwjgl.input, but that path is defined and not secure
[14:22:47] [Client thread/ERROR]: The jar file C:\Users\matts\curseforge\minecraft\Install\libraries\org\lwjgl\lwjgl\lwjgl\2.9.4-nightly-20150209\lwjgl-2.9.4-nightly-20150209.jar has a security seal for path org.lwjgl.input, but that path is defined and not secure
[14:22:47] [Client thread/ERROR]: The jar file C:\Users\matts\curseforge\minecraft\Install\libraries\org\lwjgl\lwjgl\lwjgl\2.9.4-nightly-20150209\lwjgl-2.9.4-nightly-20150209.jar has a security seal for path org.lwjgl.input, but that path is defined and not secure
[14:22:47] [Client thread/ERROR]: The jar file C:\Users\matts\curseforge\minecraft\Install\libraries\org\lwjgl\lwjgl\lwjgl\2.9.4-nightly-20150209\lwjgl-2.9.4-nightly-20150209.jar has a security seal for path org.lwjgl.opengl, but that path is defined and not secure
[14:22:47] [Client thread/ERROR]: The jar file C:\Users\matts\curseforge\minecraft\Install\libraries\org\lwjgl\lwjgl\lwjgl\2.9.4-nightly-20150209\lwjgl-2.9.4-nightly-20150209.jar has a security seal for path org.lwjgl.opengl, but that path is defined and not secure
[14:22:47] [Client thread/ERROR]: The jar file C:\Users\matts\curseforge\minecraft\Install\libraries\org\lwjgl\lwjgl\lwjgl\2.9.4-nightly-20150209\lwjgl-2.9.4-nightly-20150209.jar has a security seal for path org.lwjgl.input, but that path is defined and not secure
[14:22:47] [Client thread/ERROR]: The jar file C:\Users\matts\curseforge\minecraft\Install\libraries\org\lwjgl\lwjgl\lwjgl\2.9.4-nightly-20150209\lwjgl-2.9.4-nightly-20150209.jar has a security seal for path org.lwjgl.input, but that path is defined and not secure
[14:22:47] [Client thread/ERROR]: The jar file C:\Users\matts\curseforge\minecraft\Install\libraries\org\lwjgl\lwjgl\lwjgl\2.9.4-nightly-20150209\lwjgl-2.9.4-nightly-20150209.jar has a security seal for path org.lwjgl.opengl, but that path is defined and not secure
[14:22:47] [Client thread/ERROR]: The jar file C:\Users\matts\curseforge\minecraft\Install\libraries\org\lwjgl\lwjgl\lwjgl\2.9.4-nightly-20150209\lwjgl-2.9.4-nightly-20150209.jar has a security seal for path org.lwjgl.opengl, but that path is defined and not secure
[14:22:47] [Client thread/ERROR]: The jar file C:\Users\matts\curseforge\minecraft\Install\libraries\org\lwjgl\lwjgl\lwjgl\2.9.4-nightly-20150209\lwjgl-2.9.4-nightly-20150209.jar has a security seal for path org.lwjgl.opengl, but that path is defined and not secure
[14:22:47] [Client thread/ERROR]: The jar file C:\Users\matts\curseforge\minecraft\Install\libraries\org\lwjgl\lwjgl\lwjgl\2.9.4-nightly-20150209\lwjgl-2.9.4-nightly-20150209.jar has a security seal for path org.lwjgl.opengl, but that path is defined and not secure
[14:22:47] [Client thread/ERROR]: The jar file C:\Users\matts\curseforge\minecraft\Install\libraries\org\lwjgl\lwjgl\lwjgl\2.9.4-nightly-20150209\lwjgl-2.9.4-nightly-20150209.jar has a security seal for path org.lwjgl.opengl, but that path is defined and not secure
[14:22:47] [Client thread/ERROR]: The jar file C:\Users\matts\curseforge\minecraft\Install\libraries\org\lwjgl\lwjgl\lwjgl\2.9.4-nightly-20150209\lwjgl-2.9.4-nightly-20150209.jar has a security seal for path org.lwjgl.opengl, but that path is defined and not secure
[14:22:47] [Client thread/ERROR]: The jar file C:\Users\matts\curseforge\minecraft\Install\libraries\org\lwjgl\lwjgl\lwjgl\2.9.4-nightly-20150209\lwjgl-2.9.4-nightly-20150209.jar has a security seal for path org.lwjgl.opengl, but that path is defined and not secure
[14:22:47] [Client thread/ERROR]: The jar file C:\Users\matts\curseforge\minecraft\Install\libraries\org\lwjgl\lwjgl\lwjgl\2.9.4-nightly-20150209\lwjgl-2.9.4-nightly-20150209.jar has a security seal for path org.lwjgl.opengl, but that path is defined and not secure
[14:22:47] [Client thread/ERROR]: The jar file C:\Users\matts\curseforge\minecraft\Install\libraries\org\lwjgl\lwjgl\lwjgl\2.9.4-nightly-20150209\lwjgl-2.9.4-nightly-20150209.jar has a security seal for path org.lwjgl.opengl, but that path is defined and not secure
[14:22:47] [Client thread/ERROR]: The jar file C:\Users\matts\curseforge\minecraft\Install\libraries\org\lwjgl\lwjgl\lwjgl\2.9.4-nightly-20150209\lwjgl-2.9.4-nightly-20150209.jar has a security seal for path org.lwjgl.opengl, but that path is defined and not secure
[14:22:47] [Client thread/ERROR]: The jar file C:\Users\matts\curseforge\minecraft\Install\libraries\org\lwjgl\lwjgl\lwjgl\2.9.4-nightly-20150209\lwjgl-2.9.4-nightly-20150209.jar has a security seal for path org.lwjgl.opengl, but that path is defined and not secure
[14:22:47] [Client thread/ERROR]: The jar file C:\Users\matts\curseforge\minecraft\Install\libraries\org\lwjgl\lwjgl\lwjgl\2.9.4-nightly-20150209\lwjgl-2.9.4-nightly-20150209.jar has a security seal for path org.lwjgl.opengl, but that path is defined and not secure
[14:22:47] [Client thread/ERROR]: The jar file C:\Users\matts\curseforge\minecraft\Install\libraries\org\lwjgl\lwjgl\lwjgl\2.9.4-nightly-20150209\lwjgl-2.9.4-nightly-20150209.jar has a security seal for path org.lwjgl.opengl, but that path is defined and not secure
[14:22:47] [Client thread/ERROR]: The jar file C:\Users\matts\curseforge\minecraft\Install\libraries\org\lwjgl\lwjgl\lwjgl\2.9.4-nightly-20150209\lwjgl-2.9.4-nightly-20150209.jar has a security seal for path org.lwjgl, but that path is defined and not secure
[14:22:47] [Client thread/ERROR]: The jar file C:\Users\matts\curseforge\minecraft\Install\libraries\org\lwjgl\lwjgl\lwjgl\2.9.4-nightly-20150209\lwjgl-2.9.4-nightly-20150209.jar has a security seal for path org.lwjgl.opengl, but that path is defined and not secure
[14:22:47] [Client thread/ERROR]: The jar file C:\Users\matts\curseforge\minecraft\Install\libraries\org\lwjgl\lwjgl\lwjgl\2.9.4-nightly-20150209\lwjgl-2.9.4-nightly-20150209.jar has a security seal for path org.lwjgl.opengl, but that path is defined and not secure
[14:22:47] [Client thread/ERROR]: The jar file C:\Users\matts\curseforge\minecraft\Install\libraries\org\lwjgl\lwjgl\lwjgl\2.9.4-nightly-20150209\lwjgl-2.9.4-nightly-20150209.jar has a security seal for path org.lwjgl.opengl, but that path is defined and not secure
[14:22:47] [Client thread/ERROR]: The jar file C:\Users\matts\curseforge\minecraft\Install\libraries\org\lwjgl\lwjgl\lwjgl\2.9.4-nightly-20150209\lwjgl-2.9.4-nightly-20150209.jar has a security seal for path org.lwjgl.opengl, but that path is defined and not secure
[14:22:47] [Client thread/ERROR]: The jar file C:\Users\matts\curseforge\minecraft\Install\libraries\org\lwjgl\lwjgl\lwjgl\2.9.4-nightly-20150209\lwjgl-2.9.4-nightly-20150209.jar has a security seal for path org.lwjgl.input, but that path is defined and not secure
[14:22:47] [Client thread/WARN]: =============================================================
[14:22:47] [Client thread/WARN]: MOD HAS DIRECT REFERENCE System.exit() THIS IS NOT ALLOWED REROUTING TO FML!
[14:22:47] [Client thread/WARN]: Offendor: com/sun/jna/Native.main([Ljava/lang/String;)V
[14:22:47] [Client thread/WARN]: Use FMLCommonHandler.exitJava instead
[14:22:47] [Client thread/WARN]: =============================================================
[14:22:47] [Client thread/ERROR]: The jar file C:\Users\matts\curseforge\minecraft\Install\libraries\org\lwjgl\lwjgl\lwjgl\2.9.4-nightly-20150209\lwjgl-2.9.4-nightly-20150209.jar has a security seal for path org.lwjgl.opengl, but that path is defined and not secure
[14:22:47] [Client thread/INFO]: [net.minecraftforge.fml.client.SplashProgress:start:246]: ---- Minecraft Crash Report ----

WARNING: coremods are present:
Contact their authors BEFORE contacting forge

// Shall we play a game?

Time: 9/10/25 2:22 PM
Description: Loading screen debug info

This is just a prompt for computer specs to be printed. THIS IS NOT A ERROR


A detailed walkthrough of the error, its code path and all known details is as follows:
---------------------------------------------------------------------------------------

-- System Details --
Details:
	Minecraft Version: 1.8.9
	Operating System: Windows 10 (amd64) version 10.0
	Java Version: 1.8.0_51, Oracle Corporation
	Java VM Version: Java HotSpot(TM) 64-Bit Server VM (mixed mode), Oracle Corporation
	Memory: 408956608 bytes (390 MB) / 739770368 bytes (705 MB) up to 22161129472 bytes (21134 MB)
	JVM Flags: 3 total; -XX:HeapDumpPath=MojangTricksIntelDriversForPerformance_javaw.exe_minecraft.exe.heapdump -Xmx23776m -Xms256m
	IntCache: cache: 0, tcache: 0, allocated: 0, tallocated: 0
	FML: 
	Loaded coremods (and transformers): 
	GL info: ' Vendor: 'NVIDIA Corporation' Version: '4.6.0 NVIDIA 577.00' Renderer: 'NVIDIA GeForce RTX 4070 Ti SUPER/PCIe/SSE2'
[14:22:47] [Client thread/ERROR]: The jar file C:\Users\matts\curseforge\minecraft\Install\libraries\org\lwjgl\lwjgl\lwjgl\2.9.4-nightly-20150209\lwjgl-2.9.4-nightly-20150209.jar has a security seal for path org.lwjgl.opengl, but that path is defined and not secure
[14:22:47] [Client thread/INFO]: MinecraftForge v11.15.1.2318 Initialized
[14:22:47] [Client thread/INFO]: Replaced 229 ore recipies
[14:22:48] [Thread-8/ERROR]: The jar file C:\Users\matts\curseforge\minecraft\Install\libraries\org\lwjgl\lwjgl\lwjgl\2.9.4-nightly-20150209\lwjgl-2.9.4-nightly-20150209.jar has a security seal for path org.lwjgl.opengl, but that path is defined and not secure
[14:22:48] [Thread-8/ERROR]: The jar file C:\Users\matts\curseforge\minecraft\Install\libraries\org\lwjgl\lwjgl\lwjgl\2.9.4-nightly-20150209\lwjgl-2.9.4-nightly-20150209.jar has a security seal for path org.lwjgl.opengl, but that path is defined and not secure
[14:22:48] [Thread-8/ERROR]: The jar file C:\Users\matts\curseforge\minecraft\Install\libraries\org\lwjgl\lwjgl\lwjgl\2.9.4-nightly-20150209\lwjgl-2.9.4-nightly-20150209.jar has a security seal for path org.lwjgl.opengl, but that path is defined and not secure
[14:22:48] [Client thread/INFO]: Found 0 mods from the command line. Injecting into mod discoverer
[14:22:48] [Client thread/INFO]: Searching C:\Users\matts\curseforge\minecraft\Instances\test chatlog\mods for mods
[14:22:49] [Client thread/WARN]: Mod MumbleLink is missing the required element 'version' and a version.properties file could not be found. Falling back to metadata version 1.8.9-4.1.4
[14:22:49] [Client thread/WARN]: Mod ExtendedPASupport is missing the required element 'version' and a version.properties file could not be found. Falling back to metadata version 1.0.0
[14:22:49] [Client thread/INFO]: Forge Mod Loader has identified 7 mods to load
[14:22:49] [Client thread/INFO]: Attempting connection with missing mods [mcp, FML, Forge, oneconfig, evergreenhud, MumbleLink, ExtendedPASupport] at CLIENT
[14:22:49] [Client thread/INFO]: Attempting connection with missing mods [mcp, FML, Forge, oneconfig, evergreenhud, MumbleLink, ExtendedPASupport] at SERVER
[14:22:49] [Client thread/INFO]: Reloading ResourceManager: Default, FMLFileResourcePack:Forge Mod Loader, FMLFileResourcePack:Minecraft Forge, FMLFileResourcePack:OneConfig, FMLFileResourcePack:EvergreenHUD, FMLFileResourcePack:MumbleLink for Forge, FMLFileResourcePack:ExtendedPASupport for MumbleLink, ! §cRose Revamp §7[32x].zip
[14:22:49] [Client thread/INFO]: Processing ObjectHolder annotations
[14:22:49] [Client thread/INFO]: Found 384 ObjectHolder annotations
[14:22:49] [Client thread/INFO]: Identifying ItemStackHolder annotations
[14:22:49] [Client thread/INFO]: Found 0 ItemStackHolder annotations
[14:22:49] [Client thread/INFO]: Configured a dormant chunk cache size of 0
[14:22:49] [Forge Version Check/INFO]: [Forge] Starting version check at http://files.minecraftforge.net/maven/net/minecraftforge/forge/promotions_slim.json
[14:22:49] [Client thread/INFO]: Applying holder lookups
[14:22:49] [Client thread/INFO]: Holder lookups applied
[14:22:49] [Client thread/INFO]: Injecting itemstacks
[14:22:49] [Client thread/INFO]: Itemstack injection complete
[14:22:49] [Sound Library Loader/INFO]: Starting up SoundSystem...
[14:22:49] [Thread-10/INFO]: Initializing LWJGL OpenAL
[14:22:49] [Thread-10/INFO]: (The LWJGL binding of OpenAL.  For more information, see http://www.lwjgl.org)
[14:22:49] [Thread-10/ERROR]: The jar file C:\Users\matts\curseforge\minecraft\Install\libraries\org\lwjgl\lwjgl\lwjgl\2.9.4-nightly-20150209\lwjgl-2.9.4-nightly-20150209.jar has a security seal for path org.lwjgl, but that path is defined and not secure
[14:22:49] [Thread-10/ERROR]: The jar file C:\Users\matts\curseforge\minecraft\Install\libraries\org\lwjgl\lwjgl\lwjgl\2.9.4-nightly-20150209\lwjgl-2.9.4-nightly-20150209.jar has a security seal for path org.lwjgl.openal, but that path is defined and not secure
[14:22:49] [Thread-10/ERROR]: The jar file C:\Users\matts\curseforge\minecraft\Install\libraries\org\lwjgl\lwjgl\lwjgl\2.9.4-nightly-20150209\lwjgl-2.9.4-nightly-20150209.jar has a security seal for path org.lwjgl.openal, but that path is defined and not secure
[14:22:49] [Thread-10/ERROR]: The jar file C:\Users\matts\curseforge\minecraft\Install\libraries\org\lwjgl\lwjgl\lwjgl\2.9.4-nightly-20150209\lwjgl-2.9.4-nightly-20150209.jar has a security seal for path org.lwjgl.openal, but that path is defined and not secure
[14:22:49] [Thread-10/ERROR]: The jar file C:\Users\matts\curseforge\minecraft\Install\libraries\org\lwjgl\lwjgl\lwjgl\2.9.4-nightly-20150209\lwjgl-2.9.4-nightly-20150209.jar has a security seal for path org.lwjgl.openal, but that path is defined and not secure
[14:22:49] [Thread-10/ERROR]: The jar file C:\Users\matts\curseforge\minecraft\Install\libraries\org\lwjgl\lwjgl\lwjgl\2.9.4-nightly-20150209\lwjgl-2.9.4-nightly-20150209.jar has a security seal for path org.lwjgl.openal, but that path is defined and not secure
[14:22:49] [Thread-10/ERROR]: The jar file C:\Users\matts\curseforge\minecraft\Install\libraries\org\lwjgl\lwjgl\lwjgl\2.9.4-nightly-20150209\lwjgl-2.9.4-nightly-20150209.jar has a security seal for path org.lwjgl.openal, but that path is defined and not secure
[14:22:50] [Thread-10/ERROR]: The jar file C:\Users\matts\curseforge\minecraft\Install\libraries\org\lwjgl\lwjgl\lwjgl\2.9.4-nightly-20150209\lwjgl-2.9.4-nightly-20150209.jar has a security seal for path org.lwjgl.openal, but that path is defined and not secure
[14:22:50] [Thread-10/ERROR]: The jar file C:\Users\matts\curseforge\minecraft\Install\libraries\org\lwjgl\lwjgl\lwjgl\2.9.4-nightly-20150209\lwjgl-2.9.4-nightly-20150209.jar has a security seal for path org.lwjgl.openal, but that path is defined and not secure
[14:22:50] [Thread-10/ERROR]: The jar file C:\Users\matts\curseforge\minecraft\Install\libraries\org\lwjgl\lwjgl\lwjgl\2.9.4-nightly-20150209\lwjgl-2.9.4-nightly-20150209.jar has a security seal for path org.lwjgl.openal, but that path is defined and not secure
[14:22:50] [Thread-10/INFO]: OpenAL initialized.
[14:22:50] [Sound Library Loader/INFO]: Sound engine started
[14:22:50] [Client thread/INFO]: Max texture size: 16384
[14:22:50] [Client thread/INFO]: Created: 16x16 textures-atlas
[14:22:50] [Client thread/INFO]: Mixing RendererLivingEntityMixin from mixins.evergreenhud.json into net.minecraft.client.renderer.entity.RendererLivingEntity
[14:22:50] [Client thread/INFO]: Mixing EntityRendererMixin from mixins.oneconfig.json into net.minecraft.client.renderer.EntityRenderer
[14:22:50] [Client thread/INFO]: Mixing HUDUtilsMixin from mixins.evergreenhud.json into cc.polyfrost.oneconfig.hud.HUDUtils
[14:22:51] [Client thread/INFO]: Loading library 'LinkAPI' from: C:\Users\matts\AppData\Local\Temp\MumbleLink1077291426055059250native
[14:22:51] [Client thread/INFO]: Injecting itemstacks
[14:22:51] [Client thread/INFO]: Itemstack injection complete
[14:22:51] [Client thread/INFO]: Forge Mod Loader has successfully loaded 7 mods
[14:22:51] [Client thread/INFO]: Reloading ResourceManager: Default, FMLFileResourcePack:Forge Mod Loader, FMLFileResourcePack:Minecraft Forge, FMLFileResourcePack:OneConfig, FMLFileResourcePack:EvergreenHUD, FMLFileResourcePack:MumbleLink for Forge, FMLFileResourcePack:ExtendedPASupport for MumbleLink, ! §cRose Revamp §7[32x].zip
[14:22:51] [Client thread/INFO]: SoundSystem shutting down...
[14:22:51] [Client thread/WARN]: Author: Paul Lamb, www.paulscode.com
[14:22:51] [Sound Library Loader/INFO]: Starting up SoundSystem...
[14:22:51] [Thread-14/INFO]: Initializing LWJGL OpenAL
[14:22:51] [Thread-14/INFO]: (The LWJGL binding of OpenAL.  For more information, see http://www.lwjgl.org)
[14:22:51] [Thread-14/INFO]: OpenAL initialized.
[14:22:52] [Client thread/INFO]: Max texture size: 16384
[14:22:52] [Sound Library Loader/INFO]: Sound engine started
[14:22:52] [Client thread/INFO]: Created: 1024x1024 textures-atlas
[14:22:52] [Client thread/INFO]: [ChatLog/TWK]Transformer called for class avt
[14:22:52] [Client thread/INFO]: [ChatLog/TWK]Initialized. Now looking through methods...
[14:22:52] [Client thread/INFO]: [ChatLog/TWK]Found method a(Leu;I)V
[14:22:52] [Client thread/INFO]: [ChatLog/TWK]Found a return in above method, creating instruction list
[14:22:52] [Client thread/INFO]: [ChatLog/TWK]Injecting instructions into method...
[14:22:52] [Client thread/INFO]: [ChatLog/TWK]Instructions successfully injected!
[14:22:52] [Client thread/INFO]: [ChatLog/TWK]Preparing class writer...
[14:22:52] [Client thread/INFO]: [ChatLog/TWK]Returning modified class to the game tweaker
[14:22:53] [Client thread/INFO]: Mixing ShaderGroupAccessor from mixins.oneconfig.json into net.minecraft.client.shader.ShaderGroup
[14:22:53] [Client thread/ERROR]: The jar file C:\Users\matts\curseforge\minecraft\Install\libraries\org\lwjgl\lwjgl\lwjgl\2.9.4-nightly-20150209\lwjgl-2.9.4-nightly-20150209.jar has a security seal for path org.lwjgl.opengl, but that path is defined and not secure
[14:22:53] [Client thread/ERROR]: The jar file C:\Users\matts\curseforge\minecraft\Install\libraries\org\lwjgl\lwjgl\lwjgl\2.9.4-nightly-20150209\lwjgl-2.9.4-nightly-20150209.jar has a security seal for path org.lwjgl.opengl, but that path is defined and not secure
[14:22:53] [Client thread/ERROR]: The jar file C:\Users\matts\curseforge\minecraft\Install\libraries\org\lwjgl\lwjgl\lwjgl\2.9.4-nightly-20150209\lwjgl-2.9.4-nightly-20150209.jar has a security seal for path org.lwjgl.opengl, but that path is defined and not secure
[14:22:54] [Server Pinger #0/INFO]: Mixing NetworkManagerMixin from mixins.oneconfig.json into net.minecraft.network.NetworkManager
[14:22:55] [Netty Client IO #0/INFO]: Attempting connection with missing mods [mcp, FML, Forge, oneconfig, evergreenhud, MumbleLink, ExtendedPASupport] at SERVER
[14:22:56] [Client thread/INFO]: Connecting to mc.uhcworld.fr, 25565
[14:22:57] [Netty Client IO #1/INFO]: Unexpected packet during modded negotiation - assuming vanilla or keepalives : net.minecraft.network.play.server.S47PacketPlayerListHeaderFooter
[14:22:57] [Netty Client IO #1/INFO]: Aborting client handshake "VANILLA"
[14:22:57] [Netty Client IO #1/INFO]: [Netty Client IO #1] Client side vanilla connection established
[14:22:57] [Client thread/INFO]: [CHAT] ? ? Il est encore temps de vous reconnecter à votre précédente partie !
[SE RECONNECTER]
[14:22:57] [Client thread/INFO]: [ChatLog/TWK]Initializing ChatLog...
[14:22:57] [Client thread/INFO]: [ChatLog/TWK]Initializing themes...
[14:22:57] [Client thread/INFO]: [ChatLog/TWK]Themes initialized.
[14:22:57] [Client thread/INFO]: [ChatLog/TWK]Reading configuration file...
[14:22:57] [Client thread/INFO]: [ChatLog/TWK]Initialized.
[14:22:57] [Client thread/INFO]: Mixing ForgeHooksMixin from mixins.evergreenhud.json into net.minecraftforge.common.ForgeHooks
[14:22:57] [Client thread/FATAL]: Error executing task
java.util.concurrent.ExecutionException: java.lang.NullPointerException
	at java.util.concurrent.FutureTask.report(FutureTask.java:122) ~[?:1.8.0_51]
	at java.util.concurrent.FutureTask.get(FutureTask.java:192) ~[?:1.8.0_51]
	at net.minecraft.util.Util.func_181617_a(SourceFile:45) [g.class:?]
	at net.minecraft.client.Minecraft.func_71411_J(Minecraft.java:1014) [ave.class:?]
	at net.minecraft.client.Minecraft.func_99999_d(Minecraft.java:349) [ave.class:?]
	at net.minecraft.client.main.Main.main(SourceFile:124) [Main.class:?]
	at sun.reflect.NativeMethodAccessorImpl.invoke0(Native Method) ~[?:1.8.0_51]
	at sun.reflect.NativeMethodAccessorImpl.invoke(NativeMethodAccessorImpl.java:62) ~[?:1.8.0_51]
	at sun.reflect.DelegatingMethodAccessorImpl.invoke(DelegatingMethodAccessorImpl.java:43) ~[?:1.8.0_51]
	at java.lang.reflect.Method.invoke(Method.java:497) ~[?:1.8.0_51]
	at net.minecraft.launchwrapper.Launch.launch(Launch.java:135) [launchwrapper-1.12.jar:?]
	at net.minecraft.launchwrapper.Launch.main(Launch.java:28) [launchwrapper-1.12.jar:?]
Caused by: java.lang.NullPointerException
	at net.minecraft.network.play.server.S0CPacketSpawnPlayer.func_148944_c(SourceFile:80) ~[fp.class:?]
	at net.minecraft.client.network.NetHandlerPlayClient.func_147237_a(NetHandlerPlayClient.java:501) ~[bcy.class:?]
	at net.minecraft.network.play.server.S0CPacketSpawnPlayer.func_148833_a(SourceFile:75) ~[fp.class:?]
	at net.minecraft.network.play.server.S0CPacketSpawnPlayer.func_148833_a(SourceFile:16) ~[fp.class:?]
	at net.minecraft.network.PacketThreadUtil$1.run(SourceFile:13) ~[fh$1.class:?]
	at java.util.concurrent.Executors$RunnableAdapter.call(Executors.java:511) ~[?:1.8.0_51]
	at java.util.concurrent.FutureTask.run(FutureTask.java:266) ~[?:1.8.0_51]
	at net.minecraft.util.Util.func_181617_a(SourceFile:44) ~[g.class:?]
	... 9 more
[14:22:57] [Client thread/FATAL]: Error executing task
java.util.concurrent.ExecutionException: java.lang.IllegalArgumentException: A team with the name 'citizen_team' already exists!
	at java.util.concurrent.FutureTask.report(FutureTask.java:122) ~[?:1.8.0_51]
	at java.util.concurrent.FutureTask.get(FutureTask.java:192) ~[?:1.8.0_51]
	at net.minecraft.util.Util.func_181617_a(SourceFile:45) [g.class:?]
	at net.minecraft.client.Minecraft.func_71411_J(Minecraft.java:1014) [ave.class:?]
	at net.minecraft.client.Minecraft.func_99999_d(Minecraft.java:349) [ave.class:?]
	at net.minecraft.client.main.Main.main(SourceFile:124) [Main.class:?]
	at sun.reflect.NativeMethodAccessorImpl.invoke0(Native Method) ~[?:1.8.0_51]
	at sun.reflect.NativeMethodAccessorImpl.invoke(NativeMethodAccessorImpl.java:62) ~[?:1.8.0_51]
	at sun.reflect.DelegatingMethodAccessorImpl.invoke(DelegatingMethodAccessorImpl.java:43) ~[?:1.8.0_51]
	at java.lang.reflect.Method.invoke(Method.java:497) ~[?:1.8.0_51]
	at net.minecraft.launchwrapper.Launch.launch(Launch.java:135) [launchwrapper-1.12.jar:?]
	at net.minecraft.launchwrapper.Launch.main(Launch.java:28) [launchwrapper-1.12.jar:?]
Caused by: java.lang.IllegalArgumentException: A team with the name 'citizen_team' already exists!
	at net.minecraft.scoreboard.Scoreboard.func_96527_f(SourceFile:218) ~[auo.class:?]
	at net.minecraft.client.network.NetHandlerPlayClient.func_147247_a(NetHandlerPlayClient.java:1773) ~[bcy.class:?]
	at net.minecraft.network.play.server.S3EPacketTeams.func_148833_a(SourceFile:113) ~[hr.class:?]
	at net.minecraft.network.play.server.S3EPacketTeams.func_148833_a(SourceFile:13) ~[hr.class:?]
	at net.minecraft.network.PacketThreadUtil$1.run(SourceFile:13) ~[fh$1.class:?]
	at java.util.concurrent.Executors$RunnableAdapter.call(Executors.java:511) ~[?:1.8.0_51]
	at java.util.concurrent.FutureTask.run(FutureTask.java:266) ~[?:1.8.0_51]
	at net.minecraft.util.Util.func_181617_a(SourceFile:44) ~[g.class:?]
	... 9 more
[14:22:57] [Client thread/FATAL]: Error executing task
java.util.concurrent.ExecutionException: java.lang.NullPointerException
	at java.util.concurrent.FutureTask.report(FutureTask.java:122) ~[?:1.8.0_51]
	at java.util.concurrent.FutureTask.get(FutureTask.java:192) ~[?:1.8.0_51]
	at net.minecraft.util.Util.func_181617_a(SourceFile:45) [g.class:?]
	at net.minecraft.client.Minecraft.func_71411_J(Minecraft.java:1014) [ave.class:?]
	at net.minecraft.client.Minecraft.func_99999_d(Minecraft.java:349) [ave.class:?]
	at net.minecraft.client.main.Main.main(SourceFile:124) [Main.class:?]
	at sun.reflect.NativeMethodAccessorImpl.invoke0(Native Method) ~[?:1.8.0_51]
	at sun.reflect.NativeMethodAccessorImpl.invoke(NativeMethodAccessorImpl.java:62) ~[?:1.8.0_51]
	at sun.reflect.DelegatingMethodAccessorImpl.invoke(DelegatingMethodAccessorImpl.java:43) ~[?:1.8.0_51]
	at java.lang.reflect.Method.invoke(Method.java:497) ~[?:1.8.0_51]
	at net.minecraft.launchwrapper.Launch.launch(Launch.java:135) [launchwrapper-1.12.jar:?]
	at net.minecraft.launchwrapper.Launch.main(Launch.java:28) [launchwrapper-1.12.jar:?]
Caused by: java.lang.NullPointerException
	at net.minecraft.network.play.server.S0CPacketSpawnPlayer.func_148944_c(SourceFile:80) ~[fp.class:?]
	at net.minecraft.client.network.NetHandlerPlayClient.func_147237_a(NetHandlerPlayClient.java:501) ~[bcy.class:?]
	at net.minecraft.network.play.server.S0CPacketSpawnPlayer.func_148833_a(SourceFile:75) ~[fp.class:?]
	at net.minecraft.network.play.server.S0CPacketSpawnPlayer.func_148833_a(SourceFile:16) ~[fp.class:?]
	at net.minecraft.network.PacketThreadUtil$1.run(SourceFile:13) ~[fh$1.class:?]
	at java.util.concurrent.Executors$RunnableAdapter.call(Executors.java:511) ~[?:1.8.0_51]
	at java.util.concurrent.FutureTask.run(FutureTask.java:266) ~[?:1.8.0_51]
	at net.minecraft.util.Util.func_181617_a(SourceFile:44) ~[g.class:?]
	... 9 more
[14:22:58] [Client thread/FATAL]: Error executing task
java.util.concurrent.ExecutionException: java.lang.NullPointerException
	at java.util.concurrent.FutureTask.report(FutureTask.java:122) ~[?:1.8.0_51]
	at java.util.concurrent.FutureTask.get(FutureTask.java:192) ~[?:1.8.0_51]
	at net.minecraft.util.Util.func_181617_a(SourceFile:45) [g.class:?]
	at net.minecraft.client.Minecraft.func_71411_J(Minecraft.java:1014) [ave.class:?]
	at net.minecraft.client.Minecraft.func_99999_d(Minecraft.java:349) [ave.class:?]
	at net.minecraft.client.main.Main.main(SourceFile:124) [Main.class:?]
	at sun.reflect.NativeMethodAccessorImpl.invoke0(Native Method) ~[?:1.8.0_51]
	at sun.reflect.NativeMethodAccessorImpl.invoke(NativeMethodAccessorImpl.java:62) ~[?:1.8.0_51]
	at sun.reflect.DelegatingMethodAccessorImpl.invoke(DelegatingMethodAccessorImpl.java:43) ~[?:1.8.0_51]
	at java.lang.reflect.Method.invoke(Method.java:497) ~[?:1.8.0_51]
	at net.minecraft.launchwrapper.Launch.launch(Launch.java:135) [launchwrapper-1.12.jar:?]
	at net.minecraft.launchwrapper.Launch.main(Launch.java:28) [launchwrapper-1.12.jar:?]
Caused by: java.lang.NullPointerException
	at net.minecraft.network.play.server.S0FPacketSpawnMob.func_149027_c(SourceFile:114) ~[fn.class:?]
	at net.minecraft.client.network.NetHandlerPlayClient.func_147281_a(NetHandlerPlayClient.java:840) ~[bcy.class:?]
	at net.minecraft.network.play.server.S0FPacketSpawnMob.func_148833_a(SourceFile:109) ~[fn.class:?]
	at net.minecraft.network.play.server.S0FPacketSpawnMob.func_148833_a(SourceFile:15) ~[fn.class:?]
	at net.minecraft.network.PacketThreadUtil$1.run(SourceFile:13) ~[fh$1.class:?]
	at java.util.concurrent.Executors$RunnableAdapter.call(Executors.java:511) ~[?:1.8.0_51]
	at java.util.concurrent.FutureTask.run(FutureTask.java:266) ~[?:1.8.0_51]
	at net.minecraft.util.Util.func_181617_a(SourceFile:44) ~[g.class:?]
	... 9 more
[14:22:59] [Client thread/ERROR]: The jar file C:\Users\matts\curseforge\minecraft\Install\libraries\org\lwjgl\lwjgl\lwjgl\2.9.4-nightly-20150209\lwjgl-2.9.4-nightly-20150209.jar has a security seal for path org.lwjgl.opengl, but that path is defined and not secure
[14:23:01] [Client thread/FATAL]: Error executing task
java.util.concurrent.ExecutionException: java.lang.IllegalArgumentException: A team with the name 'citizen_team' already exists!
	at java.util.concurrent.FutureTask.report(FutureTask.java:122) ~[?:1.8.0_51]
	at java.util.concurrent.FutureTask.get(FutureTask.java:192) ~[?:1.8.0_51]
	at net.minecraft.util.Util.func_181617_a(SourceFile:45) [g.class:?]
	at net.minecraft.client.Minecraft.func_71411_J(Minecraft.java:1014) [ave.class:?]
	at net.minecraft.client.Minecraft.func_99999_d(Minecraft.java:349) [ave.class:?]
	at net.minecraft.client.main.Main.main(SourceFile:124) [Main.class:?]
	at sun.reflect.NativeMethodAccessorImpl.invoke0(Native Method) ~[?:1.8.0_51]
	at sun.reflect.NativeMethodAccessorImpl.invoke(NativeMethodAccessorImpl.java:62) ~[?:1.8.0_51]
	at sun.reflect.DelegatingMethodAccessorImpl.invoke(DelegatingMethodAccessorImpl.java:43) ~[?:1.8.0_51]
	at java.lang.reflect.Method.invoke(Method.java:497) ~[?:1.8.0_51]
	at net.minecraft.launchwrapper.Launch.launch(Launch.java:135) [launchwrapper-1.12.jar:?]
	at net.minecraft.launchwrapper.Launch.main(Launch.java:28) [launchwrapper-1.12.jar:?]
Caused by: java.lang.IllegalArgumentException: A team with the name 'citizen_team' already exists!
	at net.minecraft.scoreboard.Scoreboard.func_96527_f(SourceFile:218) ~[auo.class:?]
	at net.minecraft.client.network.NetHandlerPlayClient.func_147247_a(NetHandlerPlayClient.java:1773) ~[bcy.class:?]
	at net.minecraft.network.play.server.S3EPacketTeams.func_148833_a(SourceFile:113) ~[hr.class:?]
	at net.minecraft.network.play.server.S3EPacketTeams.func_148833_a(SourceFile:13) ~[hr.class:?]
	at net.minecraft.network.PacketThreadUtil$1.run(SourceFile:13) ~[fh$1.class:?]
	at java.util.concurrent.Executors$RunnableAdapter.call(Executors.java:511) ~[?:1.8.0_51]
	at java.util.concurrent.FutureTask.run(FutureTask.java:266) ~[?:1.8.0_51]
	at net.minecraft.util.Util.func_181617_a(SourceFile:44) ~[g.class:?]
	... 9 more
[14:23:01] [Client thread/FATAL]: Error executing task
java.util.concurrent.ExecutionException: java.lang.NullPointerException
	at java.util.concurrent.FutureTask.report(FutureTask.java:122) ~[?:1.8.0_51]
	at java.util.concurrent.FutureTask.get(FutureTask.java:192) ~[?:1.8.0_51]
	at net.minecraft.util.Util.func_181617_a(SourceFile:45) [g.class:?]
	at net.minecraft.client.Minecraft.func_71411_J(Minecraft.java:1014) [ave.class:?]
	at net.minecraft.client.Minecraft.func_99999_d(Minecraft.java:349) [ave.class:?]
	at net.minecraft.client.main.Main.main(SourceFile:124) [Main.class:?]
	at sun.reflect.NativeMethodAccessorImpl.invoke0(Native Method) ~[?:1.8.0_51]
	at sun.reflect.NativeMethodAccessorImpl.invoke(NativeMethodAccessorImpl.java:62) ~[?:1.8.0_51]
	at sun.reflect.DelegatingMethodAccessorImpl.invoke(DelegatingMethodAccessorImpl.java:43) ~[?:1.8.0_51]
	at java.lang.reflect.Method.invoke(Method.java:497) ~[?:1.8.0_51]
	at net.minecraft.launchwrapper.Launch.launch(Launch.java:135) [launchwrapper-1.12.jar:?]
	at net.minecraft.launchwrapper.Launch.main(Launch.java:28) [launchwrapper-1.12.jar:?]
Caused by: java.lang.NullPointerException
	at net.minecraft.network.play.server.S0CPacketSpawnPlayer.func_148944_c(SourceFile:80) ~[fp.class:?]
	at net.minecraft.client.network.NetHandlerPlayClient.func_147237_a(NetHandlerPlayClient.java:501) ~[bcy.class:?]
	at net.minecraft.network.play.server.S0CPacketSpawnPlayer.func_148833_a(SourceFile:75) ~[fp.class:?]
	at net.minecraft.network.play.server.S0CPacketSpawnPlayer.func_148833_a(SourceFile:16) ~[fp.class:?]
	at net.minecraft.network.PacketThreadUtil$1.run(SourceFile:13) ~[fh$1.class:?]
	at java.util.concurrent.Executors$RunnableAdapter.call(Executors.java:511) ~[?:1.8.0_51]
	at java.util.concurrent.FutureTask.run(FutureTask.java:266) ~[?:1.8.0_51]
	at net.minecraft.util.Util.func_181617_a(SourceFile:44) ~[g.class:?]
	... 9 more
[14:23:01] [Client thread/ERROR]: The jar file C:\Users\matts\curseforge\minecraft\Install\libraries\org\lwjgl\lwjgl\lwjgl\2.9.4-nightly-20150209\lwjgl-2.9.4-nightly-20150209.jar has a security seal for path org.lwjgl.input, but that path is defined and not secure
[14:23:06] [Client thread/INFO]: [CHAT] Larquinos vient de lancer une partie de Loup-Garou UHC.
[14:23:10] [Client thread/INFO]: [CHAT] [?] Une demande pour rejoindre la partie a été envoyée. Vous y serez téléporté si jamais l'host accepte votre demande !
[14:23:19] [Client thread/FATAL]: Error executing task
java.util.concurrent.ExecutionException: java.lang.IllegalArgumentException: A team with the name 'citizen_team' already exists!
	at java.util.concurrent.FutureTask.report(FutureTask.java:122) ~[?:1.8.0_51]
	at java.util.concurrent.FutureTask.get(FutureTask.java:192) ~[?:1.8.0_51]
	at net.minecraft.util.Util.func_181617_a(SourceFile:45) [g.class:?]
	at net.minecraft.client.Minecraft.func_71411_J(Minecraft.java:1014) [ave.class:?]
	at net.minecraft.client.Minecraft.func_99999_d(Minecraft.java:349) [ave.class:?]
	at net.minecraft.client.main.Main.main(SourceFile:124) [Main.class:?]
	at sun.reflect.NativeMethodAccessorImpl.invoke0(Native Method) ~[?:1.8.0_51]
	at sun.reflect.NativeMethodAccessorImpl.invoke(NativeMethodAccessorImpl.java:62) ~[?:1.8.0_51]
	at sun.reflect.DelegatingMethodAccessorImpl.invoke(DelegatingMethodAccessorImpl.java:43) ~[?:1.8.0_51]
	at java.lang.reflect.Method.invoke(Method.java:497) ~[?:1.8.0_51]
	at net.minecraft.launchwrapper.Launch.launch(Launch.java:135) [launchwrapper-1.12.jar:?]
	at net.minecraft.launchwrapper.Launch.main(Launch.java:28) [launchwrapper-1.12.jar:?]
Caused by: java.lang.IllegalArgumentException: A team with the name 'citizen_team' already exists!
	at net.minecraft.scoreboard.Scoreboard.func_96527_f(SourceFile:218) ~[auo.class:?]
	at net.minecraft.client.network.NetHandlerPlayClient.func_147247_a(NetHandlerPlayClient.java:1773) ~[bcy.class:?]
	at net.minecraft.network.play.server.S3EPacketTeams.func_148833_a(SourceFile:113) ~[hr.class:?]
	at net.minecraft.network.play.server.S3EPacketTeams.func_148833_a(SourceFile:13) ~[hr.class:?]
	at net.minecraft.network.PacketThreadUtil$1.run(SourceFile:13) ~[fh$1.class:?]
	at java.util.concurrent.Executors$RunnableAdapter.call(Executors.java:511) ~[?:1.8.0_51]
	at java.util.concurrent.FutureTask.run(FutureTask.java:266) ~[?:1.8.0_51]
	at net.minecraft.util.Util.func_181617_a(SourceFile:44) ~[g.class:?]
	... 9 more
[14:23:19] [Client thread/FATAL]: Error executing task
java.util.concurrent.ExecutionException: java.lang.NullPointerException
	at java.util.concurrent.FutureTask.report(FutureTask.java:122) ~[?:1.8.0_51]
	at java.util.concurrent.FutureTask.get(FutureTask.java:192) ~[?:1.8.0_51]
	at net.minecraft.util.Util.func_181617_a(SourceFile:45) [g.class:?]
	at net.minecraft.client.Minecraft.func_71411_J(Minecraft.java:1014) [ave.class:?]
	at net.minecraft.client.Minecraft.func_99999_d(Minecraft.java:349) [ave.class:?]
	at net.minecraft.client.main.Main.main(SourceFile:124) [Main.class:?]
	at sun.reflect.NativeMethodAccessorImpl.invoke0(Native Method) ~[?:1.8.0_51]
	at sun.reflect.NativeMethodAccessorImpl.invoke(NativeMethodAccessorImpl.java:62) ~[?:1.8.0_51]
	at sun.reflect.DelegatingMethodAccessorImpl.invoke(DelegatingMethodAccessorImpl.java:43) ~[?:1.8.0_51]
	at java.lang.reflect.Method.invoke(Method.java:497) ~[?:1.8.0_51]
	at net.minecraft.launchwrapper.Launch.launch(Launch.java:135) [launchwrapper-1.12.jar:?]
	at net.minecraft.launchwrapper.Launch.main(Launch.java:28) [launchwrapper-1.12.jar:?]
Caused by: java.lang.NullPointerException
	at net.minecraft.network.play.server.S0CPacketSpawnPlayer.func_148944_c(SourceFile:80) ~[fp.class:?]
	at net.minecraft.client.network.NetHandlerPlayClient.func_147237_a(NetHandlerPlayClient.java:501) ~[bcy.class:?]
	at net.minecraft.network.play.server.S0CPacketSpawnPlayer.func_148833_a(SourceFile:75) ~[fp.class:?]
	at net.minecraft.network.play.server.S0CPacketSpawnPlayer.func_148833_a(SourceFile:16) ~[fp.class:?]
	at net.minecraft.network.PacketThreadUtil$1.run(SourceFile:13) ~[fh$1.class:?]
	at java.util.concurrent.Executors$RunnableAdapter.call(Executors.java:511) ~[?:1.8.0_51]
	at java.util.concurrent.FutureTask.run(FutureTask.java:266) ~[?:1.8.0_51]
	at net.minecraft.util.Util.func_181617_a(SourceFile:44) ~[g.class:?]
	... 9 more
[14:23:22] [Client thread/FATAL]: Error executing task
java.util.concurrent.ExecutionException: java.lang.NullPointerException
	at java.util.concurrent.FutureTask.report(FutureTask.java:122) ~[?:1.8.0_51]
	at java.util.concurrent.FutureTask.get(FutureTask.java:192) ~[?:1.8.0_51]
	at net.minecraft.util.Util.func_181617_a(SourceFile:45) [g.class:?]
	at net.minecraft.client.Minecraft.func_71411_J(Minecraft.java:1014) [ave.class:?]
	at net.minecraft.client.Minecraft.func_99999_d(Minecraft.java:349) [ave.class:?]
	at net.minecraft.client.main.Main.main(SourceFile:124) [Main.class:?]
	at sun.reflect.NativeMethodAccessorImpl.invoke0(Native Method) ~[?:1.8.0_51]
	at sun.reflect.NativeMethodAccessorImpl.invoke(NativeMethodAccessorImpl.java:62) ~[?:1.8.0_51]
	at sun.reflect.DelegatingMethodAccessorImpl.invoke(DelegatingMethodAccessorImpl.java:43) ~[?:1.8.0_51]
	at java.lang.reflect.Method.invoke(Method.java:497) ~[?:1.8.0_51]
	at net.minecraft.launchwrapper.Launch.launch(Launch.java:135) [launchwrapper-1.12.jar:?]
	at net.minecraft.launchwrapper.Launch.main(Launch.java:28) [launchwrapper-1.12.jar:?]
Caused by: java.lang.NullPointerException
	at net.minecraft.network.play.server.S0FPacketSpawnMob.func_149027_c(SourceFile:114) ~[fn.class:?]
	at net.minecraft.client.network.NetHandlerPlayClient.func_147281_a(NetHandlerPlayClient.java:840) ~[bcy.class:?]
	at net.minecraft.network.play.server.S0FPacketSpawnMob.func_148833_a(SourceFile:109) ~[fn.class:?]
	at net.minecraft.network.play.server.S0FPacketSpawnMob.func_148833_a(SourceFile:15) ~[fn.class:?]
	at net.minecraft.network.PacketThreadUtil$1.run(SourceFile:13) ~[fh$1.class:?]
	at java.util.concurrent.Executors$RunnableAdapter.call(Executors.java:511) ~[?:1.8.0_51]
	at java.util.concurrent.FutureTask.run(FutureTask.java:266) ~[?:1.8.0_51]
	at net.minecraft.util.Util.func_181617_a(SourceFile:44) ~[g.class:?]
	... 9 more
[14:23:22] [Client thread/FATAL]: Error executing task
java.util.concurrent.ExecutionException: java.lang.NullPointerException
	at java.util.concurrent.FutureTask.report(FutureTask.java:122) ~[?:1.8.0_51]
	at java.util.concurrent.FutureTask.get(FutureTask.java:192) ~[?:1.8.0_51]
	at net.minecraft.util.Util.func_181617_a(SourceFile:45) [g.class:?]
	at net.minecraft.client.Minecraft.func_71411_J(Minecraft.java:1014) [ave.class:?]
	at net.minecraft.client.Minecraft.func_99999_d(Minecraft.java:349) [ave.class:?]
	at net.minecraft.client.main.Main.main(SourceFile:124) [Main.class:?]
	at sun.reflect.NativeMethodAccessorImpl.invoke0(Native Method) ~[?:1.8.0_51]
	at sun.reflect.NativeMethodAccessorImpl.invoke(NativeMethodAccessorImpl.java:62) ~[?:1.8.0_51]
	at sun.reflect.DelegatingMethodAccessorImpl.invoke(DelegatingMethodAccessorImpl.java:43) ~[?:1.8.0_51]
	at java.lang.reflect.Method.invoke(Method.java:497) ~[?:1.8.0_51]
	at net.minecraft.launchwrapper.Launch.launch(Launch.java:135) [launchwrapper-1.12.jar:?]
	at net.minecraft.launchwrapper.Launch.main(Launch.java:28) [launchwrapper-1.12.jar:?]
Caused by: java.lang.NullPointerException
	at net.minecraft.network.play.server.S0FPacketSpawnMob.func_149027_c(SourceFile:114) ~[fn.class:?]
	at net.minecraft.client.network.NetHandlerPlayClient.func_147281_a(NetHandlerPlayClient.java:840) ~[bcy.class:?]
	at net.minecraft.network.play.server.S0FPacketSpawnMob.func_148833_a(SourceFile:109) ~[fn.class:?]
	at net.minecraft.network.play.server.S0FPacketSpawnMob.func_148833_a(SourceFile:15) ~[fn.class:?]
	at net.minecraft.network.PacketThreadUtil$1.run(SourceFile:13) ~[fh$1.class:?]
	at java.util.concurrent.Executors$RunnableAdapter.call(Executors.java:511) ~[?:1.8.0_51]
	at java.util.concurrent.FutureTask.run(FutureTask.java:266) ~[?:1.8.0_51]
	at net.minecraft.util.Util.func_181617_a(SourceFile:44) ~[g.class:?]
	... 9 more
[14:23:36] [Client thread/INFO]: [CHAT] ||| mayorie a remporté le prix 1 cosmétique Commun dans une Lootbox ! |||
[14:23:36] [Client thread/INFO]: [CHAT] Vous avez reçu le cosmétique Bloc d'or
[14:23:45] [Client thread/INFO]: [CHAT] [?] Vous venez d'équiper le cosmétique Bloc d'or ! 
[14:23:45] [Client thread/FATAL]: Error executing task
java.util.concurrent.ExecutionException: java.lang.NullPointerException
	at java.util.concurrent.FutureTask.report(FutureTask.java:122) ~[?:1.8.0_51]
	at java.util.concurrent.FutureTask.get(FutureTask.java:192) ~[?:1.8.0_51]
	at net.minecraft.util.Util.func_181617_a(SourceFile:45) [g.class:?]
	at net.minecraft.client.Minecraft.func_71411_J(Minecraft.java:1014) [ave.class:?]
	at net.minecraft.client.Minecraft.func_99999_d(Minecraft.java:349) [ave.class:?]
	at net.minecraft.client.main.Main.main(SourceFile:124) [Main.class:?]
	at sun.reflect.NativeMethodAccessorImpl.invoke0(Native Method) ~[?:1.8.0_51]
	at sun.reflect.NativeMethodAccessorImpl.invoke(NativeMethodAccessorImpl.java:62) ~[?:1.8.0_51]
	at sun.reflect.DelegatingMethodAccessorImpl.invoke(DelegatingMethodAccessorImpl.java:43) ~[?:1.8.0_51]
	at java.lang.reflect.Method.invoke(Method.java:497) ~[?:1.8.0_51]
	at net.minecraft.launchwrapper.Launch.launch(Launch.java:135) [launchwrapper-1.12.jar:?]
	at net.minecraft.launchwrapper.Launch.main(Launch.java:28) [launchwrapper-1.12.jar:?]
Caused by: java.lang.NullPointerException
	at net.minecraft.network.play.server.S0FPacketSpawnMob.func_149027_c(SourceFile:114) ~[fn.class:?]
	at net.minecraft.client.network.NetHandlerPlayClient.func_147281_a(NetHandlerPlayClient.java:840) ~[bcy.class:?]
	at net.minecraft.network.play.server.S0FPacketSpawnMob.func_148833_a(SourceFile:109) ~[fn.class:?]
	at net.minecraft.network.play.server.S0FPacketSpawnMob.func_148833_a(SourceFile:15) ~[fn.class:?]
	at net.minecraft.network.PacketThreadUtil$1.run(SourceFile:13) ~[fh$1.class:?]
	at java.util.concurrent.Executors$RunnableAdapter.call(Executors.java:511) ~[?:1.8.0_51]
	at java.util.concurrent.FutureTask.run(FutureTask.java:266) ~[?:1.8.0_51]
	at net.minecraft.util.Util.func_181617_a(SourceFile:44) ~[g.class:?]
	... 9 more
[14:23:47] [Client thread/FATAL]: Error executing task
java.util.concurrent.ExecutionException: java.lang.IllegalArgumentException: A team with the name 'citizen_team' already exists!
	at java.util.concurrent.FutureTask.report(FutureTask.java:122) ~[?:1.8.0_51]
	at java.util.concurrent.FutureTask.get(FutureTask.java:192) ~[?:1.8.0_51]
	at net.minecraft.util.Util.func_181617_a(SourceFile:45) [g.class:?]
	at net.minecraft.client.Minecraft.func_71411_J(Minecraft.java:1014) [ave.class:?]
	at net.minecraft.client.Minecraft.func_99999_d(Minecraft.java:349) [ave.class:?]
	at net.minecraft.client.main.Main.main(SourceFile:124) [Main.class:?]
	at sun.reflect.NativeMethodAccessorImpl.invoke0(Native Method) ~[?:1.8.0_51]
	at sun.reflect.NativeMethodAccessorImpl.invoke(NativeMethodAccessorImpl.java:62) ~[?:1.8.0_51]
	at sun.reflect.DelegatingMethodAccessorImpl.invoke(DelegatingMethodAccessorImpl.java:43) ~[?:1.8.0_51]
	at java.lang.reflect.Method.invoke(Method.java:497) ~[?:1.8.0_51]
	at net.minecraft.launchwrapper.Launch.launch(Launch.java:135) [launchwrapper-1.12.jar:?]
	at net.minecraft.launchwrapper.Launch.main(Launch.java:28) [launchwrapper-1.12.jar:?]
Caused by: java.lang.IllegalArgumentException: A team with the name 'citizen_team' already exists!
	at net.minecraft.scoreboard.Scoreboard.func_96527_f(SourceFile:218) ~[auo.class:?]
	at net.minecraft.client.network.NetHandlerPlayClient.func_147247_a(NetHandlerPlayClient.java:1773) ~[bcy.class:?]
	at net.minecraft.network.play.server.S3EPacketTeams.func_148833_a(SourceFile:113) ~[hr.class:?]
	at net.minecraft.network.play.server.S3EPacketTeams.func_148833_a(SourceFile:13) ~[hr.class:?]
	at net.minecraft.network.PacketThreadUtil$1.run(SourceFile:13) ~[fh$1.class:?]
	at java.util.concurrent.Executors$RunnableAdapter.call(Executors.java:511) ~[?:1.8.0_51]
	at java.util.concurrent.FutureTask.run(FutureTask.java:266) ~[?:1.8.0_51]
	at net.minecraft.util.Util.func_181617_a(SourceFile:44) ~[g.class:?]
	... 9 more
[14:23:47] [Client thread/FATAL]: Error executing task
java.util.concurrent.ExecutionException: java.lang.NullPointerException
	at java.util.concurrent.FutureTask.report(FutureTask.java:122) ~[?:1.8.0_51]
	at java.util.concurrent.FutureTask.get(FutureTask.java:192) ~[?:1.8.0_51]
	at net.minecraft.util.Util.func_181617_a(SourceFile:45) [g.class:?]
	at net.minecraft.client.Minecraft.func_71411_J(Minecraft.java:1014) [ave.class:?]
	at net.minecraft.client.Minecraft.func_99999_d(Minecraft.java:349) [ave.class:?]
	at net.minecraft.client.main.Main.main(SourceFile:124) [Main.class:?]
	at sun.reflect.NativeMethodAccessorImpl.invoke0(Native Method) ~[?:1.8.0_51]
	at sun.reflect.NativeMethodAccessorImpl.invoke(NativeMethodAccessorImpl.java:62) ~[?:1.8.0_51]
	at sun.reflect.DelegatingMethodAccessorImpl.invoke(DelegatingMethodAccessorImpl.java:43) ~[?:1.8.0_51]
	at java.lang.reflect.Method.invoke(Method.java:497) ~[?:1.8.0_51]
	at net.minecraft.launchwrapper.Launch.launch(Launch.java:135) [launchwrapper-1.12.jar:?]
	at net.minecraft.launchwrapper.Launch.main(Launch.java:28) [launchwrapper-1.12.jar:?]
Caused by: java.lang.NullPointerException
	at net.minecraft.network.play.server.S0CPacketSpawnPlayer.func_148944_c(SourceFile:80) ~[fp.class:?]
	at net.minecraft.client.network.NetHandlerPlayClient.func_147237_a(NetHandlerPlayClient.java:501) ~[bcy.class:?]
	at net.minecraft.network.play.server.S0CPacketSpawnPlayer.func_148833_a(SourceFile:75) ~[fp.class:?]
	at net.minecraft.network.play.server.S0CPacketSpawnPlayer.func_148833_a(SourceFile:16) ~[fp.class:?]
	at net.minecraft.network.PacketThreadUtil$1.run(SourceFile:13) ~[fh$1.class:?]
	at java.util.concurrent.Executors$RunnableAdapter.call(Executors.java:511) ~[?:1.8.0_51]
	at java.util.concurrent.FutureTask.run(FutureTask.java:266) ~[?:1.8.0_51]
	at net.minecraft.util.Util.func_181617_a(SourceFile:44) ~[g.class:?]
	... 9 more
[14:23:48] [Client thread/FATAL]: Error executing task
java.util.concurrent.ExecutionException: java.lang.IllegalArgumentException: A team with the name 'citizen_team' already exists!
	at java.util.concurrent.FutureTask.report(FutureTask.java:122) ~[?:1.8.0_51]
	at java.util.concurrent.FutureTask.get(FutureTask.java:192) ~[?:1.8.0_51]
	at net.minecraft.util.Util.func_181617_a(SourceFile:45) [g.class:?]
	at net.minecraft.client.Minecraft.func_71411_J(Minecraft.java:1014) [ave.class:?]
	at net.minecraft.client.Minecraft.func_99999_d(Minecraft.java:349) [ave.class:?]
	at net.minecraft.client.main.Main.main(SourceFile:124) [Main.class:?]
	at sun.reflect.NativeMethodAccessorImpl.invoke0(Native Method) ~[?:1.8.0_51]
	at sun.reflect.NativeMethodAccessorImpl.invoke(NativeMethodAccessorImpl.java:62) ~[?:1.8.0_51]
	at sun.reflect.DelegatingMethodAccessorImpl.invoke(DelegatingMethodAccessorImpl.java:43) ~[?:1.8.0_51]
	at java.lang.reflect.Method.invoke(Method.java:497) ~[?:1.8.0_51]
	at net.minecraft.launchwrapper.Launch.launch(Launch.java:135) [launchwrapper-1.12.jar:?]
	at net.minecraft.launchwrapper.Launch.main(Launch.java:28) [launchwrapper-1.12.jar:?]
Caused by: java.lang.IllegalArgumentException: A team with the name 'citizen_team' already exists!
	at net.minecraft.scoreboard.Scoreboard.func_96527_f(SourceFile:218) ~[auo.class:?]
	at net.minecraft.client.network.NetHandlerPlayClient.func_147247_a(NetHandlerPlayClient.java:1773) ~[bcy.class:?]
	at net.minecraft.network.play.server.S3EPacketTeams.func_148833_a(SourceFile:113) ~[hr.class:?]
	at net.minecraft.network.play.server.S3EPacketTeams.func_148833_a(SourceFile:13) ~[hr.class:?]
	at net.minecraft.network.PacketThreadUtil$1.run(SourceFile:13) ~[fh$1.class:?]
	at java.util.concurrent.Executors$RunnableAdapter.call(Executors.java:511) ~[?:1.8.0_51]
	at java.util.concurrent.FutureTask.run(FutureTask.java:266) ~[?:1.8.0_51]
	at net.minecraft.util.Util.func_181617_a(SourceFile:44) ~[g.class:?]
	... 9 more
[14:23:48] [Client thread/FATAL]: Error executing task
java.util.concurrent.ExecutionException: java.lang.NullPointerException
	at java.util.concurrent.FutureTask.report(FutureTask.java:122) ~[?:1.8.0_51]
	at java.util.concurrent.FutureTask.get(FutureTask.java:192) ~[?:1.8.0_51]
	at net.minecraft.util.Util.func_181617_a(SourceFile:45) [g.class:?]
	at net.minecraft.client.Minecraft.func_71411_J(Minecraft.java:1014) [ave.class:?]
	at net.minecraft.client.Minecraft.func_99999_d(Minecraft.java:349) [ave.class:?]
	at net.minecraft.client.main.Main.main(SourceFile:124) [Main.class:?]
	at sun.reflect.NativeMethodAccessorImpl.invoke0(Native Method) ~[?:1.8.0_51]
	at sun.reflect.NativeMethodAccessorImpl.invoke(NativeMethodAccessorImpl.java:62) ~[?:1.8.0_51]
	at sun.reflect.DelegatingMethodAccessorImpl.invoke(DelegatingMethodAccessorImpl.java:43) ~[?:1.8.0_51]
	at java.lang.reflect.Method.invoke(Method.java:497) ~[?:1.8.0_51]
	at net.minecraft.launchwrapper.Launch.launch(Launch.java:135) [launchwrapper-1.12.jar:?]
	at net.minecraft.launchwrapper.Launch.main(Launch.java:28) [launchwrapper-1.12.jar:?]
Caused by: java.lang.NullPointerException
	at net.minecraft.network.play.server.S0CPacketSpawnPlayer.func_148944_c(SourceFile:80) ~[fp.class:?]
	at net.minecraft.client.network.NetHandlerPlayClient.func_147237_a(NetHandlerPlayClient.java:501) ~[bcy.class:?]
	at net.minecraft.network.play.server.S0CPacketSpawnPlayer.func_148833_a(SourceFile:75) ~[fp.class:?]
	at net.minecraft.network.play.server.S0CPacketSpawnPlayer.func_148833_a(SourceFile:16) ~[fp.class:?]
	at net.minecraft.network.PacketThreadUtil$1.run(SourceFile:13) ~[fh$1.class:?]
	at java.util.concurrent.Executors$RunnableAdapter.call(Executors.java:511) ~[?:1.8.0_51]
	at java.util.concurrent.FutureTask.run(FutureTask.java:266) ~[?:1.8.0_51]
	at net.minecraft.util.Util.func_181617_a(SourceFile:44) ~[g.class:?]
	... 9 more
[14:23:50] [Client thread/FATAL]: Error executing task
java.util.concurrent.ExecutionException: java.lang.NullPointerException
	at java.util.concurrent.FutureTask.report(FutureTask.java:122) ~[?:1.8.0_51]
	at java.util.concurrent.FutureTask.get(FutureTask.java:192) ~[?:1.8.0_51]
	at net.minecraft.util.Util.func_181617_a(SourceFile:45) [g.class:?]
	at net.minecraft.client.Minecraft.func_71411_J(Minecraft.java:1014) [ave.class:?]
	at net.minecraft.client.Minecraft.func_99999_d(Minecraft.java:349) [ave.class:?]
	at net.minecraft.client.main.Main.main(SourceFile:124) [Main.class:?]
	at sun.reflect.NativeMethodAccessorImpl.invoke0(Native Method) ~[?:1.8.0_51]
	at sun.reflect.NativeMethodAccessorImpl.invoke(NativeMethodAccessorImpl.java:62) ~[?:1.8.0_51]
	at sun.reflect.DelegatingMethodAccessorImpl.invoke(DelegatingMethodAccessorImpl.java:43) ~[?:1.8.0_51]
	at java.lang.reflect.Method.invoke(Method.java:497) ~[?:1.8.0_51]
	at net.minecraft.launchwrapper.Launch.launch(Launch.java:135) [launchwrapper-1.12.jar:?]
	at net.minecraft.launchwrapper.Launch.main(Launch.java:28) [launchwrapper-1.12.jar:?]
Caused by: java.lang.NullPointerException
	at net.minecraft.network.play.server.S0FPacketSpawnMob.func_149027_c(SourceFile:114) ~[fn.class:?]
	at net.minecraft.client.network.NetHandlerPlayClient.func_147281_a(NetHandlerPlayClient.java:840) ~[bcy.class:?]
	at net.minecraft.network.play.server.S0FPacketSpawnMob.func_148833_a(SourceFile:109) ~[fn.class:?]
	at net.minecraft.network.play.server.S0FPacketSpawnMob.func_148833_a(SourceFile:15) ~[fn.class:?]
	at net.minecraft.network.PacketThreadUtil$1.run(SourceFile:13) ~[fh$1.class:?]
	at java.util.concurrent.Executors$RunnableAdapter.call(Executors.java:511) ~[?:1.8.0_51]
	at java.util.concurrent.FutureTask.run(FutureTask.java:266) ~[?:1.8.0_51]
	at net.minecraft.util.Util.func_181617_a(SourceFile:44) ~[g.class:?]
	... 9 more
[14:24:04] [Client thread/INFO]: [CHAT] [?] Une demande pour rejoindre la partie a été envoyée. Vous y serez téléporté si jamais l'host accepte votre demande !
[14:24:07] [Client thread/FATAL]: Error executing task
java.util.concurrent.ExecutionException: java.lang.IllegalArgumentException: A team with the name 'citizen_team' already exists!
	at java.util.concurrent.FutureTask.report(FutureTask.java:122) ~[?:1.8.0_51]
	at java.util.concurrent.FutureTask.get(FutureTask.java:192) ~[?:1.8.0_51]
	at net.minecraft.util.Util.func_181617_a(SourceFile:45) [g.class:?]
	at net.minecraft.client.Minecraft.func_71411_J(Minecraft.java:1014) [ave.class:?]
	at net.minecraft.client.Minecraft.func_99999_d(Minecraft.java:349) [ave.class:?]
	at net.minecraft.client.main.Main.main(SourceFile:124) [Main.class:?]
	at sun.reflect.NativeMethodAccessorImpl.invoke0(Native Method) ~[?:1.8.0_51]
	at sun.reflect.NativeMethodAccessorImpl.invoke(NativeMethodAccessorImpl.java:62) ~[?:1.8.0_51]
	at sun.reflect.DelegatingMethodAccessorImpl.invoke(DelegatingMethodAccessorImpl.java:43) ~[?:1.8.0_51]
	at java.lang.reflect.Method.invoke(Method.java:497) ~[?:1.8.0_51]
	at net.minecraft.launchwrapper.Launch.launch(Launch.java:135) [launchwrapper-1.12.jar:?]
	at net.minecraft.launchwrapper.Launch.main(Launch.java:28) [launchwrapper-1.12.jar:?]
Caused by: java.lang.IllegalArgumentException: A team with the name 'citizen_team' already exists!
	at net.minecraft.scoreboard.Scoreboard.func_96527_f(SourceFile:218) ~[auo.class:?]
	at net.minecraft.client.network.NetHandlerPlayClient.func_147247_a(NetHandlerPlayClient.java:1773) ~[bcy.class:?]
	at net.minecraft.network.play.server.S3EPacketTeams.func_148833_a(SourceFile:113) ~[hr.class:?]
	at net.minecraft.network.play.server.S3EPacketTeams.func_148833_a(SourceFile:13) ~[hr.class:?]
	at net.minecraft.network.PacketThreadUtil$1.run(SourceFile:13) ~[fh$1.class:?]
	at java.util.concurrent.Executors$RunnableAdapter.call(Executors.java:511) ~[?:1.8.0_51]
	at java.util.concurrent.FutureTask.run(FutureTask.java:266) ~[?:1.8.0_51]
	at net.minecraft.util.Util.func_181617_a(SourceFile:44) ~[g.class:?]
	... 9 more
[14:24:07] [Client thread/FATAL]: Error executing task
java.util.concurrent.ExecutionException: java.lang.NullPointerException
	at java.util.concurrent.FutureTask.report(FutureTask.java:122) ~[?:1.8.0_51]
	at java.util.concurrent.FutureTask.get(FutureTask.java:192) ~[?:1.8.0_51]
	at net.minecraft.util.Util.func_181617_a(SourceFile:45) [g.class:?]
	at net.minecraft.client.Minecraft.func_71411_J(Minecraft.java:1014) [ave.class:?]
	at net.minecraft.client.Minecraft.func_99999_d(Minecraft.java:349) [ave.class:?]
	at net.minecraft.client.main.Main.main(SourceFile:124) [Main.class:?]
	at sun.reflect.NativeMethodAccessorImpl.invoke0(Native Method) ~[?:1.8.0_51]
	at sun.reflect.NativeMethodAccessorImpl.invoke(NativeMethodAccessorImpl.java:62) ~[?:1.8.0_51]
	at sun.reflect.DelegatingMethodAccessorImpl.invoke(DelegatingMethodAccessorImpl.java:43) ~[?:1.8.0_51]
	at java.lang.reflect.Method.invoke(Method.java:497) ~[?:1.8.0_51]
	at net.minecraft.launchwrapper.Launch.launch(Launch.java:135) [launchwrapper-1.12.jar:?]
	at net.minecraft.launchwrapper.Launch.main(Launch.java:28) [launchwrapper-1.12.jar:?]
Caused by: java.lang.NullPointerException
	at net.minecraft.network.play.server.S0CPacketSpawnPlayer.func_148944_c(SourceFile:80) ~[fp.class:?]
	at net.minecraft.client.network.NetHandlerPlayClient.func_147237_a(NetHandlerPlayClient.java:501) ~[bcy.class:?]
	at net.minecraft.network.play.server.S0CPacketSpawnPlayer.func_148833_a(SourceFile:75) ~[fp.class:?]
	at net.minecraft.network.play.server.S0CPacketSpawnPlayer.func_148833_a(SourceFile:16) ~[fp.class:?]
	at net.minecraft.network.PacketThreadUtil$1.run(SourceFile:13) ~[fh$1.class:?]
	at java.util.concurrent.Executors$RunnableAdapter.call(Executors.java:511) ~[?:1.8.0_51]
	at java.util.concurrent.FutureTask.run(FutureTask.java:266) ~[?:1.8.0_51]
	at net.minecraft.util.Util.func_181617_a(SourceFile:44) ~[g.class:?]
	... 9 more
[14:24:14] [Client thread/INFO]: [CHAT] [»] mayorie (17/31)
[14:24:14] [Client thread/INFO]: [CHAT] 
[14:24:14] [Client thread/INFO]: [CHAT] [UHC] MTP v4
[14:24:14] [Client thread/INFO]: [CHAT] [UHC] Partie organisée par IsimpForKanao_.
[14:24:14] [Client thread/INFO]: [CHAT] [UHC] Les scénarios activés sont : CutClean, HasteyBoys, CatEyes, SafeMiners, Unbreakable, TimberPVP, AOTv4 UHC.
[14:24:14] [Client thread/INFO]: [CHAT] 
[14:24:14] [Client thread/FATAL]: Error executing task
java.util.concurrent.ExecutionException: java.lang.NullPointerException
	at java.util.concurrent.FutureTask.report(FutureTask.java:122) ~[?:1.8.0_51]
	at java.util.concurrent.FutureTask.get(FutureTask.java:192) ~[?:1.8.0_51]
	at net.minecraft.util.Util.func_181617_a(SourceFile:45) [g.class:?]
	at net.minecraft.client.Minecraft.func_71411_J(Minecraft.java:1014) [ave.class:?]
	at net.minecraft.client.Minecraft.func_99999_d(Minecraft.java:349) [ave.class:?]
	at net.minecraft.client.main.Main.main(SourceFile:124) [Main.class:?]
	at sun.reflect.NativeMethodAccessorImpl.invoke0(Native Method) ~[?:1.8.0_51]
	at sun.reflect.NativeMethodAccessorImpl.invoke(NativeMethodAccessorImpl.java:62) ~[?:1.8.0_51]
	at sun.reflect.DelegatingMethodAccessorImpl.invoke(DelegatingMethodAccessorImpl.java:43) ~[?:1.8.0_51]
	at java.lang.reflect.Method.invoke(Method.java:497) ~[?:1.8.0_51]
	at net.minecraft.launchwrapper.Launch.launch(Launch.java:135) [launchwrapper-1.12.jar:?]
	at net.minecraft.launchwrapper.Launch.main(Launch.java:28) [launchwrapper-1.12.jar:?]
Caused by: java.lang.NullPointerException
	at net.minecraft.network.play.server.S0FPacketSpawnMob.func_149027_c(SourceFile:114) ~[fn.class:?]
	at net.minecraft.client.network.NetHandlerPlayClient.func_147281_a(NetHandlerPlayClient.java:840) ~[bcy.class:?]
	at net.minecraft.network.play.server.S0FPacketSpawnMob.func_148833_a(SourceFile:109) ~[fn.class:?]
	at net.minecraft.network.play.server.S0FPacketSpawnMob.func_148833_a(SourceFile:15) ~[fn.class:?]
	at net.minecraft.network.PacketThreadUtil$1.run(SourceFile:13) ~[fh$1.class:?]
	at java.util.concurrent.Executors$RunnableAdapter.call(Executors.java:511) ~[?:1.8.0_51]
	at java.util.concurrent.FutureTask.run(FutureTask.java:266) ~[?:1.8.0_51]
	at net.minecraft.util.Util.func_181617_a(SourceFile:44) ~[g.class:?]
	... 9 more
[14:24:14] [Client thread/FATAL]: Error executing task
java.util.concurrent.ExecutionException: java.lang.NullPointerException
	at java.util.concurrent.FutureTask.report(FutureTask.java:122) ~[?:1.8.0_51]
	at java.util.concurrent.FutureTask.get(FutureTask.java:192) ~[?:1.8.0_51]
	at net.minecraft.util.Util.func_181617_a(SourceFile:45) [g.class:?]
	at net.minecraft.client.Minecraft.func_71411_J(Minecraft.java:1014) [ave.class:?]
	at net.minecraft.client.Minecraft.func_99999_d(Minecraft.java:349) [ave.class:?]
	at net.minecraft.client.main.Main.main(SourceFile:124) [Main.class:?]
	at sun.reflect.NativeMethodAccessorImpl.invoke0(Native Method) ~[?:1.8.0_51]
	at sun.reflect.NativeMethodAccessorImpl.invoke(NativeMethodAccessorImpl.java:62) ~[?:1.8.0_51]
	at sun.reflect.DelegatingMethodAccessorImpl.invoke(DelegatingMethodAccessorImpl.java:43) ~[?:1.8.0_51]
	at java.lang.reflect.Method.invoke(Method.java:497) ~[?:1.8.0_51]
	at net.minecraft.launchwrapper.Launch.launch(Launch.java:135) [launchwrapper-1.12.jar:?]
	at net.minecraft.launchwrapper.Launch.main(Launch.java:28) [launchwrapper-1.12.jar:?]
Caused by: java.lang.NullPointerException
	at net.minecraft.network.play.server.S0FPacketSpawnMob.func_149027_c(SourceFile:114) ~[fn.class:?]
	at net.minecraft.client.network.NetHandlerPlayClient.func_147281_a(NetHandlerPlayClient.java:840) ~[bcy.class:?]
	at net.minecraft.network.play.server.S0FPacketSpawnMob.func_148833_a(SourceFile:109) ~[fn.class:?]
	at net.minecraft.network.play.server.S0FPacketSpawnMob.func_148833_a(SourceFile:15) ~[fn.class:?]
	at net.minecraft.network.PacketThreadUtil$1.run(SourceFile:13) ~[fh$1.class:?]
	at java.util.concurrent.Executors$RunnableAdapter.call(Executors.java:511) ~[?:1.8.0_51]
	at java.util.concurrent.FutureTask.run(FutureTask.java:266) ~[?:1.8.0_51]
	at net.minecraft.util.Util.func_181617_a(SourceFile:44) ~[g.class:?]
	... 9 more
[14:24:14] [Client thread/FATAL]: Error executing task
java.util.concurrent.ExecutionException: java.lang.NullPointerException
	at java.util.concurrent.FutureTask.report(FutureTask.java:122) ~[?:1.8.0_51]
	at java.util.concurrent.FutureTask.get(FutureTask.java:192) ~[?:1.8.0_51]
	at net.minecraft.util.Util.func_181617_a(SourceFile:45) [g.class:?]
	at net.minecraft.client.Minecraft.func_71411_J(Minecraft.java:1014) [ave.class:?]
	at net.minecraft.client.Minecraft.func_99999_d(Minecraft.java:349) [ave.class:?]
	at net.minecraft.client.main.Main.main(SourceFile:124) [Main.class:?]
	at sun.reflect.NativeMethodAccessorImpl.invoke0(Native Method) ~[?:1.8.0_51]
	at sun.reflect.NativeMethodAccessorImpl.invoke(NativeMethodAccessorImpl.java:62) ~[?:1.8.0_51]
	at sun.reflect.DelegatingMethodAccessorImpl.invoke(DelegatingMethodAccessorImpl.java:43) ~[?:1.8.0_51]
	at java.lang.reflect.Method.invoke(Method.java:497) ~[?:1.8.0_51]
	at net.minecraft.launchwrapper.Launch.launch(Launch.java:135) [launchwrapper-1.12.jar:?]
	at net.minecraft.launchwrapper.Launch.main(Launch.java:28) [launchwrapper-1.12.jar:?]
Caused by: java.lang.NullPointerException
	at net.minecraft.network.play.server.S0FPacketSpawnMob.func_149027_c(SourceFile:114) ~[fn.class:?]
	at net.minecraft.client.network.NetHandlerPlayClient.func_147281_a(NetHandlerPlayClient.java:840) ~[bcy.class:?]
	at net.minecraft.network.play.server.S0FPacketSpawnMob.func_148833_a(SourceFile:109) ~[fn.class:?]
	at net.minecraft.network.play.server.S0FPacketSpawnMob.func_148833_a(SourceFile:15) ~[fn.class:?]
	at net.minecraft.network.PacketThreadUtil$1.run(SourceFile:13) ~[fh$1.class:?]
	at java.util.concurrent.Executors$RunnableAdapter.call(Executors.java:511) ~[?:1.8.0_51]
	at java.util.concurrent.FutureTask.run(FutureTask.java:266) ~[?:1.8.0_51]
	at net.minecraft.util.Util.func_181617_a(SourceFile:44) ~[g.class:?]
	... 9 more
[14:24:14] [Client thread/FATAL]: Error executing task
java.util.concurrent.ExecutionException: java.lang.NullPointerException
	at java.util.concurrent.FutureTask.report(FutureTask.java:122) ~[?:1.8.0_51]
	at java.util.concurrent.FutureTask.get(FutureTask.java:192) ~[?:1.8.0_51]
	at net.minecraft.util.Util.func_181617_a(SourceFile:45) [g.class:?]
	at net.minecraft.client.Minecraft.func_71411_J(Minecraft.java:1014) [ave.class:?]
	at net.minecraft.client.Minecraft.func_99999_d(Minecraft.java:349) [ave.class:?]
	at net.minecraft.client.main.Main.main(SourceFile:124) [Main.class:?]
	at sun.reflect.NativeMethodAccessorImpl.invoke0(Native Method) ~[?:1.8.0_51]
	at sun.reflect.NativeMethodAccessorImpl.invoke(NativeMethodAccessorImpl.java:62) ~[?:1.8.0_51]
	at sun.reflect.DelegatingMethodAccessorImpl.invoke(DelegatingMethodAccessorImpl.java:43) ~[?:1.8.0_51]
	at java.lang.reflect.Method.invoke(Method.java:497) ~[?:1.8.0_51]
	at net.minecraft.launchwrapper.Launch.launch(Launch.java:135) [launchwrapper-1.12.jar:?]
	at net.minecraft.launchwrapper.Launch.main(Launch.java:28) [launchwrapper-1.12.jar:?]
Caused by: java.lang.NullPointerException
	at net.minecraft.network.play.server.S0FPacketSpawnMob.func_149027_c(SourceFile:114) ~[fn.class:?]
	at net.minecraft.client.network.NetHandlerPlayClient.func_147281_a(NetHandlerPlayClient.java:840) ~[bcy.class:?]
	at net.minecraft.network.play.server.S0FPacketSpawnMob.func_148833_a(SourceFile:109) ~[fn.class:?]
	at net.minecraft.network.play.server.S0FPacketSpawnMob.func_148833_a(SourceFile:15) ~[fn.class:?]
	at net.minecraft.network.PacketThreadUtil$1.run(SourceFile:13) ~[fh$1.class:?]
	at java.util.concurrent.Executors$RunnableAdapter.call(Executors.java:511) ~[?:1.8.0_51]
	at java.util.concurrent.FutureTask.run(FutureTask.java:266) ~[?:1.8.0_51]
	at net.minecraft.util.Util.func_181617_a(SourceFile:44) ~[g.class:?]
	... 9 more
[14:24:14] [Client thread/INFO]: [CHAT] [»] Integro183 (18/31)
[14:24:14] [Client thread/FATAL]: Error executing task
java.util.concurrent.ExecutionException: java.lang.NullPointerException
	at java.util.concurrent.FutureTask.report(FutureTask.java:122) ~[?:1.8.0_51]
	at java.util.concurrent.FutureTask.get(FutureTask.java:192) ~[?:1.8.0_51]
	at net.minecraft.util.Util.func_181617_a(SourceFile:45) [g.class:?]
	at net.minecraft.client.Minecraft.func_71411_J(Minecraft.java:1014) [ave.class:?]
	at net.minecraft.client.Minecraft.func_99999_d(Minecraft.java:349) [ave.class:?]
	at net.minecraft.client.main.Main.main(SourceFile:124) [Main.class:?]
	at sun.reflect.NativeMethodAccessorImpl.invoke0(Native Method) ~[?:1.8.0_51]
	at sun.reflect.NativeMethodAccessorImpl.invoke(NativeMethodAccessorImpl.java:62) ~[?:1.8.0_51]
	at sun.reflect.DelegatingMethodAccessorImpl.invoke(DelegatingMethodAccessorImpl.java:43) ~[?:1.8.0_51]
	at java.lang.reflect.Method.invoke(Method.java:497) ~[?:1.8.0_51]
	at net.minecraft.launchwrapper.Launch.launch(Launch.java:135) [launchwrapper-1.12.jar:?]
	at net.minecraft.launchwrapper.Launch.main(Launch.java:28) [launchwrapper-1.12.jar:?]
Caused by: java.lang.NullPointerException
	at net.minecraft.network.play.server.S0FPacketSpawnMob.func_149027_c(SourceFile:114) ~[fn.class:?]
	at net.minecraft.client.network.NetHandlerPlayClient.func_147281_a(NetHandlerPlayClient.java:840) ~[bcy.class:?]
	at net.minecraft.network.play.server.S0FPacketSpawnMob.func_148833_a(SourceFile:109) ~[fn.class:?]
	at net.minecraft.network.play.server.S0FPacketSpawnMob.func_148833_a(SourceFile:15) ~[fn.class:?]
	at net.minecraft.network.PacketThreadUtil$1.run(SourceFile:13) ~[fh$1.class:?]
	at java.util.concurrent.Executors$RunnableAdapter.call(Executors.java:511) ~[?:1.8.0_51]
	at java.util.concurrent.FutureTask.run(FutureTask.java:266) ~[?:1.8.0_51]
	at net.minecraft.util.Util.func_181617_a(SourceFile:44) ~[g.class:?]
	... 9 more
[14:24:14] [Client thread/INFO]: [CHAT] [»] trolor35 (19/31)
[14:24:14] [Client thread/INFO]: [CHAT] §8[§e§lUHC§8]§f §fVous venez de rejoindre une partie utilisant §a§lUHC Link §f!
 §fRejoignez ainsi les autres joueurs de la partie dans le chat vocal via la commande §3/mb§f.
[Générer un lien unique]
[14:24:17] [Client thread/INFO]: [CHAT] [»] Hayrozz (20/31)
[14:24:25] [Client thread/FATAL]: Error executing task
java.util.concurrent.ExecutionException: java.lang.NullPointerException
	at java.util.concurrent.FutureTask.report(FutureTask.java:122) ~[?:1.8.0_51]
	at java.util.concurrent.FutureTask.get(FutureTask.java:192) ~[?:1.8.0_51]
	at net.minecraft.util.Util.func_181617_a(SourceFile:45) [g.class:?]
	at net.minecraft.client.Minecraft.func_71411_J(Minecraft.java:1014) [ave.class:?]
	at net.minecraft.client.Minecraft.func_99999_d(Minecraft.java:349) [ave.class:?]
	at net.minecraft.client.main.Main.main(SourceFile:124) [Main.class:?]
	at sun.reflect.NativeMethodAccessorImpl.invoke0(Native Method) ~[?:1.8.0_51]
	at sun.reflect.NativeMethodAccessorImpl.invoke(NativeMethodAccessorImpl.java:62) ~[?:1.8.0_51]
	at sun.reflect.DelegatingMethodAccessorImpl.invoke(DelegatingMethodAccessorImpl.java:43) ~[?:1.8.0_51]
	at java.lang.reflect.Method.invoke(Method.java:497) ~[?:1.8.0_51]
	at net.minecraft.launchwrapper.Launch.launch(Launch.java:135) [launchwrapper-1.12.jar:?]
	at net.minecraft.launchwrapper.Launch.main(Launch.java:28) [launchwrapper-1.12.jar:?]
Caused by: java.lang.NullPointerException
	at net.minecraft.network.play.server.S0FPacketSpawnMob.func_149027_c(SourceFile:114) ~[fn.class:?]
	at net.minecraft.client.network.NetHandlerPlayClient.func_147281_a(NetHandlerPlayClient.java:840) ~[bcy.class:?]
	at net.minecraft.network.play.server.S0FPacketSpawnMob.func_148833_a(SourceFile:109) ~[fn.class:?]
	at net.minecraft.network.play.server.S0FPacketSpawnMob.func_148833_a(SourceFile:15) ~[fn.class:?]
	at net.minecraft.network.PacketThreadUtil$1.run(SourceFile:13) ~[fh$1.class:?]
	at java.util.concurrent.Executors$RunnableAdapter.call(Executors.java:511) ~[?:1.8.0_51]
	at java.util.concurrent.FutureTask.run(FutureTask.java:266) ~[?:1.8.0_51]
	at net.minecraft.util.Util.func_181617_a(SourceFile:44) ~[g.class:?]
	... 9 more
[14:24:25] [Client thread/FATAL]: Error executing task
java.util.concurrent.ExecutionException: java.lang.NullPointerException
	at java.util.concurrent.FutureTask.report(FutureTask.java:122) ~[?:1.8.0_51]
	at java.util.concurrent.FutureTask.get(FutureTask.java:192) ~[?:1.8.0_51]
	at net.minecraft.util.Util.func_181617_a(SourceFile:45) [g.class:?]
	at net.minecraft.client.Minecraft.func_71411_J(Minecraft.java:1014) [ave.class:?]
	at net.minecraft.client.Minecraft.func_99999_d(Minecraft.java:349) [ave.class:?]
	at net.minecraft.client.main.Main.main(SourceFile:124) [Main.class:?]
	at sun.reflect.NativeMethodAccessorImpl.invoke0(Native Method) ~[?:1.8.0_51]
	at sun.reflect.NativeMethodAccessorImpl.invoke(NativeMethodAccessorImpl.java:62) ~[?:1.8.0_51]
	at sun.reflect.DelegatingMethodAccessorImpl.invoke(DelegatingMethodAccessorImpl.java:43) ~[?:1.8.0_51]
	at java.lang.reflect.Method.invoke(Method.java:497) ~[?:1.8.0_51]
	at net.minecraft.launchwrapper.Launch.launch(Launch.java:135) [launchwrapper-1.12.jar:?]
	at net.minecraft.launchwrapper.Launch.main(Launch.java:28) [launchwrapper-1.12.jar:?]
Caused by: java.lang.NullPointerException
	at net.minecraft.network.play.server.S0FPacketSpawnMob.func_149027_c(SourceFile:114) ~[fn.class:?]
	at net.minecraft.client.network.NetHandlerPlayClient.func_147281_a(NetHandlerPlayClient.java:840) ~[bcy.class:?]
	at net.minecraft.network.play.server.S0FPacketSpawnMob.func_148833_a(SourceFile:109) ~[fn.class:?]
	at net.minecraft.network.play.server.S0FPacketSpawnMob.func_148833_a(SourceFile:15) ~[fn.class:?]
	at net.minecraft.network.PacketThreadUtil$1.run(SourceFile:13) ~[fh$1.class:?]
	at java.util.concurrent.Executors$RunnableAdapter.call(Executors.java:511) ~[?:1.8.0_51]
	at java.util.concurrent.FutureTask.run(FutureTask.java:266) ~[?:1.8.0_51]
	at net.minecraft.util.Util.func_181617_a(SourceFile:44) ~[g.class:?]
	... 9 more
[14:24:25] [Client thread/FATAL]: Error executing task
java.util.concurrent.ExecutionException: java.lang.NullPointerException
	at java.util.concurrent.FutureTask.report(FutureTask.java:122) ~[?:1.8.0_51]
	at java.util.concurrent.FutureTask.get(FutureTask.java:192) ~[?:1.8.0_51]
	at net.minecraft.util.Util.func_181617_a(SourceFile:45) [g.class:?]
	at net.minecraft.client.Minecraft.func_71411_J(Minecraft.java:1014) [ave.class:?]
	at net.minecraft.client.Minecraft.func_99999_d(Minecraft.java:349) [ave.class:?]
	at net.minecraft.client.main.Main.main(SourceFile:124) [Main.class:?]
	at sun.reflect.NativeMethodAccessorImpl.invoke0(Native Method) ~[?:1.8.0_51]
	at sun.reflect.NativeMethodAccessorImpl.invoke(NativeMethodAccessorImpl.java:62) ~[?:1.8.0_51]
	at sun.reflect.DelegatingMethodAccessorImpl.invoke(DelegatingMethodAccessorImpl.java:43) ~[?:1.8.0_51]
	at java.lang.reflect.Method.invoke(Method.java:497) ~[?:1.8.0_51]
	at net.minecraft.launchwrapper.Launch.launch(Launch.java:135) [launchwrapper-1.12.jar:?]
	at net.minecraft.launchwrapper.Launch.main(Launch.java:28) [launchwrapper-1.12.jar:?]
Caused by: java.lang.NullPointerException
	at net.minecraft.network.play.server.S0FPacketSpawnMob.func_149027_c(SourceFile:114) ~[fn.class:?]
	at net.minecraft.client.network.NetHandlerPlayClient.func_147281_a(NetHandlerPlayClient.java:840) ~[bcy.class:?]
	at net.minecraft.network.play.server.S0FPacketSpawnMob.func_148833_a(SourceFile:109) ~[fn.class:?]
	at net.minecraft.network.play.server.S0FPacketSpawnMob.func_148833_a(SourceFile:15) ~[fn.class:?]
	at net.minecraft.network.PacketThreadUtil$1.run(SourceFile:13) ~[fh$1.class:?]
	at java.util.concurrent.Executors$RunnableAdapter.call(Executors.java:511) ~[?:1.8.0_51]
	at java.util.concurrent.FutureTask.run(FutureTask.java:266) ~[?:1.8.0_51]
	at net.minecraft.util.Util.func_181617_a(SourceFile:44) ~[g.class:?]
	... 9 more
[14:24:25] [Client thread/FATAL]: Error executing task
java.util.concurrent.ExecutionException: java.lang.NullPointerException
	at java.util.concurrent.FutureTask.report(FutureTask.java:122) ~[?:1.8.0_51]
	at java.util.concurrent.FutureTask.get(FutureTask.java:192) ~[?:1.8.0_51]
	at net.minecraft.util.Util.func_181617_a(SourceFile:45) [g.class:?]
	at net.minecraft.client.Minecraft.func_71411_J(Minecraft.java:1014) [ave.class:?]
	at net.minecraft.client.Minecraft.func_99999_d(Minecraft.java:349) [ave.class:?]
	at net.minecraft.client.main.Main.main(SourceFile:124) [Main.class:?]
	at sun.reflect.NativeMethodAccessorImpl.invoke0(Native Method) ~[?:1.8.0_51]
	at sun.reflect.NativeMethodAccessorImpl.invoke(NativeMethodAccessorImpl.java:62) ~[?:1.8.0_51]
	at sun.reflect.DelegatingMethodAccessorImpl.invoke(DelegatingMethodAccessorImpl.java:43) ~[?:1.8.0_51]
	at java.lang.reflect.Method.invoke(Method.java:497) ~[?:1.8.0_51]
	at net.minecraft.launchwrapper.Launch.launch(Launch.java:135) [launchwrapper-1.12.jar:?]
	at net.minecraft.launchwrapper.Launch.main(Launch.java:28) [launchwrapper-1.12.jar:?]
Caused by: java.lang.NullPointerException
	at net.minecraft.network.play.server.S0FPacketSpawnMob.func_149027_c(SourceFile:114) ~[fn.class:?]
	at net.minecraft.client.network.NetHandlerPlayClient.func_147281_a(NetHandlerPlayClient.java:840) ~[bcy.class:?]
	at net.minecraft.network.play.server.S0FPacketSpawnMob.func_148833_a(SourceFile:109) ~[fn.class:?]
	at net.minecraft.network.play.server.S0FPacketSpawnMob.func_148833_a(SourceFile:15) ~[fn.class:?]
	at net.minecraft.network.PacketThreadUtil$1.run(SourceFile:13) ~[fh$1.class:?]
	at java.util.concurrent.Executors$RunnableAdapter.call(Executors.java:511) ~[?:1.8.0_51]
	at java.util.concurrent.FutureTask.run(FutureTask.java:266) ~[?:1.8.0_51]
	at net.minecraft.util.Util.func_181617_a(SourceFile:44) ~[g.class:?]
	... 9 more
[14:24:28] [Client thread/INFO]: [CHAT] [CONFIG] Lancement de la génération des mondes, des freezes peuvent être ressentis !
[14:24:33] [Client thread/INFO]: [CHAT] [CONFIG] Génération des mondes terminée avec succès.
[14:24:36] [Client thread/FATAL]: Error executing task
java.util.concurrent.ExecutionException: java.lang.NullPointerException
	at java.util.concurrent.FutureTask.report(FutureTask.java:122) ~[?:1.8.0_51]
	at java.util.concurrent.FutureTask.get(FutureTask.java:192) ~[?:1.8.0_51]
	at net.minecraft.util.Util.func_181617_a(SourceFile:45) [g.class:?]
	at net.minecraft.client.Minecraft.func_71411_J(Minecraft.java:1014) [ave.class:?]
	at net.minecraft.client.Minecraft.func_99999_d(Minecraft.java:349) [ave.class:?]
	at net.minecraft.client.main.Main.main(SourceFile:124) [Main.class:?]
	at sun.reflect.NativeMethodAccessorImpl.invoke0(Native Method) ~[?:1.8.0_51]
	at sun.reflect.NativeMethodAccessorImpl.invoke(NativeMethodAccessorImpl.java:62) ~[?:1.8.0_51]
	at sun.reflect.DelegatingMethodAccessorImpl.invoke(DelegatingMethodAccessorImpl.java:43) ~[?:1.8.0_51]
	at java.lang.reflect.Method.invoke(Method.java:497) ~[?:1.8.0_51]
	at net.minecraft.launchwrapper.Launch.launch(Launch.java:135) [launchwrapper-1.12.jar:?]
	at net.minecraft.launchwrapper.Launch.main(Launch.java:28) [launchwrapper-1.12.jar:?]
Caused by: java.lang.NullPointerException
	at net.minecraft.network.play.server.S0FPacketSpawnMob.func_149027_c(SourceFile:114) ~[fn.class:?]
	at net.minecraft.client.network.NetHandlerPlayClient.func_147281_a(NetHandlerPlayClient.java:840) ~[bcy.class:?]
	at net.minecraft.network.play.server.S0FPacketSpawnMob.func_148833_a(SourceFile:109) ~[fn.class:?]
	at net.minecraft.network.play.server.S0FPacketSpawnMob.func_148833_a(SourceFile:15) ~[fn.class:?]
	at net.minecraft.network.PacketThreadUtil$1.run(SourceFile:13) ~[fh$1.class:?]
	at java.util.concurrent.Executors$RunnableAdapter.call(Executors.java:511) ~[?:1.8.0_51]
	at java.util.concurrent.FutureTask.run(FutureTask.java:266) ~[?:1.8.0_51]
	at net.minecraft.util.Util.func_181617_a(SourceFile:44) ~[g.class:?]
	... 9 more
[14:24:36] [Client thread/FATAL]: Error executing task
java.util.concurrent.ExecutionException: java.lang.NullPointerException
	at java.util.concurrent.FutureTask.report(FutureTask.java:122) ~[?:1.8.0_51]
	at java.util.concurrent.FutureTask.get(FutureTask.java:192) ~[?:1.8.0_51]
	at net.minecraft.util.Util.func_181617_a(SourceFile:45) [g.class:?]
	at net.minecraft.client.Minecraft.func_71411_J(Minecraft.java:1014) [ave.class:?]
	at net.minecraft.client.Minecraft.func_99999_d(Minecraft.java:349) [ave.class:?]
	at net.minecraft.client.main.Main.main(SourceFile:124) [Main.class:?]
	at sun.reflect.NativeMethodAccessorImpl.invoke0(Native Method) ~[?:1.8.0_51]
	at sun.reflect.NativeMethodAccessorImpl.invoke(NativeMethodAccessorImpl.java:62) ~[?:1.8.0_51]
	at sun.reflect.DelegatingMethodAccessorImpl.invoke(DelegatingMethodAccessorImpl.java:43) ~[?:1.8.0_51]
	at java.lang.reflect.Method.invoke(Method.java:497) ~[?:1.8.0_51]
	at net.minecraft.launchwrapper.Launch.launch(Launch.java:135) [launchwrapper-1.12.jar:?]
	at net.minecraft.launchwrapper.Launch.main(Launch.java:28) [launchwrapper-1.12.jar:?]
Caused by: java.lang.NullPointerException
	at net.minecraft.network.play.server.S0FPacketSpawnMob.func_149027_c(SourceFile:114) ~[fn.class:?]
	at net.minecraft.client.network.NetHandlerPlayClient.func_147281_a(NetHandlerPlayClient.java:840) ~[bcy.class:?]
	at net.minecraft.network.play.server.S0FPacketSpawnMob.func_148833_a(SourceFile:109) ~[fn.class:?]
	at net.minecraft.network.play.server.S0FPacketSpawnMob.func_148833_a(SourceFile:15) ~[fn.class:?]
	at net.minecraft.network.PacketThreadUtil$1.run(SourceFile:13) ~[fh$1.class:?]
	at java.util.concurrent.Executors$RunnableAdapter.call(Executors.java:511) ~[?:1.8.0_51]
	at java.util.concurrent.FutureTask.run(FutureTask.java:266) ~[?:1.8.0_51]
	at net.minecraft.util.Util.func_181617_a(SourceFile:44) ~[g.class:?]
	... 9 more
[14:24:36] [Client thread/FATAL]: Error executing task
java.util.concurrent.ExecutionException: java.lang.NullPointerException
	at java.util.concurrent.FutureTask.report(FutureTask.java:122) ~[?:1.8.0_51]
	at java.util.concurrent.FutureTask.get(FutureTask.java:192) ~[?:1.8.0_51]
	at net.minecraft.util.Util.func_181617_a(SourceFile:45) [g.class:?]
	at net.minecraft.client.Minecraft.func_71411_J(Minecraft.java:1014) [ave.class:?]
	at net.minecraft.client.Minecraft.func_99999_d(Minecraft.java:349) [ave.class:?]
	at net.minecraft.client.main.Main.main(SourceFile:124) [Main.class:?]
	at sun.reflect.NativeMethodAccessorImpl.invoke0(Native Method) ~[?:1.8.0_51]
	at sun.reflect.NativeMethodAccessorImpl.invoke(NativeMethodAccessorImpl.java:62) ~[?:1.8.0_51]
	at sun.reflect.DelegatingMethodAccessorImpl.invoke(DelegatingMethodAccessorImpl.java:43) ~[?:1.8.0_51]
	at java.lang.reflect.Method.invoke(Method.java:497) ~[?:1.8.0_51]
	at net.minecraft.launchwrapper.Launch.launch(Launch.java:135) [launchwrapper-1.12.jar:?]
	at net.minecraft.launchwrapper.Launch.main(Launch.java:28) [launchwrapper-1.12.jar:?]
Caused by: java.lang.NullPointerException
	at net.minecraft.network.play.server.S0FPacketSpawnMob.func_149027_c(SourceFile:114) ~[fn.class:?]
	at net.minecraft.client.network.NetHandlerPlayClient.func_147281_a(NetHandlerPlayClient.java:840) ~[bcy.class:?]
	at net.minecraft.network.play.server.S0FPacketSpawnMob.func_148833_a(SourceFile:109) ~[fn.class:?]
	at net.minecraft.network.play.server.S0FPacketSpawnMob.func_148833_a(SourceFile:15) ~[fn.class:?]
	at net.minecraft.network.PacketThreadUtil$1.run(SourceFile:13) ~[fh$1.class:?]
	at java.util.concurrent.Executors$RunnableAdapter.call(Executors.java:511) ~[?:1.8.0_51]
	at java.util.concurrent.FutureTask.run(FutureTask.java:266) ~[?:1.8.0_51]
	at net.minecraft.util.Util.func_181617_a(SourceFile:44) ~[g.class:?]
	... 9 more
[14:24:36] [Client thread/FATAL]: Error executing task
java.util.concurrent.ExecutionException: java.lang.NullPointerException
	at java.util.concurrent.FutureTask.report(FutureTask.java:122) ~[?:1.8.0_51]
	at java.util.concurrent.FutureTask.get(FutureTask.java:192) ~[?:1.8.0_51]
	at net.minecraft.util.Util.func_181617_a(SourceFile:45) [g.class:?]
	at net.minecraft.client.Minecraft.func_71411_J(Minecraft.java:1014) [ave.class:?]
	at net.minecraft.client.Minecraft.func_99999_d(Minecraft.java:349) [ave.class:?]
	at net.minecraft.client.main.Main.main(SourceFile:124) [Main.class:?]
	at sun.reflect.NativeMethodAccessorImpl.invoke0(Native Method) ~[?:1.8.0_51]
	at sun.reflect.NativeMethodAccessorImpl.invoke(NativeMethodAccessorImpl.java:62) ~[?:1.8.0_51]
	at sun.reflect.DelegatingMethodAccessorImpl.invoke(DelegatingMethodAccessorImpl.java:43) ~[?:1.8.0_51]
	at java.lang.reflect.Method.invoke(Method.java:497) ~[?:1.8.0_51]
	at net.minecraft.launchwrapper.Launch.launch(Launch.java:135) [launchwrapper-1.12.jar:?]
	at net.minecraft.launchwrapper.Launch.main(Launch.java:28) [launchwrapper-1.12.jar:?]
Caused by: java.lang.NullPointerException
	at net.minecraft.network.play.server.S0FPacketSpawnMob.func_149027_c(SourceFile:114) ~[fn.class:?]
	at net.minecraft.client.network.NetHandlerPlayClient.func_147281_a(NetHandlerPlayClient.java:840) ~[bcy.class:?]
	at net.minecraft.network.play.server.S0FPacketSpawnMob.func_148833_a(SourceFile:109) ~[fn.class:?]
	at net.minecraft.network.play.server.S0FPacketSpawnMob.func_148833_a(SourceFile:15) ~[fn.class:?]
	at net.minecraft.network.PacketThreadUtil$1.run(SourceFile:13) ~[fh$1.class:?]
	at java.util.concurrent.Executors$RunnableAdapter.call(Executors.java:511) ~[?:1.8.0_51]
	at java.util.concurrent.FutureTask.run(FutureTask.java:266) ~[?:1.8.0_51]
	at net.minecraft.util.Util.func_181617_a(SourceFile:44) ~[g.class:?]
	... 9 more
[14:24:57] [Client thread/FATAL]: Error executing task
java.util.concurrent.ExecutionException: java.lang.NullPointerException
	at java.util.concurrent.FutureTask.report(FutureTask.java:122) ~[?:1.8.0_51]
	at java.util.concurrent.FutureTask.get(FutureTask.java:192) ~[?:1.8.0_51]
	at net.minecraft.util.Util.func_181617_a(SourceFile:45) [g.class:?]
	at net.minecraft.client.Minecraft.func_71411_J(Minecraft.java:1014) [ave.class:?]
	at net.minecraft.client.Minecraft.func_99999_d(Minecraft.java:349) [ave.class:?]
	at net.minecraft.client.main.Main.main(SourceFile:124) [Main.class:?]
	at sun.reflect.NativeMethodAccessorImpl.invoke0(Native Method) ~[?:1.8.0_51]
	at sun.reflect.NativeMethodAccessorImpl.invoke(NativeMethodAccessorImpl.java:62) ~[?:1.8.0_51]
	at sun.reflect.DelegatingMethodAccessorImpl.invoke(DelegatingMethodAccessorImpl.java:43) ~[?:1.8.0_51]
	at java.lang.reflect.Method.invoke(Method.java:497) ~[?:1.8.0_51]
	at net.minecraft.launchwrapper.Launch.launch(Launch.java:135) [launchwrapper-1.12.jar:?]
	at net.minecraft.launchwrapper.Launch.main(Launch.java:28) [launchwrapper-1.12.jar:?]
Caused by: java.lang.NullPointerException
	at net.minecraft.network.play.server.S0FPacketSpawnMob.func_149027_c(SourceFile:114) ~[fn.class:?]
	at net.minecraft.client.network.NetHandlerPlayClient.func_147281_a(NetHandlerPlayClient.java:840) ~[bcy.class:?]
	at net.minecraft.network.play.server.S0FPacketSpawnMob.func_148833_a(SourceFile:109) ~[fn.class:?]
	at net.minecraft.network.play.server.S0FPacketSpawnMob.func_148833_a(SourceFile:15) ~[fn.class:?]
	at net.minecraft.network.PacketThreadUtil$1.run(SourceFile:13) ~[fh$1.class:?]
	at java.util.concurrent.Executors$RunnableAdapter.call(Executors.java:511) ~[?:1.8.0_51]
	at java.util.concurrent.FutureTask.run(FutureTask.java:266) ~[?:1.8.0_51]
	at net.minecraft.util.Util.func_181617_a(SourceFile:44) ~[g.class:?]
	... 9 more
[14:24:57] [Client thread/FATAL]: Error executing task
java.util.concurrent.ExecutionException: java.lang.NullPointerException
	at java.util.concurrent.FutureTask.report(FutureTask.java:122) ~[?:1.8.0_51]
	at java.util.concurrent.FutureTask.get(FutureTask.java:192) ~[?:1.8.0_51]
	at net.minecraft.util.Util.func_181617_a(SourceFile:45) [g.class:?]
	at net.minecraft.client.Minecraft.func_71411_J(Minecraft.java:1014) [ave.class:?]
	at net.minecraft.client.Minecraft.func_99999_d(Minecraft.java:349) [ave.class:?]
	at net.minecraft.client.main.Main.main(SourceFile:124) [Main.class:?]
	at sun.reflect.NativeMethodAccessorImpl.invoke0(Native Method) ~[?:1.8.0_51]
	at sun.reflect.NativeMethodAccessorImpl.invoke(NativeMethodAccessorImpl.java:62) ~[?:1.8.0_51]
	at sun.reflect.DelegatingMethodAccessorImpl.invoke(DelegatingMethodAccessorImpl.java:43) ~[?:1.8.0_51]
	at java.lang.reflect.Method.invoke(Method.java:497) ~[?:1.8.0_51]
	at net.minecraft.launchwrapper.Launch.launch(Launch.java:135) [launchwrapper-1.12.jar:?]
	at net.minecraft.launchwrapper.Launch.main(Launch.java:28) [launchwrapper-1.12.jar:?]
Caused by: java.lang.NullPointerException
	at net.minecraft.network.play.server.S0FPacketSpawnMob.func_149027_c(SourceFile:114) ~[fn.class:?]
	at net.minecraft.client.network.NetHandlerPlayClient.func_147281_a(NetHandlerPlayClient.java:840) ~[bcy.class:?]
	at net.minecraft.network.play.server.S0FPacketSpawnMob.func_148833_a(SourceFile:109) ~[fn.class:?]
	at net.minecraft.network.play.server.S0FPacketSpawnMob.func_148833_a(SourceFile:15) ~[fn.class:?]
	at net.minecraft.network.PacketThreadUtil$1.run(SourceFile:13) ~[fh$1.class:?]
	at java.util.concurrent.Executors$RunnableAdapter.call(Executors.java:511) ~[?:1.8.0_51]
	at java.util.concurrent.FutureTask.run(FutureTask.java:266) ~[?:1.8.0_51]
	at net.minecraft.util.Util.func_181617_a(SourceFile:44) ~[g.class:?]
	... 9 more
[14:24:57] [Client thread/FATAL]: Error executing task
java.util.concurrent.ExecutionException: java.lang.NullPointerException
	at java.util.concurrent.FutureTask.report(FutureTask.java:122) ~[?:1.8.0_51]
	at java.util.concurrent.FutureTask.get(FutureTask.java:192) ~[?:1.8.0_51]
	at net.minecraft.util.Util.func_181617_a(SourceFile:45) [g.class:?]
	at net.minecraft.client.Minecraft.func_71411_J(Minecraft.java:1014) [ave.class:?]
	at net.minecraft.client.Minecraft.func_99999_d(Minecraft.java:349) [ave.class:?]
	at net.minecraft.client.main.Main.main(SourceFile:124) [Main.class:?]
	at sun.reflect.NativeMethodAccessorImpl.invoke0(Native Method) ~[?:1.8.0_51]
	at sun.reflect.NativeMethodAccessorImpl.invoke(NativeMethodAccessorImpl.java:62) ~[?:1.8.0_51]
	at sun.reflect.DelegatingMethodAccessorImpl.invoke(DelegatingMethodAccessorImpl.java:43) ~[?:1.8.0_51]
	at java.lang.reflect.Method.invoke(Method.java:497) ~[?:1.8.0_51]
	at net.minecraft.launchwrapper.Launch.launch(Launch.java:135) [launchwrapper-1.12.jar:?]
	at net.minecraft.launchwrapper.Launch.main(Launch.java:28) [launchwrapper-1.12.jar:?]
Caused by: java.lang.NullPointerException
	at net.minecraft.network.play.server.S0FPacketSpawnMob.func_149027_c(SourceFile:114) ~[fn.class:?]
	at net.minecraft.client.network.NetHandlerPlayClient.func_147281_a(NetHandlerPlayClient.java:840) ~[bcy.class:?]
	at net.minecraft.network.play.server.S0FPacketSpawnMob.func_148833_a(SourceFile:109) ~[fn.class:?]
	at net.minecraft.network.play.server.S0FPacketSpawnMob.func_148833_a(SourceFile:15) ~[fn.class:?]
	at net.minecraft.network.PacketThreadUtil$1.run(SourceFile:13) ~[fh$1.class:?]
	at java.util.concurrent.Executors$RunnableAdapter.call(Executors.java:511) ~[?:1.8.0_51]
	at java.util.concurrent.FutureTask.run(FutureTask.java:266) ~[?:1.8.0_51]
	at net.minecraft.util.Util.func_181617_a(SourceFile:44) ~[g.class:?]
	... 9 more
[14:24:57] [Client thread/FATAL]: Error executing task
java.util.concurrent.ExecutionException: java.lang.NullPointerException
	at java.util.concurrent.FutureTask.report(FutureTask.java:122) ~[?:1.8.0_51]
	at java.util.concurrent.FutureTask.get(FutureTask.java:192) ~[?:1.8.0_51]
	at net.minecraft.util.Util.func_181617_a(SourceFile:45) [g.class:?]
	at net.minecraft.client.Minecraft.func_71411_J(Minecraft.java:1014) [ave.class:?]
	at net.minecraft.client.Minecraft.func_99999_d(Minecraft.java:349) [ave.class:?]
	at net.minecraft.client.main.Main.main(SourceFile:124) [Main.class:?]
	at sun.reflect.NativeMethodAccessorImpl.invoke0(Native Method) ~[?:1.8.0_51]
	at sun.reflect.NativeMethodAccessorImpl.invoke(NativeMethodAccessorImpl.java:62) ~[?:1.8.0_51]
	at sun.reflect.DelegatingMethodAccessorImpl.invoke(DelegatingMethodAccessorImpl.java:43) ~[?:1.8.0_51]
	at java.lang.reflect.Method.invoke(Method.java:497) ~[?:1.8.0_51]
	at net.minecraft.launchwrapper.Launch.launch(Launch.java:135) [launchwrapper-1.12.jar:?]
	at net.minecraft.launchwrapper.Launch.main(Launch.java:28) [launchwrapper-1.12.jar:?]
Caused by: java.lang.NullPointerException
	at net.minecraft.network.play.server.S0FPacketSpawnMob.func_149027_c(SourceFile:114) ~[fn.class:?]
	at net.minecraft.client.network.NetHandlerPlayClient.func_147281_a(NetHandlerPlayClient.java:840) ~[bcy.class:?]
	at net.minecraft.network.play.server.S0FPacketSpawnMob.func_148833_a(SourceFile:109) ~[fn.class:?]
	at net.minecraft.network.play.server.S0FPacketSpawnMob.func_148833_a(SourceFile:15) ~[fn.class:?]
	at net.minecraft.network.PacketThreadUtil$1.run(SourceFile:13) ~[fh$1.class:?]
	at java.util.concurrent.Executors$RunnableAdapter.call(Executors.java:511) ~[?:1.8.0_51]
	at java.util.concurrent.FutureTask.run(FutureTask.java:266) ~[?:1.8.0_51]
	at net.minecraft.util.Util.func_181617_a(SourceFile:44) ~[g.class:?]
	... 9 more
[14:25:04] [Client thread/INFO]: [CHAT] [«] trolor35 (19/31)
[14:25:05] [Client thread/FATAL]: Error executing task
java.util.concurrent.ExecutionException: java.lang.NullPointerException
	at java.util.concurrent.FutureTask.report(FutureTask.java:122) ~[?:1.8.0_51]
	at java.util.concurrent.FutureTask.get(FutureTask.java:192) ~[?:1.8.0_51]
	at net.minecraft.util.Util.func_181617_a(SourceFile:45) [g.class:?]
	at net.minecraft.client.Minecraft.func_71411_J(Minecraft.java:1014) [ave.class:?]
	at net.minecraft.client.Minecraft.func_99999_d(Minecraft.java:349) [ave.class:?]
	at net.minecraft.client.main.Main.main(SourceFile:124) [Main.class:?]
	at sun.reflect.NativeMethodAccessorImpl.invoke0(Native Method) ~[?:1.8.0_51]
	at sun.reflect.NativeMethodAccessorImpl.invoke(NativeMethodAccessorImpl.java:62) ~[?:1.8.0_51]
	at sun.reflect.DelegatingMethodAccessorImpl.invoke(DelegatingMethodAccessorImpl.java:43) ~[?:1.8.0_51]
	at java.lang.reflect.Method.invoke(Method.java:497) ~[?:1.8.0_51]
	at net.minecraft.launchwrapper.Launch.launch(Launch.java:135) [launchwrapper-1.12.jar:?]
	at net.minecraft.launchwrapper.Launch.main(Launch.java:28) [launchwrapper-1.12.jar:?]
Caused by: java.lang.NullPointerException
	at net.minecraft.network.play.server.S0FPacketSpawnMob.func_149027_c(SourceFile:114) ~[fn.class:?]
	at net.minecraft.client.network.NetHandlerPlayClient.func_147281_a(NetHandlerPlayClient.java:840) ~[bcy.class:?]
	at net.minecraft.network.play.server.S0FPacketSpawnMob.func_148833_a(SourceFile:109) ~[fn.class:?]
	at net.minecraft.network.play.server.S0FPacketSpawnMob.func_148833_a(SourceFile:15) ~[fn.class:?]
	at net.minecraft.network.PacketThreadUtil$1.run(SourceFile:13) ~[fh$1.class:?]
	at java.util.concurrent.Executors$RunnableAdapter.call(Executors.java:511) ~[?:1.8.0_51]
	at java.util.concurrent.FutureTask.run(FutureTask.java:266) ~[?:1.8.0_51]
	at net.minecraft.util.Util.func_181617_a(SourceFile:44) ~[g.class:?]
	... 9 more
[14:25:05] [Client thread/FATAL]: Error executing task
java.util.concurrent.ExecutionException: java.lang.NullPointerException
	at java.util.concurrent.FutureTask.report(FutureTask.java:122) ~[?:1.8.0_51]
	at java.util.concurrent.FutureTask.get(FutureTask.java:192) ~[?:1.8.0_51]
	at net.minecraft.util.Util.func_181617_a(SourceFile:45) [g.class:?]
	at net.minecraft.client.Minecraft.func_71411_J(Minecraft.java:1014) [ave.class:?]
	at net.minecraft.client.Minecraft.func_99999_d(Minecraft.java:349) [ave.class:?]
	at net.minecraft.client.main.Main.main(SourceFile:124) [Main.class:?]
	at sun.reflect.NativeMethodAccessorImpl.invoke0(Native Method) ~[?:1.8.0_51]
	at sun.reflect.NativeMethodAccessorImpl.invoke(NativeMethodAccessorImpl.java:62) ~[?:1.8.0_51]
	at sun.reflect.DelegatingMethodAccessorImpl.invoke(DelegatingMethodAccessorImpl.java:43) ~[?:1.8.0_51]
	at java.lang.reflect.Method.invoke(Method.java:497) ~[?:1.8.0_51]
	at net.minecraft.launchwrapper.Launch.launch(Launch.java:135) [launchwrapper-1.12.jar:?]
	at net.minecraft.launchwrapper.Launch.main(Launch.java:28) [launchwrapper-1.12.jar:?]
Caused by: java.lang.NullPointerException
	at net.minecraft.network.play.server.S0FPacketSpawnMob.func_149027_c(SourceFile:114) ~[fn.class:?]
	at net.minecraft.client.network.NetHandlerPlayClient.func_147281_a(NetHandlerPlayClient.java:840) ~[bcy.class:?]
	at net.minecraft.network.play.server.S0FPacketSpawnMob.func_148833_a(SourceFile:109) ~[fn.class:?]
	at net.minecraft.network.play.server.S0FPacketSpawnMob.func_148833_a(SourceFile:15) ~[fn.class:?]
	at net.minecraft.network.PacketThreadUtil$1.run(SourceFile:13) ~[fh$1.class:?]
	at java.util.concurrent.Executors$RunnableAdapter.call(Executors.java:511) ~[?:1.8.0_51]
	at java.util.concurrent.FutureTask.run(FutureTask.java:266) ~[?:1.8.0_51]
	at net.minecraft.util.Util.func_181617_a(SourceFile:44) ~[g.class:?]
	... 9 more
[14:25:05] [Client thread/FATAL]: Error executing task
java.util.concurrent.ExecutionException: java.lang.NullPointerException
	at java.util.concurrent.FutureTask.report(FutureTask.java:122) ~[?:1.8.0_51]
	at java.util.concurrent.FutureTask.get(FutureTask.java:192) ~[?:1.8.0_51]
	at net.minecraft.util.Util.func_181617_a(SourceFile:45) [g.class:?]
	at net.minecraft.client.Minecraft.func_71411_J(Minecraft.java:1014) [ave.class:?]
	at net.minecraft.client.Minecraft.func_99999_d(Minecraft.java:349) [ave.class:?]
	at net.minecraft.client.main.Main.main(SourceFile:124) [Main.class:?]
	at sun.reflect.NativeMethodAccessorImpl.invoke0(Native Method) ~[?:1.8.0_51]
	at sun.reflect.NativeMethodAccessorImpl.invoke(NativeMethodAccessorImpl.java:62) ~[?:1.8.0_51]
	at sun.reflect.DelegatingMethodAccessorImpl.invoke(DelegatingMethodAccessorImpl.java:43) ~[?:1.8.0_51]
	at java.lang.reflect.Method.invoke(Method.java:497) ~[?:1.8.0_51]
	at net.minecraft.launchwrapper.Launch.launch(Launch.java:135) [launchwrapper-1.12.jar:?]
	at net.minecraft.launchwrapper.Launch.main(Launch.java:28) [launchwrapper-1.12.jar:?]
Caused by: java.lang.NullPointerException
	at net.minecraft.network.play.server.S0FPacketSpawnMob.func_149027_c(SourceFile:114) ~[fn.class:?]
	at net.minecraft.client.network.NetHandlerPlayClient.func_147281_a(NetHandlerPlayClient.java:840) ~[bcy.class:?]
	at net.minecraft.network.play.server.S0FPacketSpawnMob.func_148833_a(SourceFile:109) ~[fn.class:?]
	at net.minecraft.network.play.server.S0FPacketSpawnMob.func_148833_a(SourceFile:15) ~[fn.class:?]
	at net.minecraft.network.PacketThreadUtil$1.run(SourceFile:13) ~[fh$1.class:?]
	at java.util.concurrent.Executors$RunnableAdapter.call(Executors.java:511) ~[?:1.8.0_51]
	at java.util.concurrent.FutureTask.run(FutureTask.java:266) ~[?:1.8.0_51]
	at net.minecraft.util.Util.func_181617_a(SourceFile:44) ~[g.class:?]
	... 9 more
[14:25:06] [Client thread/FATAL]: Error executing task
java.util.concurrent.ExecutionException: java.lang.NullPointerException
	at java.util.concurrent.FutureTask.report(FutureTask.java:122) ~[?:1.8.0_51]
	at java.util.concurrent.FutureTask.get(FutureTask.java:192) ~[?:1.8.0_51]
	at net.minecraft.util.Util.func_181617_a(SourceFile:45) [g.class:?]
	at net.minecraft.client.Minecraft.func_71411_J(Minecraft.java:1014) [ave.class:?]
	at net.minecraft.client.Minecraft.func_99999_d(Minecraft.java:349) [ave.class:?]
	at net.minecraft.client.main.Main.main(SourceFile:124) [Main.class:?]
	at sun.reflect.NativeMethodAccessorImpl.invoke0(Native Method) ~[?:1.8.0_51]
	at sun.reflect.NativeMethodAccessorImpl.invoke(NativeMethodAccessorImpl.java:62) ~[?:1.8.0_51]
	at sun.reflect.DelegatingMethodAccessorImpl.invoke(DelegatingMethodAccessorImpl.java:43) ~[?:1.8.0_51]
	at java.lang.reflect.Method.invoke(Method.java:497) ~[?:1.8.0_51]
	at net.minecraft.launchwrapper.Launch.launch(Launch.java:135) [launchwrapper-1.12.jar:?]
	at net.minecraft.launchwrapper.Launch.main(Launch.java:28) [launchwrapper-1.12.jar:?]
Caused by: java.lang.NullPointerException
	at net.minecraft.network.play.server.S0FPacketSpawnMob.func_149027_c(SourceFile:114) ~[fn.class:?]
	at net.minecraft.client.network.NetHandlerPlayClient.func_147281_a(NetHandlerPlayClient.java:840) ~[bcy.class:?]
	at net.minecraft.network.play.server.S0FPacketSpawnMob.func_148833_a(SourceFile:109) ~[fn.class:?]
	at net.minecraft.network.play.server.S0FPacketSpawnMob.func_148833_a(SourceFile:15) ~[fn.class:?]
	at net.minecraft.network.PacketThreadUtil$1.run(SourceFile:13) ~[fh$1.class:?]
	at java.util.concurrent.Executors$RunnableAdapter.call(Executors.java:511) ~[?:1.8.0_51]
	at java.util.concurrent.FutureTask.run(FutureTask.java:266) ~[?:1.8.0_51]
	at net.minecraft.util.Util.func_181617_a(SourceFile:44) ~[g.class:?]
	... 9 more
[14:25:08] [Client thread/INFO]: [CHAT] [CONFIG] Lancement de la génération des mondes, des freezes peuvent être ressentis !
[14:25:12] [Client thread/INFO]: [CHAT] [CONFIG] Génération des mondes terminée avec succès.
[14:25:12] [Client thread/INFO]: [CHAT] [UHC] Confirmez pour quitter la partie.
[14:25:13] [Client thread/INFO]: [CHAT] [UHC] Vous quittez la partie.
[14:25:13] [Client thread/INFO]: [CHAT] [?] Téléportation en cours...
[14:25:13] [Client thread/FATAL]: Error executing task
java.util.concurrent.ExecutionException: java.lang.NullPointerException
	at java.util.concurrent.FutureTask.report(FutureTask.java:122) ~[?:1.8.0_51]
	at java.util.concurrent.FutureTask.get(FutureTask.java:192) ~[?:1.8.0_51]
	at net.minecraft.util.Util.func_181617_a(SourceFile:45) [g.class:?]
	at net.minecraft.client.Minecraft.func_71411_J(Minecraft.java:1014) [ave.class:?]
	at net.minecraft.client.Minecraft.func_99999_d(Minecraft.java:349) [ave.class:?]
	at net.minecraft.client.main.Main.main(SourceFile:124) [Main.class:?]
	at sun.reflect.NativeMethodAccessorImpl.invoke0(Native Method) ~[?:1.8.0_51]
	at sun.reflect.NativeMethodAccessorImpl.invoke(NativeMethodAccessorImpl.java:62) ~[?:1.8.0_51]
	at sun.reflect.DelegatingMethodAccessorImpl.invoke(DelegatingMethodAccessorImpl.java:43) ~[?:1.8.0_51]
	at java.lang.reflect.Method.invoke(Method.java:497) ~[?:1.8.0_51]
	at net.minecraft.launchwrapper.Launch.launch(Launch.java:135) [launchwrapper-1.12.jar:?]
	at net.minecraft.launchwrapper.Launch.main(Launch.java:28) [launchwrapper-1.12.jar:?]
Caused by: java.lang.NullPointerException
	at net.minecraft.network.play.server.S0CPacketSpawnPlayer.func_148944_c(SourceFile:80) ~[fp.class:?]
	at net.minecraft.client.network.NetHandlerPlayClient.func_147237_a(NetHandlerPlayClient.java:501) ~[bcy.class:?]
	at net.minecraft.network.play.server.S0CPacketSpawnPlayer.func_148833_a(SourceFile:75) ~[fp.class:?]
	at net.minecraft.network.play.server.S0CPacketSpawnPlayer.func_148833_a(SourceFile:16) ~[fp.class:?]
	at net.minecraft.network.PacketThreadUtil$1.run(SourceFile:13) ~[fh$1.class:?]
	at java.util.concurrent.Executors$RunnableAdapter.call(Executors.java:511) ~[?:1.8.0_51]
	at java.util.concurrent.FutureTask.run(FutureTask.java:266) ~[?:1.8.0_51]
	at net.minecraft.util.Util.func_181617_a(SourceFile:44) ~[g.class:?]
	... 9 more
[14:25:13] [Client thread/FATAL]: Error executing task
java.util.concurrent.ExecutionException: java.lang.IllegalArgumentException: A team with the name 'citizen_team' already exists!
	at java.util.concurrent.FutureTask.report(FutureTask.java:122) ~[?:1.8.0_51]
	at java.util.concurrent.FutureTask.get(FutureTask.java:192) ~[?:1.8.0_51]
	at net.minecraft.util.Util.func_181617_a(SourceFile:45) [g.class:?]
	at net.minecraft.client.Minecraft.func_71411_J(Minecraft.java:1014) [ave.class:?]
	at net.minecraft.client.Minecraft.func_99999_d(Minecraft.java:349) [ave.class:?]
	at net.minecraft.client.main.Main.main(SourceFile:124) [Main.class:?]
	at sun.reflect.NativeMethodAccessorImpl.invoke0(Native Method) ~[?:1.8.0_51]
	at sun.reflect.NativeMethodAccessorImpl.invoke(NativeMethodAccessorImpl.java:62) ~[?:1.8.0_51]
	at sun.reflect.DelegatingMethodAccessorImpl.invoke(DelegatingMethodAccessorImpl.java:43) ~[?:1.8.0_51]
	at java.lang.reflect.Method.invoke(Method.java:497) ~[?:1.8.0_51]
	at net.minecraft.launchwrapper.Launch.launch(Launch.java:135) [launchwrapper-1.12.jar:?]
	at net.minecraft.launchwrapper.Launch.main(Launch.java:28) [launchwrapper-1.12.jar:?]
Caused by: java.lang.IllegalArgumentException: A team with the name 'citizen_team' already exists!
	at net.minecraft.scoreboard.Scoreboard.func_96527_f(SourceFile:218) ~[auo.class:?]
	at net.minecraft.client.network.NetHandlerPlayClient.func_147247_a(NetHandlerPlayClient.java:1773) ~[bcy.class:?]
	at net.minecraft.network.play.server.S3EPacketTeams.func_148833_a(SourceFile:113) ~[hr.class:?]
	at net.minecraft.network.play.server.S3EPacketTeams.func_148833_a(SourceFile:13) ~[hr.class:?]
	at net.minecraft.network.PacketThreadUtil$1.run(SourceFile:13) ~[fh$1.class:?]
	at java.util.concurrent.Executors$RunnableAdapter.call(Executors.java:511) ~[?:1.8.0_51]
	at java.util.concurrent.FutureTask.run(FutureTask.java:266) ~[?:1.8.0_51]
	at net.minecraft.util.Util.func_181617_a(SourceFile:44) ~[g.class:?]
	... 9 more
[14:25:13] [Client thread/FATAL]: Error executing task
java.util.concurrent.ExecutionException: java.lang.NullPointerException
	at java.util.concurrent.FutureTask.report(FutureTask.java:122) ~[?:1.8.0_51]
	at java.util.concurrent.FutureTask.get(FutureTask.java:192) ~[?:1.8.0_51]
	at net.minecraft.util.Util.func_181617_a(SourceFile:45) [g.class:?]
	at net.minecraft.client.Minecraft.func_71411_J(Minecraft.java:1014) [ave.class:?]
	at net.minecraft.client.Minecraft.func_99999_d(Minecraft.java:349) [ave.class:?]
	at net.minecraft.client.main.Main.main(SourceFile:124) [Main.class:?]
	at sun.reflect.NativeMethodAccessorImpl.invoke0(Native Method) ~[?:1.8.0_51]
	at sun.reflect.NativeMethodAccessorImpl.invoke(NativeMethodAccessorImpl.java:62) ~[?:1.8.0_51]
	at sun.reflect.DelegatingMethodAccessorImpl.invoke(DelegatingMethodAccessorImpl.java:43) ~[?:1.8.0_51]
	at java.lang.reflect.Method.invoke(Method.java:497) ~[?:1.8.0_51]
	at net.minecraft.launchwrapper.Launch.launch(Launch.java:135) [launchwrapper-1.12.jar:?]
	at net.minecraft.launchwrapper.Launch.main(Launch.java:28) [launchwrapper-1.12.jar:?]
Caused by: java.lang.NullPointerException
	at net.minecraft.network.play.server.S0CPacketSpawnPlayer.func_148944_c(SourceFile:80) ~[fp.class:?]
	at net.minecraft.client.network.NetHandlerPlayClient.func_147237_a(NetHandlerPlayClient.java:501) ~[bcy.class:?]
	at net.minecraft.network.play.server.S0CPacketSpawnPlayer.func_148833_a(SourceFile:75) ~[fp.class:?]
	at net.minecraft.network.play.server.S0CPacketSpawnPlayer.func_148833_a(SourceFile:16) ~[fp.class:?]
	at net.minecraft.network.PacketThreadUtil$1.run(SourceFile:13) ~[fh$1.class:?]
	at java.util.concurrent.Executors$RunnableAdapter.call(Executors.java:511) ~[?:1.8.0_51]
	at java.util.concurrent.FutureTask.run(FutureTask.java:266) ~[?:1.8.0_51]
	at net.minecraft.util.Util.func_181617_a(SourceFile:44) ~[g.class:?]
	... 9 more
[14:25:13] [Client thread/FATAL]: Error executing task
java.util.concurrent.ExecutionException: java.lang.NullPointerException
	at java.util.concurrent.FutureTask.report(FutureTask.java:122) ~[?:1.8.0_51]
	at java.util.concurrent.FutureTask.get(FutureTask.java:192) ~[?:1.8.0_51]
	at net.minecraft.util.Util.func_181617_a(SourceFile:45) [g.class:?]
	at net.minecraft.client.Minecraft.func_71411_J(Minecraft.java:1014) [ave.class:?]
	at net.minecraft.client.Minecraft.func_99999_d(Minecraft.java:349) [ave.class:?]
	at net.minecraft.client.main.Main.main(SourceFile:124) [Main.class:?]
	at sun.reflect.NativeMethodAccessorImpl.invoke0(Native Method) ~[?:1.8.0_51]
	at sun.reflect.NativeMethodAccessorImpl.invoke(NativeMethodAccessorImpl.java:62) ~[?:1.8.0_51]
	at sun.reflect.DelegatingMethodAccessorImpl.invoke(DelegatingMethodAccessorImpl.java:43) ~[?:1.8.0_51]
	at java.lang.reflect.Method.invoke(Method.java:497) ~[?:1.8.0_51]
	at net.minecraft.launchwrapper.Launch.launch(Launch.java:135) [launchwrapper-1.12.jar:?]
	at net.minecraft.launchwrapper.Launch.main(Launch.java:28) [launchwrapper-1.12.jar:?]
Caused by: java.lang.NullPointerException
	at net.minecraft.network.play.server.S0FPacketSpawnMob.func_149027_c(SourceFile:114) ~[fn.class:?]
	at net.minecraft.client.network.NetHandlerPlayClient.func_147281_a(NetHandlerPlayClient.java:840) ~[bcy.class:?]
	at net.minecraft.network.play.server.S0FPacketSpawnMob.func_148833_a(SourceFile:109) ~[fn.class:?]
	at net.minecraft.network.play.server.S0FPacketSpawnMob.func_148833_a(SourceFile:15) ~[fn.class:?]
	at net.minecraft.network.PacketThreadUtil$1.run(SourceFile:13) ~[fh$1.class:?]
	at java.util.concurrent.Executors$RunnableAdapter.call(Executors.java:511) ~[?:1.8.0_51]
	at java.util.concurrent.FutureTask.run(FutureTask.java:266) ~[?:1.8.0_51]
	at net.minecraft.util.Util.func_181617_a(SourceFile:44) ~[g.class:?]
	... 9 more
[14:25:13] [Client thread/FATAL]: Error executing task
java.util.concurrent.ExecutionException: java.lang.NullPointerException
	at java.util.concurrent.FutureTask.report(FutureTask.java:122) ~[?:1.8.0_51]
	at java.util.concurrent.FutureTask.get(FutureTask.java:192) ~[?:1.8.0_51]
	at net.minecraft.util.Util.func_181617_a(SourceFile:45) [g.class:?]
	at net.minecraft.client.Minecraft.func_71411_J(Minecraft.java:1014) [ave.class:?]
	at net.minecraft.client.Minecraft.func_99999_d(Minecraft.java:349) [ave.class:?]
	at net.minecraft.client.main.Main.main(SourceFile:124) [Main.class:?]
	at sun.reflect.NativeMethodAccessorImpl.invoke0(Native Method) ~[?:1.8.0_51]
	at sun.reflect.NativeMethodAccessorImpl.invoke(NativeMethodAccessorImpl.java:62) ~[?:1.8.0_51]
	at sun.reflect.DelegatingMethodAccessorImpl.invoke(DelegatingMethodAccessorImpl.java:43) ~[?:1.8.0_51]
	at java.lang.reflect.Method.invoke(Method.java:497) ~[?:1.8.0_51]
	at net.minecraft.launchwrapper.Launch.launch(Launch.java:135) [launchwrapper-1.12.jar:?]
	at net.minecraft.launchwrapper.Launch.main(Launch.java:28) [launchwrapper-1.12.jar:?]
Caused by: java.lang.NullPointerException
	at net.minecraft.network.play.server.S0FPacketSpawnMob.func_149027_c(SourceFile:114) ~[fn.class:?]
	at net.minecraft.client.network.NetHandlerPlayClient.func_147281_a(NetHandlerPlayClient.java:840) ~[bcy.class:?]
	at net.minecraft.network.play.server.S0FPacketSpawnMob.func_148833_a(SourceFile:109) ~[fn.class:?]
	at net.minecraft.network.play.server.S0FPacketSpawnMob.func_148833_a(SourceFile:15) ~[fn.class:?]
	at net.minecraft.network.PacketThreadUtil$1.run(SourceFile:13) ~[fh$1.class:?]
	at java.util.concurrent.Executors$RunnableAdapter.call(Executors.java:511) ~[?:1.8.0_51]
	at java.util.concurrent.FutureTask.run(FutureTask.java:266) ~[?:1.8.0_51]
	at net.minecraft.util.Util.func_181617_a(SourceFile:44) ~[g.class:?]
	... 9 more
[14:25:16] [Client thread/WARN]: Unable to play unknown soundEvent: minecraft:
[14:25:26] [Client thread/WARN]: Unable to play unknown soundEvent: minecraft:
[14:25:32] [Client thread/FATAL]: Error executing task
java.util.concurrent.ExecutionException: java.lang.NullPointerException
	at java.util.concurrent.FutureTask.report(FutureTask.java:122) ~[?:1.8.0_51]
	at java.util.concurrent.FutureTask.get(FutureTask.java:192) ~[?:1.8.0_51]
	at net.minecraft.util.Util.func_181617_a(SourceFile:45) [g.class:?]
	at net.minecraft.client.Minecraft.func_71411_J(Minecraft.java:1014) [ave.class:?]
	at net.minecraft.client.Minecraft.func_99999_d(Minecraft.java:349) [ave.class:?]
	at net.minecraft.client.main.Main.main(SourceFile:124) [Main.class:?]
	at sun.reflect.NativeMethodAccessorImpl.invoke0(Native Method) ~[?:1.8.0_51]
	at sun.reflect.NativeMethodAccessorImpl.invoke(NativeMethodAccessorImpl.java:62) ~[?:1.8.0_51]
	at sun.reflect.DelegatingMethodAccessorImpl.invoke(DelegatingMethodAccessorImpl.java:43) ~[?:1.8.0_51]
	at java.lang.reflect.Method.invoke(Method.java:497) ~[?:1.8.0_51]
	at net.minecraft.launchwrapper.Launch.launch(Launch.java:135) [launchwrapper-1.12.jar:?]
	at net.minecraft.launchwrapper.Launch.main(Launch.java:28) [launchwrapper-1.12.jar:?]
Caused by: java.lang.NullPointerException
	at net.minecraft.scoreboard.Scoreboard.func_96511_d(SourceFile:229) ~[auo.class:?]
	at net.minecraft.client.network.NetHandlerPlayClient.func_147247_a(NetHandlerPlayClient.java:1813) ~[bcy.class:?]
	at net.minecraft.network.play.server.S3EPacketTeams.func_148833_a(SourceFile:113) ~[hr.class:?]
	at net.minecraft.network.play.server.S3EPacketTeams.func_148833_a(SourceFile:13) ~[hr.class:?]
	at net.minecraft.network.PacketThreadUtil$1.run(SourceFile:13) ~[fh$1.class:?]
	at java.util.concurrent.Executors$RunnableAdapter.call(Executors.java:511) ~[?:1.8.0_51]
	at java.util.concurrent.FutureTask.run(FutureTask.java:266) ~[?:1.8.0_51]
	at net.minecraft.util.Util.func_181617_a(SourceFile:44) ~[g.class:?]
	... 9 more
[14:25:32] [Client thread/FATAL]: Error executing task
java.util.concurrent.ExecutionException: java.lang.NullPointerException
	at java.util.concurrent.FutureTask.report(FutureTask.java:122) ~[?:1.8.0_51]
	at java.util.concurrent.FutureTask.get(FutureTask.java:192) ~[?:1.8.0_51]
	at net.minecraft.util.Util.func_181617_a(SourceFile:45) [g.class:?]
	at net.minecraft.client.Minecraft.func_71411_J(Minecraft.java:1014) [ave.class:?]
	at net.minecraft.client.Minecraft.func_99999_d(Minecraft.java:349) [ave.class:?]
	at net.minecraft.client.main.Main.main(SourceFile:124) [Main.class:?]
	at sun.reflect.NativeMethodAccessorImpl.invoke0(Native Method) ~[?:1.8.0_51]
	at sun.reflect.NativeMethodAccessorImpl.invoke(NativeMethodAccessorImpl.java:62) ~[?:1.8.0_51]
	at sun.reflect.DelegatingMethodAccessorImpl.invoke(DelegatingMethodAccessorImpl.java:43) ~[?:1.8.0_51]
	at java.lang.reflect.Method.invoke(Method.java:497) ~[?:1.8.0_51]
	at net.minecraft.launchwrapper.Launch.launch(Launch.java:135) [launchwrapper-1.12.jar:?]
	at net.minecraft.launchwrapper.Launch.main(Launch.java:28) [launchwrapper-1.12.jar:?]
Caused by: java.lang.NullPointerException
	at net.minecraft.scoreboard.Scoreboard.func_96511_d(SourceFile:229) ~[auo.class:?]
	at net.minecraft.client.network.NetHandlerPlayClient.func_147247_a(NetHandlerPlayClient.java:1813) ~[bcy.class:?]
	at net.minecraft.network.play.server.S3EPacketTeams.func_148833_a(SourceFile:113) ~[hr.class:?]
	at net.minecraft.network.play.server.S3EPacketTeams.func_148833_a(SourceFile:13) ~[hr.class:?]
	at net.minecraft.network.PacketThreadUtil$1.run(SourceFile:13) ~[fh$1.class:?]
	at java.util.concurrent.Executors$RunnableAdapter.call(Executors.java:511) ~[?:1.8.0_51]
	at java.util.concurrent.FutureTask.run(FutureTask.java:266) ~[?:1.8.0_51]
	at net.minecraft.util.Util.func_181617_a(SourceFile:44) ~[g.class:?]
	... 9 more
[14:25:32] [Client thread/FATAL]: Error executing task
java.util.concurrent.ExecutionException: java.lang.NullPointerException
	at java.util.concurrent.FutureTask.report(FutureTask.java:122) ~[?:1.8.0_51]
	at java.util.concurrent.FutureTask.get(FutureTask.java:192) ~[?:1.8.0_51]
	at net.minecraft.util.Util.func_181617_a(SourceFile:45) [g.class:?]
	at net.minecraft.client.Minecraft.func_71411_J(Minecraft.java:1014) [ave.class:?]
	at net.minecraft.client.Minecraft.func_99999_d(Minecraft.java:349) [ave.class:?]
	at net.minecraft.client.main.Main.main(SourceFile:124) [Main.class:?]
	at sun.reflect.NativeMethodAccessorImpl.invoke0(Native Method) ~[?:1.8.0_51]
	at sun.reflect.NativeMethodAccessorImpl.invoke(NativeMethodAccessorImpl.java:62) ~[?:1.8.0_51]
	at sun.reflect.DelegatingMethodAccessorImpl.invoke(DelegatingMethodAccessorImpl.java:43) ~[?:1.8.0_51]
	at java.lang.reflect.Method.invoke(Method.java:497) ~[?:1.8.0_51]
	at net.minecraft.launchwrapper.Launch.launch(Launch.java:135) [launchwrapper-1.12.jar:?]
	at net.minecraft.launchwrapper.Launch.main(Launch.java:28) [launchwrapper-1.12.jar:?]
Caused by: java.lang.NullPointerException
	at net.minecraft.scoreboard.Scoreboard.func_96511_d(SourceFile:229) ~[auo.class:?]
	at net.minecraft.client.network.NetHandlerPlayClient.func_147247_a(NetHandlerPlayClient.java:1813) ~[bcy.class:?]
	at net.minecraft.network.play.server.S3EPacketTeams.func_148833_a(SourceFile:113) ~[hr.class:?]
	at net.minecraft.network.play.server.S3EPacketTeams.func_148833_a(SourceFile:13) ~[hr.class:?]
	at net.minecraft.network.PacketThreadUtil$1.run(SourceFile:13) ~[fh$1.class:?]
	at java.util.concurrent.Executors$RunnableAdapter.call(Executors.java:511) ~[?:1.8.0_51]
	at java.util.concurrent.FutureTask.run(FutureTask.java:266) ~[?:1.8.0_51]
	at net.minecraft.util.Util.func_181617_a(SourceFile:44) ~[g.class:?]
	... 9 more
[14:25:32] [Client thread/FATAL]: Error executing task
java.util.concurrent.ExecutionException: java.lang.NullPointerException
	at java.util.concurrent.FutureTask.report(FutureTask.java:122) ~[?:1.8.0_51]
	at java.util.concurrent.FutureTask.get(FutureTask.java:192) ~[?:1.8.0_51]
	at net.minecraft.util.Util.func_181617_a(SourceFile:45) [g.class:?]
	at net.minecraft.client.Minecraft.func_71411_J(Minecraft.java:1014) [ave.class:?]
	at net.minecraft.client.Minecraft.func_99999_d(Minecraft.java:349) [ave.class:?]
	at net.minecraft.client.main.Main.main(SourceFile:124) [Main.class:?]
	at sun.reflect.NativeMethodAccessorImpl.invoke0(Native Method) ~[?:1.8.0_51]
	at sun.reflect.NativeMethodAccessorImpl.invoke(NativeMethodAccessorImpl.java:62) ~[?:1.8.0_51]
	at sun.reflect.DelegatingMethodAccessorImpl.invoke(DelegatingMethodAccessorImpl.java:43) ~[?:1.8.0_51]
	at java.lang.reflect.Method.invoke(Method.java:497) ~[?:1.8.0_51]
	at net.minecraft.launchwrapper.Launch.launch(Launch.java:135) [launchwrapper-1.12.jar:?]
	at net.minecraft.launchwrapper.Launch.main(Launch.java:28) [launchwrapper-1.12.jar:?]
Caused by: java.lang.NullPointerException
	at net.minecraft.scoreboard.Scoreboard.func_96511_d(SourceFile:229) ~[auo.class:?]
	at net.minecraft.client.network.NetHandlerPlayClient.func_147247_a(NetHandlerPlayClient.java:1813) ~[bcy.class:?]
	at net.minecraft.network.play.server.S3EPacketTeams.func_148833_a(SourceFile:113) ~[hr.class:?]
	at net.minecraft.network.play.server.S3EPacketTeams.func_148833_a(SourceFile:13) ~[hr.class:?]
	at net.minecraft.network.PacketThreadUtil$1.run(SourceFile:13) ~[fh$1.class:?]
	at java.util.concurrent.Executors$RunnableAdapter.call(Executors.java:511) ~[?:1.8.0_51]
	at java.util.concurrent.FutureTask.run(FutureTask.java:266) ~[?:1.8.0_51]
	at net.minecraft.util.Util.func_181617_a(SourceFile:44) ~[g.class:?]
	... 9 more
[14:25:32] [Client thread/FATAL]: Error executing task
java.util.concurrent.ExecutionException: java.lang.NullPointerException
	at java.util.concurrent.FutureTask.report(FutureTask.java:122) ~[?:1.8.0_51]
	at java.util.concurrent.FutureTask.get(FutureTask.java:192) ~[?:1.8.0_51]
	at net.minecraft.util.Util.func_181617_a(SourceFile:45) [g.class:?]
	at net.minecraft.client.Minecraft.func_71411_J(Minecraft.java:1014) [ave.class:?]
	at net.minecraft.client.Minecraft.func_99999_d(Minecraft.java:349) [ave.class:?]
	at net.minecraft.client.main.Main.main(SourceFile:124) [Main.class:?]
	at sun.reflect.NativeMethodAccessorImpl.invoke0(Native Method) ~[?:1.8.0_51]
	at sun.reflect.NativeMethodAccessorImpl.invoke(NativeMethodAccessorImpl.java:62) ~[?:1.8.0_51]
	at sun.reflect.DelegatingMethodAccessorImpl.invoke(DelegatingMethodAccessorImpl.java:43) ~[?:1.8.0_51]
	at java.lang.reflect.Method.invoke(Method.java:497) ~[?:1.8.0_51]
	at net.minecraft.launchwrapper.Launch.launch(Launch.java:135) [launchwrapper-1.12.jar:?]
	at net.minecraft.launchwrapper.Launch.main(Launch.java:28) [launchwrapper-1.12.jar:?]
Caused by: java.lang.NullPointerException
	at net.minecraft.scoreboard.Scoreboard.func_96511_d(SourceFile:229) ~[auo.class:?]
	at net.minecraft.client.network.NetHandlerPlayClient.func_147247_a(NetHandlerPlayClient.java:1813) ~[bcy.class:?]
	at net.minecraft.network.play.server.S3EPacketTeams.func_148833_a(SourceFile:113) ~[hr.class:?]
	at net.minecraft.network.play.server.S3EPacketTeams.func_148833_a(SourceFile:13) ~[hr.class:?]
	at net.minecraft.network.PacketThreadUtil$1.run(SourceFile:13) ~[fh$1.class:?]
	at java.util.concurrent.Executors$RunnableAdapter.call(Executors.java:511) ~[?:1.8.0_51]
	at java.util.concurrent.FutureTask.run(FutureTask.java:266) ~[?:1.8.0_51]
	at net.minecraft.util.Util.func_181617_a(SourceFile:44) ~[g.class:?]
	... 9 more
[14:25:32] [Client thread/FATAL]: Error executing task
java.util.concurrent.ExecutionException: java.lang.NullPointerException
	at java.util.concurrent.FutureTask.report(FutureTask.java:122) ~[?:1.8.0_51]
	at java.util.concurrent.FutureTask.get(FutureTask.java:192) ~[?:1.8.0_51]
	at net.minecraft.util.Util.func_181617_a(SourceFile:45) [g.class:?]
	at net.minecraft.client.Minecraft.func_71411_J(Minecraft.java:1014) [ave.class:?]
	at net.minecraft.client.Minecraft.func_99999_d(Minecraft.java:349) [ave.class:?]
	at net.minecraft.client.main.Main.main(SourceFile:124) [Main.class:?]
	at sun.reflect.NativeMethodAccessorImpl.invoke0(Native Method) ~[?:1.8.0_51]
	at sun.reflect.NativeMethodAccessorImpl.invoke(NativeMethodAccessorImpl.java:62) ~[?:1.8.0_51]
	at sun.reflect.DelegatingMethodAccessorImpl.invoke(DelegatingMethodAccessorImpl.java:43) ~[?:1.8.0_51]
	at java.lang.reflect.Method.invoke(Method.java:497) ~[?:1.8.0_51]
	at net.minecraft.launchwrapper.Launch.launch(Launch.java:135) [launchwrapper-1.12.jar:?]
	at net.minecraft.launchwrapper.Launch.main(Launch.java:28) [launchwrapper-1.12.jar:?]
Caused by: java.lang.NullPointerException
	at net.minecraft.scoreboard.Scoreboard.func_96511_d(SourceFile:229) ~[auo.class:?]
	at net.minecraft.client.network.NetHandlerPlayClient.func_147247_a(NetHandlerPlayClient.java:1813) ~[bcy.class:?]
	at net.minecraft.network.play.server.S3EPacketTeams.func_148833_a(SourceFile:113) ~[hr.class:?]
	at net.minecraft.network.play.server.S3EPacketTeams.func_148833_a(SourceFile:13) ~[hr.class:?]
	at net.minecraft.network.PacketThreadUtil$1.run(SourceFile:13) ~[fh$1.class:?]
	at java.util.concurrent.Executors$RunnableAdapter.call(Executors.java:511) ~[?:1.8.0_51]
	at java.util.concurrent.FutureTask.run(FutureTask.java:266) ~[?:1.8.0_51]
	at net.minecraft.util.Util.func_181617_a(SourceFile:44) ~[g.class:?]
	... 9 more
[14:25:32] [Client thread/FATAL]: Error executing task
java.util.concurrent.ExecutionException: java.lang.NullPointerException
	at java.util.concurrent.FutureTask.report(FutureTask.java:122) ~[?:1.8.0_51]
	at java.util.concurrent.FutureTask.get(FutureTask.java:192) ~[?:1.8.0_51]
	at net.minecraft.util.Util.func_181617_a(SourceFile:45) [g.class:?]
	at net.minecraft.client.Minecraft.func_71411_J(Minecraft.java:1014) [ave.class:?]
	at net.minecraft.client.Minecraft.func_99999_d(Minecraft.java:349) [ave.class:?]
	at net.minecraft.client.main.Main.main(SourceFile:124) [Main.class:?]
	at sun.reflect.NativeMethodAccessorImpl.invoke0(Native Method) ~[?:1.8.0_51]
	at sun.reflect.NativeMethodAccessorImpl.invoke(NativeMethodAccessorImpl.java:62) ~[?:1.8.0_51]
	at sun.reflect.DelegatingMethodAccessorImpl.invoke(DelegatingMethodAccessorImpl.java:43) ~[?:1.8.0_51]
	at java.lang.reflect.Method.invoke(Method.java:497) ~[?:1.8.0_51]
	at net.minecraft.launchwrapper.Launch.launch(Launch.java:135) [launchwrapper-1.12.jar:?]
	at net.minecraft.launchwrapper.Launch.main(Launch.java:28) [launchwrapper-1.12.jar:?]
Caused by: java.lang.NullPointerException
	at net.minecraft.scoreboard.Scoreboard.func_96511_d(SourceFile:229) ~[auo.class:?]
	at net.minecraft.client.network.NetHandlerPlayClient.func_147247_a(NetHandlerPlayClient.java:1813) ~[bcy.class:?]
	at net.minecraft.network.play.server.S3EPacketTeams.func_148833_a(SourceFile:113) ~[hr.class:?]
	at net.minecraft.network.play.server.S3EPacketTeams.func_148833_a(SourceFile:13) ~[hr.class:?]
	at net.minecraft.network.PacketThreadUtil$1.run(SourceFile:13) ~[fh$1.class:?]
	at java.util.concurrent.Executors$RunnableAdapter.call(Executors.java:511) ~[?:1.8.0_51]
	at java.util.concurrent.FutureTask.run(FutureTask.java:266) ~[?:1.8.0_51]
	at net.minecraft.util.Util.func_181617_a(SourceFile:44) ~[g.class:?]
	... 9 more
[14:25:32] [Client thread/FATAL]: Error executing task
java.util.concurrent.ExecutionException: java.lang.NullPointerException
	at java.util.concurrent.FutureTask.report(FutureTask.java:122) ~[?:1.8.0_51]
	at java.util.concurrent.FutureTask.get(FutureTask.java:192) ~[?:1.8.0_51]
	at net.minecraft.util.Util.func_181617_a(SourceFile:45) [g.class:?]
	at net.minecraft.client.Minecraft.func_71411_J(Minecraft.java:1014) [ave.class:?]
	at net.minecraft.client.Minecraft.func_99999_d(Minecraft.java:349) [ave.class:?]
	at net.minecraft.client.main.Main.main(SourceFile:124) [Main.class:?]
	at sun.reflect.NativeMethodAccessorImpl.invoke0(Native Method) ~[?:1.8.0_51]
	at sun.reflect.NativeMethodAccessorImpl.invoke(NativeMethodAccessorImpl.java:62) ~[?:1.8.0_51]
	at sun.reflect.DelegatingMethodAccessorImpl.invoke(DelegatingMethodAccessorImpl.java:43) ~[?:1.8.0_51]
	at java.lang.reflect.Method.invoke(Method.java:497) ~[?:1.8.0_51]
	at net.minecraft.launchwrapper.Launch.launch(Launch.java:135) [launchwrapper-1.12.jar:?]
	at net.minecraft.launchwrapper.Launch.main(Launch.java:28) [launchwrapper-1.12.jar:?]
Caused by: java.lang.NullPointerException
	at net.minecraft.scoreboard.Scoreboard.func_96511_d(SourceFile:229) ~[auo.class:?]
	at net.minecraft.client.network.NetHandlerPlayClient.func_147247_a(NetHandlerPlayClient.java:1813) ~[bcy.class:?]
	at net.minecraft.network.play.server.S3EPacketTeams.func_148833_a(SourceFile:113) ~[hr.class:?]
	at net.minecraft.network.play.server.S3EPacketTeams.func_148833_a(SourceFile:13) ~[hr.class:?]
	at net.minecraft.network.PacketThreadUtil$1.run(SourceFile:13) ~[fh$1.class:?]
	at java.util.concurrent.Executors$RunnableAdapter.call(Executors.java:511) ~[?:1.8.0_51]
	at java.util.concurrent.FutureTask.run(FutureTask.java:266) ~[?:1.8.0_51]
	at net.minecraft.util.Util.func_181617_a(SourceFile:44) ~[g.class:?]
	... 9 more
[14:25:32] [Client thread/FATAL]: Error executing task
java.util.concurrent.ExecutionException: java.lang.NullPointerException
	at java.util.concurrent.FutureTask.report(FutureTask.java:122) ~[?:1.8.0_51]
	at java.util.concurrent.FutureTask.get(FutureTask.java:192) ~[?:1.8.0_51]
	at net.minecraft.util.Util.func_181617_a(SourceFile:45) [g.class:?]
	at net.minecraft.client.Minecraft.func_71411_J(Minecraft.java:1014) [ave.class:?]
	at net.minecraft.client.Minecraft.func_99999_d(Minecraft.java:349) [ave.class:?]
	at net.minecraft.client.main.Main.main(SourceFile:124) [Main.class:?]
	at sun.reflect.NativeMethodAccessorImpl.invoke0(Native Method) ~[?:1.8.0_51]
	at sun.reflect.NativeMethodAccessorImpl.invoke(NativeMethodAccessorImpl.java:62) ~[?:1.8.0_51]
	at sun.reflect.DelegatingMethodAccessorImpl.invoke(DelegatingMethodAccessorImpl.java:43) ~[?:1.8.0_51]
	at java.lang.reflect.Method.invoke(Method.java:497) ~[?:1.8.0_51]
	at net.minecraft.launchwrapper.Launch.launch(Launch.java:135) [launchwrapper-1.12.jar:?]
	at net.minecraft.launchwrapper.Launch.main(Launch.java:28) [launchwrapper-1.12.jar:?]
Caused by: java.lang.NullPointerException
	at net.minecraft.scoreboard.Scoreboard.func_96511_d(SourceFile:229) ~[auo.class:?]
	at net.minecraft.client.network.NetHandlerPlayClient.func_147247_a(NetHandlerPlayClient.java:1813) ~[bcy.class:?]
	at net.minecraft.network.play.server.S3EPacketTeams.func_148833_a(SourceFile:113) ~[hr.class:?]
	at net.minecraft.network.play.server.S3EPacketTeams.func_148833_a(SourceFile:13) ~[hr.class:?]
	at net.minecraft.network.PacketThreadUtil$1.run(SourceFile:13) ~[fh$1.class:?]
	at java.util.concurrent.Executors$RunnableAdapter.call(Executors.java:511) ~[?:1.8.0_51]
	at java.util.concurrent.FutureTask.run(FutureTask.java:266) ~[?:1.8.0_51]
	at net.minecraft.util.Util.func_181617_a(SourceFile:44) ~[g.class:?]
	... 9 more
[14:25:32] [Client thread/FATAL]: Error executing task
java.util.concurrent.ExecutionException: java.lang.NullPointerException
	at java.util.concurrent.FutureTask.report(FutureTask.java:122) ~[?:1.8.0_51]
	at java.util.concurrent.FutureTask.get(FutureTask.java:192) ~[?:1.8.0_51]
	at net.minecraft.util.Util.func_181617_a(SourceFile:45) [g.class:?]
	at net.minecraft.client.Minecraft.func_71411_J(Minecraft.java:1014) [ave.class:?]
	at net.minecraft.client.Minecraft.func_99999_d(Minecraft.java:349) [ave.class:?]
	at net.minecraft.client.main.Main.main(SourceFile:124) [Main.class:?]
	at sun.reflect.NativeMethodAccessorImpl.invoke0(Native Method) ~[?:1.8.0_51]
	at sun.reflect.NativeMethodAccessorImpl.invoke(NativeMethodAccessorImpl.java:62) ~[?:1.8.0_51]
	at sun.reflect.DelegatingMethodAccessorImpl.invoke(DelegatingMethodAccessorImpl.java:43) ~[?:1.8.0_51]
	at java.lang.reflect.Method.invoke(Method.java:497) ~[?:1.8.0_51]
	at net.minecraft.launchwrapper.Launch.launch(Launch.java:135) [launchwrapper-1.12.jar:?]
	at net.minecraft.launchwrapper.Launch.main(Launch.java:28) [launchwrapper-1.12.jar:?]
Caused by: java.lang.NullPointerException
	at net.minecraft.scoreboard.Scoreboard.func_96511_d(SourceFile:229) ~[auo.class:?]
	at net.minecraft.client.network.NetHandlerPlayClient.func_147247_a(NetHandlerPlayClient.java:1813) ~[bcy.class:?]
	at net.minecraft.network.play.server.S3EPacketTeams.func_148833_a(SourceFile:113) ~[hr.class:?]
	at net.minecraft.network.play.server.S3EPacketTeams.func_148833_a(SourceFile:13) ~[hr.class:?]
	at net.minecraft.network.PacketThreadUtil$1.run(SourceFile:13) ~[fh$1.class:?]
	at java.util.concurrent.Executors$RunnableAdapter.call(Executors.java:511) ~[?:1.8.0_51]
	at java.util.concurrent.FutureTask.run(FutureTask.java:266) ~[?:1.8.0_51]
	at net.minecraft.util.Util.func_181617_a(SourceFile:44) ~[g.class:?]
	... 9 more
[14:25:32] [Client thread/FATAL]: Error executing task
java.util.concurrent.ExecutionException: java.lang.NullPointerException
	at java.util.concurrent.FutureTask.report(FutureTask.java:122) ~[?:1.8.0_51]
	at java.util.concurrent.FutureTask.get(FutureTask.java:192) ~[?:1.8.0_51]
	at net.minecraft.util.Util.func_181617_a(SourceFile:45) [g.class:?]
	at net.minecraft.client.Minecraft.func_71411_J(Minecraft.java:1014) [ave.class:?]
	at net.minecraft.client.Minecraft.func_99999_d(Minecraft.java:349) [ave.class:?]
	at net.minecraft.client.main.Main.main(SourceFile:124) [Main.class:?]
	at sun.reflect.NativeMethodAccessorImpl.invoke0(Native Method) ~[?:1.8.0_51]
	at sun.reflect.NativeMethodAccessorImpl.invoke(NativeMethodAccessorImpl.java:62) ~[?:1.8.0_51]
	at sun.reflect.DelegatingMethodAccessorImpl.invoke(DelegatingMethodAccessorImpl.java:43) ~[?:1.8.0_51]
	at java.lang.reflect.Method.invoke(Method.java:497) ~[?:1.8.0_51]
	at net.minecraft.launchwrapper.Launch.launch(Launch.java:135) [launchwrapper-1.12.jar:?]
	at net.minecraft.launchwrapper.Launch.main(Launch.java:28) [launchwrapper-1.12.jar:?]
Caused by: java.lang.NullPointerException
	at net.minecraft.scoreboard.Scoreboard.func_96511_d(SourceFile:229) ~[auo.class:?]
	at net.minecraft.client.network.NetHandlerPlayClient.func_147247_a(NetHandlerPlayClient.java:1813) ~[bcy.class:?]
	at net.minecraft.network.play.server.S3EPacketTeams.func_148833_a(SourceFile:113) ~[hr.class:?]
	at net.minecraft.network.play.server.S3EPacketTeams.func_148833_a(SourceFile:13) ~[hr.class:?]
	at net.minecraft.network.PacketThreadUtil$1.run(SourceFile:13) ~[fh$1.class:?]
	at java.util.concurrent.Executors$RunnableAdapter.call(Executors.java:511) ~[?:1.8.0_51]
	at java.util.concurrent.FutureTask.run(FutureTask.java:266) ~[?:1.8.0_51]
	at net.minecraft.util.Util.func_181617_a(SourceFile:44) ~[g.class:?]
	... 9 more
[14:25:32] [Client thread/FATAL]: Error executing task
java.util.concurrent.ExecutionException: java.lang.NullPointerException
	at java.util.concurrent.FutureTask.report(FutureTask.java:122) ~[?:1.8.0_51]
	at java.util.concurrent.FutureTask.get(FutureTask.java:192) ~[?:1.8.0_51]
	at net.minecraft.util.Util.func_181617_a(SourceFile:45) [g.class:?]
	at net.minecraft.client.Minecraft.func_71411_J(Minecraft.java:1014) [ave.class:?]
	at net.minecraft.client.Minecraft.func_99999_d(Minecraft.java:349) [ave.class:?]
	at net.minecraft.client.main.Main.main(SourceFile:124) [Main.class:?]
	at sun.reflect.NativeMethodAccessorImpl.invoke0(Native Method) ~[?:1.8.0_51]
	at sun.reflect.NativeMethodAccessorImpl.invoke(NativeMethodAccessorImpl.java:62) ~[?:1.8.0_51]
	at sun.reflect.DelegatingMethodAccessorImpl.invoke(DelegatingMethodAccessorImpl.java:43) ~[?:1.8.0_51]
	at java.lang.reflect.Method.invoke(Method.java:497) ~[?:1.8.0_51]
	at net.minecraft.launchwrapper.Launch.launch(Launch.java:135) [launchwrapper-1.12.jar:?]
	at net.minecraft.launchwrapper.Launch.main(Launch.java:28) [launchwrapper-1.12.jar:?]
Caused by: java.lang.NullPointerException
	at net.minecraft.scoreboard.Scoreboard.func_96511_d(SourceFile:229) ~[auo.class:?]
	at net.minecraft.client.network.NetHandlerPlayClient.func_147247_a(NetHandlerPlayClient.java:1813) ~[bcy.class:?]
	at net.minecraft.network.play.server.S3EPacketTeams.func_148833_a(SourceFile:113) ~[hr.class:?]
	at net.minecraft.network.play.server.S3EPacketTeams.func_148833_a(SourceFile:13) ~[hr.class:?]
	at net.minecraft.network.PacketThreadUtil$1.run(SourceFile:13) ~[fh$1.class:?]
	at java.util.concurrent.Executors$RunnableAdapter.call(Executors.java:511) ~[?:1.8.0_51]
	at java.util.concurrent.FutureTask.run(FutureTask.java:266) ~[?:1.8.0_51]
	at net.minecraft.util.Util.func_181617_a(SourceFile:44) ~[g.class:?]
	... 9 more
[14:25:32] [Client thread/FATAL]: Error executing task
java.util.concurrent.ExecutionException: java.lang.NullPointerException
	at java.util.concurrent.FutureTask.report(FutureTask.java:122) ~[?:1.8.0_51]
	at java.util.concurrent.FutureTask.get(FutureTask.java:192) ~[?:1.8.0_51]
	at net.minecraft.util.Util.func_181617_a(SourceFile:45) [g.class:?]
	at net.minecraft.client.Minecraft.func_71411_J(Minecraft.java:1014) [ave.class:?]
	at net.minecraft.client.Minecraft.func_99999_d(Minecraft.java:349) [ave.class:?]
	at net.minecraft.client.main.Main.main(SourceFile:124) [Main.class:?]
	at sun.reflect.NativeMethodAccessorImpl.invoke0(Native Method) ~[?:1.8.0_51]
	at sun.reflect.NativeMethodAccessorImpl.invoke(NativeMethodAccessorImpl.java:62) ~[?:1.8.0_51]
	at sun.reflect.DelegatingMethodAccessorImpl.invoke(DelegatingMethodAccessorImpl.java:43) ~[?:1.8.0_51]
	at java.lang.reflect.Method.invoke(Method.java:497) ~[?:1.8.0_51]
	at net.minecraft.launchwrapper.Launch.launch(Launch.java:135) [launchwrapper-1.12.jar:?]
	at net.minecraft.launchwrapper.Launch.main(Launch.java:28) [launchwrapper-1.12.jar:?]
Caused by: java.lang.NullPointerException
	at net.minecraft.scoreboard.Scoreboard.func_96511_d(SourceFile:229) ~[auo.class:?]
	at net.minecraft.client.network.NetHandlerPlayClient.func_147247_a(NetHandlerPlayClient.java:1813) ~[bcy.class:?]
	at net.minecraft.network.play.server.S3EPacketTeams.func_148833_a(SourceFile:113) ~[hr.class:?]
	at net.minecraft.network.play.server.S3EPacketTeams.func_148833_a(SourceFile:13) ~[hr.class:?]
	at net.minecraft.network.PacketThreadUtil$1.run(SourceFile:13) ~[fh$1.class:?]
	at java.util.concurrent.Executors$RunnableAdapter.call(Executors.java:511) ~[?:1.8.0_51]
	at java.util.concurrent.FutureTask.run(FutureTask.java:266) ~[?:1.8.0_51]
	at net.minecraft.util.Util.func_181617_a(SourceFile:44) ~[g.class:?]
	... 9 more
[14:25:32] [Client thread/FATAL]: Error executing task
java.util.concurrent.ExecutionException: java.lang.NullPointerException
	at java.util.concurrent.FutureTask.report(FutureTask.java:122) ~[?:1.8.0_51]
	at java.util.concurrent.FutureTask.get(FutureTask.java:192) ~[?:1.8.0_51]
	at net.minecraft.util.Util.func_181617_a(SourceFile:45) [g.class:?]
	at net.minecraft.client.Minecraft.func_71411_J(Minecraft.java:1014) [ave.class:?]
	at net.minecraft.client.Minecraft.func_99999_d(Minecraft.java:349) [ave.class:?]
	at net.minecraft.client.main.Main.main(SourceFile:124) [Main.class:?]
	at sun.reflect.NativeMethodAccessorImpl.invoke0(Native Method) ~[?:1.8.0_51]
	at sun.reflect.NativeMethodAccessorImpl.invoke(NativeMethodAccessorImpl.java:62) ~[?:1.8.0_51]
	at sun.reflect.DelegatingMethodAccessorImpl.invoke(DelegatingMethodAccessorImpl.java:43) ~[?:1.8.0_51]
	at java.lang.reflect.Method.invoke(Method.java:497) ~[?:1.8.0_51]
	at net.minecraft.launchwrapper.Launch.launch(Launch.java:135) [launchwrapper-1.12.jar:?]
	at net.minecraft.launchwrapper.Launch.main(Launch.java:28) [launchwrapper-1.12.jar:?]
Caused by: java.lang.NullPointerException
	at net.minecraft.scoreboard.Scoreboard.func_96511_d(SourceFile:229) ~[auo.class:?]
	at net.minecraft.client.network.NetHandlerPlayClient.func_147247_a(NetHandlerPlayClient.java:1813) ~[bcy.class:?]
	at net.minecraft.network.play.server.S3EPacketTeams.func_148833_a(SourceFile:113) ~[hr.class:?]
	at net.minecraft.network.play.server.S3EPacketTeams.func_148833_a(SourceFile:13) ~[hr.class:?]
	at net.minecraft.network.PacketThreadUtil$1.run(SourceFile:13) ~[fh$1.class:?]
	at java.util.concurrent.Executors$RunnableAdapter.call(Executors.java:511) ~[?:1.8.0_51]
	at java.util.concurrent.FutureTask.run(FutureTask.java:266) ~[?:1.8.0_51]
	at net.minecraft.util.Util.func_181617_a(SourceFile:44) ~[g.class:?]
	... 9 more
[14:25:32] [Client thread/FATAL]: Error executing task
java.util.concurrent.ExecutionException: java.lang.NullPointerException
	at java.util.concurrent.FutureTask.report(FutureTask.java:122) ~[?:1.8.0_51]
	at java.util.concurrent.FutureTask.get(FutureTask.java:192) ~[?:1.8.0_51]
	at net.minecraft.util.Util.func_181617_a(SourceFile:45) [g.class:?]
	at net.minecraft.client.Minecraft.func_71411_J(Minecraft.java:1014) [ave.class:?]
	at net.minecraft.client.Minecraft.func_99999_d(Minecraft.java:349) [ave.class:?]
	at net.minecraft.client.main.Main.main(SourceFile:124) [Main.class:?]
	at sun.reflect.NativeMethodAccessorImpl.invoke0(Native Method) ~[?:1.8.0_51]
	at sun.reflect.NativeMethodAccessorImpl.invoke(NativeMethodAccessorImpl.java:62) ~[?:1.8.0_51]
	at sun.reflect.DelegatingMethodAccessorImpl.invoke(DelegatingMethodAccessorImpl.java:43) ~[?:1.8.0_51]
	at java.lang.reflect.Method.invoke(Method.java:497) ~[?:1.8.0_51]
	at net.minecraft.launchwrapper.Launch.launch(Launch.java:135) [launchwrapper-1.12.jar:?]
	at net.minecraft.launchwrapper.Launch.main(Launch.java:28) [launchwrapper-1.12.jar:?]
Caused by: java.lang.NullPointerException
	at net.minecraft.scoreboard.Scoreboard.func_96511_d(SourceFile:229) ~[auo.class:?]
	at net.minecraft.client.network.NetHandlerPlayClient.func_147247_a(NetHandlerPlayClient.java:1813) ~[bcy.class:?]
	at net.minecraft.network.play.server.S3EPacketTeams.func_148833_a(SourceFile:113) ~[hr.class:?]
	at net.minecraft.network.play.server.S3EPacketTeams.func_148833_a(SourceFile:13) ~[hr.class:?]
	at net.minecraft.network.PacketThreadUtil$1.run(SourceFile:13) ~[fh$1.class:?]
	at java.util.concurrent.Executors$RunnableAdapter.call(Executors.java:511) ~[?:1.8.0_51]
	at java.util.concurrent.FutureTask.run(FutureTask.java:266) ~[?:1.8.0_51]
	at net.minecraft.util.Util.func_181617_a(SourceFile:44) ~[g.class:?]
	... 9 more
[14:25:32] [Client thread/FATAL]: Error executing task
java.util.concurrent.ExecutionException: java.lang.NullPointerException
	at java.util.concurrent.FutureTask.report(FutureTask.java:122) ~[?:1.8.0_51]
	at java.util.concurrent.FutureTask.get(FutureTask.java:192) ~[?:1.8.0_51]
	at net.minecraft.util.Util.func_181617_a(SourceFile:45) [g.class:?]
	at net.minecraft.client.Minecraft.func_71411_J(Minecraft.java:1014) [ave.class:?]
	at net.minecraft.client.Minecraft.func_99999_d(Minecraft.java:349) [ave.class:?]
	at net.minecraft.client.main.Main.main(SourceFile:124) [Main.class:?]
	at sun.reflect.NativeMethodAccessorImpl.invoke0(Native Method) ~[?:1.8.0_51]
	at sun.reflect.NativeMethodAccessorImpl.invoke(NativeMethodAccessorImpl.java:62) ~[?:1.8.0_51]
	at sun.reflect.DelegatingMethodAccessorImpl.invoke(DelegatingMethodAccessorImpl.java:43) ~[?:1.8.0_51]
	at java.lang.reflect.Method.invoke(Method.java:497) ~[?:1.8.0_51]
	at net.minecraft.launchwrapper.Launch.launch(Launch.java:135) [launchwrapper-1.12.jar:?]
	at net.minecraft.launchwrapper.Launch.main(Launch.java:28) [launchwrapper-1.12.jar:?]
Caused by: java.lang.NullPointerException
	at net.minecraft.scoreboard.Scoreboard.func_96511_d(SourceFile:229) ~[auo.class:?]
	at net.minecraft.client.network.NetHandlerPlayClient.func_147247_a(NetHandlerPlayClient.java:1813) ~[bcy.class:?]
	at net.minecraft.network.play.server.S3EPacketTeams.func_148833_a(SourceFile:113) ~[hr.class:?]
	at net.minecraft.network.play.server.S3EPacketTeams.func_148833_a(SourceFile:13) ~[hr.class:?]
	at net.minecraft.network.PacketThreadUtil$1.run(SourceFile:13) ~[fh$1.class:?]
	at java.util.concurrent.Executors$RunnableAdapter.call(Executors.java:511) ~[?:1.8.0_51]
	at java.util.concurrent.FutureTask.run(FutureTask.java:266) ~[?:1.8.0_51]
	at net.minecraft.util.Util.func_181617_a(SourceFile:44) ~[g.class:?]
	... 9 more
[14:25:32] [Client thread/FATAL]: Error executing task
java.util.concurrent.ExecutionException: java.lang.NullPointerException
	at java.util.concurrent.FutureTask.report(FutureTask.java:122) ~[?:1.8.0_51]
	at java.util.concurrent.FutureTask.get(FutureTask.java:192) ~[?:1.8.0_51]
	at net.minecraft.util.Util.func_181617_a(SourceFile:45) [g.class:?]
	at net.minecraft.client.Minecraft.func_71411_J(Minecraft.java:1014) [ave.class:?]
	at net.minecraft.client.Minecraft.func_99999_d(Minecraft.java:349) [ave.class:?]
	at net.minecraft.client.main.Main.main(SourceFile:124) [Main.class:?]
	at sun.reflect.NativeMethodAccessorImpl.invoke0(Native Method) ~[?:1.8.0_51]
	at sun.reflect.NativeMethodAccessorImpl.invoke(NativeMethodAccessorImpl.java:62) ~[?:1.8.0_51]
	at sun.reflect.DelegatingMethodAccessorImpl.invoke(DelegatingMethodAccessorImpl.java:43) ~[?:1.8.0_51]
	at java.lang.reflect.Method.invoke(Method.java:497) ~[?:1.8.0_51]
	at net.minecraft.launchwrapper.Launch.launch(Launch.java:135) [launchwrapper-1.12.jar:?]
	at net.minecraft.launchwrapper.Launch.main(Launch.java:28) [launchwrapper-1.12.jar:?]
Caused by: java.lang.NullPointerException
	at net.minecraft.scoreboard.Scoreboard.func_96511_d(SourceFile:229) ~[auo.class:?]
	at net.minecraft.client.network.NetHandlerPlayClient.func_147247_a(NetHandlerPlayClient.java:1813) ~[bcy.class:?]
	at net.minecraft.network.play.server.S3EPacketTeams.func_148833_a(SourceFile:113) ~[hr.class:?]
	at net.minecraft.network.play.server.S3EPacketTeams.func_148833_a(SourceFile:13) ~[hr.class:?]
	at net.minecraft.network.PacketThreadUtil$1.run(SourceFile:13) ~[fh$1.class:?]
	at java.util.concurrent.Executors$RunnableAdapter.call(Executors.java:511) ~[?:1.8.0_51]
	at java.util.concurrent.FutureTask.run(FutureTask.java:266) ~[?:1.8.0_51]
	at net.minecraft.util.Util.func_181617_a(SourceFile:44) ~[g.class:?]
	... 9 more
[14:25:32] [Client thread/FATAL]: Error executing task
java.util.concurrent.ExecutionException: java.lang.NullPointerException
	at java.util.concurrent.FutureTask.report(FutureTask.java:122) ~[?:1.8.0_51]
	at java.util.concurrent.FutureTask.get(FutureTask.java:192) ~[?:1.8.0_51]
	at net.minecraft.util.Util.func_181617_a(SourceFile:45) [g.class:?]
	at net.minecraft.client.Minecraft.func_71411_J(Minecraft.java:1014) [ave.class:?]
	at net.minecraft.client.Minecraft.func_99999_d(Minecraft.java:349) [ave.class:?]
	at net.minecraft.client.main.Main.main(SourceFile:124) [Main.class:?]
	at sun.reflect.NativeMethodAccessorImpl.invoke0(Native Method) ~[?:1.8.0_51]
	at sun.reflect.NativeMethodAccessorImpl.invoke(NativeMethodAccessorImpl.java:62) ~[?:1.8.0_51]
	at sun.reflect.DelegatingMethodAccessorImpl.invoke(DelegatingMethodAccessorImpl.java:43) ~[?:1.8.0_51]
	at java.lang.reflect.Method.invoke(Method.java:497) ~[?:1.8.0_51]
	at net.minecraft.launchwrapper.Launch.launch(Launch.java:135) [launchwrapper-1.12.jar:?]
	at net.minecraft.launchwrapper.Launch.main(Launch.java:28) [launchwrapper-1.12.jar:?]
Caused by: java.lang.NullPointerException
	at net.minecraft.scoreboard.Scoreboard.func_96511_d(SourceFile:229) ~[auo.class:?]
	at net.minecraft.client.network.NetHandlerPlayClient.func_147247_a(NetHandlerPlayClient.java:1813) ~[bcy.class:?]
	at net.minecraft.network.play.server.S3EPacketTeams.func_148833_a(SourceFile:113) ~[hr.class:?]
	at net.minecraft.network.play.server.S3EPacketTeams.func_148833_a(SourceFile:13) ~[hr.class:?]
	at net.minecraft.network.PacketThreadUtil$1.run(SourceFile:13) ~[fh$1.class:?]
	at java.util.concurrent.Executors$RunnableAdapter.call(Executors.java:511) ~[?:1.8.0_51]
	at java.util.concurrent.FutureTask.run(FutureTask.java:266) ~[?:1.8.0_51]
	at net.minecraft.util.Util.func_181617_a(SourceFile:44) ~[g.class:?]
	... 9 more
[14:25:32] [Client thread/FATAL]: Error executing task
java.util.concurrent.ExecutionException: java.lang.NullPointerException
	at java.util.concurrent.FutureTask.report(FutureTask.java:122) ~[?:1.8.0_51]
	at java.util.concurrent.FutureTask.get(FutureTask.java:192) ~[?:1.8.0_51]
	at net.minecraft.util.Util.func_181617_a(SourceFile:45) [g.class:?]
	at net.minecraft.client.Minecraft.func_71411_J(Minecraft.java:1014) [ave.class:?]
	at net.minecraft.client.Minecraft.func_99999_d(Minecraft.java:349) [ave.class:?]
	at net.minecraft.client.main.Main.main(SourceFile:124) [Main.class:?]
	at sun.reflect.NativeMethodAccessorImpl.invoke0(Native Method) ~[?:1.8.0_51]
	at sun.reflect.NativeMethodAccessorImpl.invoke(NativeMethodAccessorImpl.java:62) ~[?:1.8.0_51]
	at sun.reflect.DelegatingMethodAccessorImpl.invoke(DelegatingMethodAccessorImpl.java:43) ~[?:1.8.0_51]
	at java.lang.reflect.Method.invoke(Method.java:497) ~[?:1.8.0_51]
	at net.minecraft.launchwrapper.Launch.launch(Launch.java:135) [launchwrapper-1.12.jar:?]
	at net.minecraft.launchwrapper.Launch.main(Launch.java:28) [launchwrapper-1.12.jar:?]
Caused by: java.lang.NullPointerException
	at net.minecraft.scoreboard.Scoreboard.func_96511_d(SourceFile:229) ~[auo.class:?]
	at net.minecraft.client.network.NetHandlerPlayClient.func_147247_a(NetHandlerPlayClient.java:1813) ~[bcy.class:?]
	at net.minecraft.network.play.server.S3EPacketTeams.func_148833_a(SourceFile:113) ~[hr.class:?]
	at net.minecraft.network.play.server.S3EPacketTeams.func_148833_a(SourceFile:13) ~[hr.class:?]
	at net.minecraft.network.PacketThreadUtil$1.run(SourceFile:13) ~[fh$1.class:?]
	at java.util.concurrent.Executors$RunnableAdapter.call(Executors.java:511) ~[?:1.8.0_51]
	at java.util.concurrent.FutureTask.run(FutureTask.java:266) ~[?:1.8.0_51]
	at net.minecraft.util.Util.func_181617_a(SourceFile:44) ~[g.class:?]
	... 9 more
[14:25:32] [Client thread/INFO]: [CHAT] [»] mayorie (21/31)
[14:25:32] [Client thread/INFO]: [CHAT] 
[14:25:32] [Client thread/INFO]: [CHAT] [UHC] MTP v4
[14:25:32] [Client thread/INFO]: [CHAT] [UHC] Partie organisée par IsimpForKanao_.
[14:25:32] [Client thread/INFO]: [CHAT] [UHC] Les scénarios activés sont : CutClean, HasteyBoys, CatEyes, SafeMiners, Unbreakable, TimberPVP, AOTv4 UHC.
[14:25:32] [Client thread/INFO]: [CHAT] 
[14:25:32] [Client thread/FATAL]: Error executing task
java.util.concurrent.ExecutionException: java.lang.NullPointerException
	at java.util.concurrent.FutureTask.report(FutureTask.java:122) ~[?:1.8.0_51]
	at java.util.concurrent.FutureTask.get(FutureTask.java:192) ~[?:1.8.0_51]
	at net.minecraft.util.Util.func_181617_a(SourceFile:45) [g.class:?]
	at net.minecraft.client.Minecraft.func_71411_J(Minecraft.java:1014) [ave.class:?]
	at net.minecraft.client.Minecraft.func_99999_d(Minecraft.java:349) [ave.class:?]
	at net.minecraft.client.main.Main.main(SourceFile:124) [Main.class:?]
	at sun.reflect.NativeMethodAccessorImpl.invoke0(Native Method) ~[?:1.8.0_51]
	at sun.reflect.NativeMethodAccessorImpl.invoke(NativeMethodAccessorImpl.java:62) ~[?:1.8.0_51]
	at sun.reflect.DelegatingMethodAccessorImpl.invoke(DelegatingMethodAccessorImpl.java:43) ~[?:1.8.0_51]
	at java.lang.reflect.Method.invoke(Method.java:497) ~[?:1.8.0_51]
	at net.minecraft.launchwrapper.Launch.launch(Launch.java:135) [launchwrapper-1.12.jar:?]
	at net.minecraft.launchwrapper.Launch.main(Launch.java:28) [launchwrapper-1.12.jar:?]
Caused by: java.lang.NullPointerException
	at net.minecraft.network.play.server.S0FPacketSpawnMob.func_149027_c(SourceFile:114) ~[fn.class:?]
	at net.minecraft.client.network.NetHandlerPlayClient.func_147281_a(NetHandlerPlayClient.java:840) ~[bcy.class:?]
	at net.minecraft.network.play.server.S0FPacketSpawnMob.func_148833_a(SourceFile:109) ~[fn.class:?]
	at net.minecraft.network.play.server.S0FPacketSpawnMob.func_148833_a(SourceFile:15) ~[fn.class:?]
	at net.minecraft.network.PacketThreadUtil$1.run(SourceFile:13) ~[fh$1.class:?]
	at java.util.concurrent.Executors$RunnableAdapter.call(Executors.java:511) ~[?:1.8.0_51]
	at java.util.concurrent.FutureTask.run(FutureTask.java:266) ~[?:1.8.0_51]
	at net.minecraft.util.Util.func_181617_a(SourceFile:44) ~[g.class:?]
	... 9 more
[14:25:32] [Client thread/FATAL]: Error executing task
java.util.concurrent.ExecutionException: java.lang.NullPointerException
	at java.util.concurrent.FutureTask.report(FutureTask.java:122) ~[?:1.8.0_51]
	at java.util.concurrent.FutureTask.get(FutureTask.java:192) ~[?:1.8.0_51]
	at net.minecraft.util.Util.func_181617_a(SourceFile:45) [g.class:?]
	at net.minecraft.client.Minecraft.func_71411_J(Minecraft.java:1014) [ave.class:?]
	at net.minecraft.client.Minecraft.func_99999_d(Minecraft.java:349) [ave.class:?]
	at net.minecraft.client.main.Main.main(SourceFile:124) [Main.class:?]
	at sun.reflect.NativeMethodAccessorImpl.invoke0(Native Method) ~[?:1.8.0_51]
	at sun.reflect.NativeMethodAccessorImpl.invoke(NativeMethodAccessorImpl.java:62) ~[?:1.8.0_51]
	at sun.reflect.DelegatingMethodAccessorImpl.invoke(DelegatingMethodAccessorImpl.java:43) ~[?:1.8.0_51]
	at java.lang.reflect.Method.invoke(Method.java:497) ~[?:1.8.0_51]
	at net.minecraft.launchwrapper.Launch.launch(Launch.java:135) [launchwrapper-1.12.jar:?]
	at net.minecraft.launchwrapper.Launch.main(Launch.java:28) [launchwrapper-1.12.jar:?]
Caused by: java.lang.NullPointerException
	at net.minecraft.network.play.server.S0FPacketSpawnMob.func_149027_c(SourceFile:114) ~[fn.class:?]
	at net.minecraft.client.network.NetHandlerPlayClient.func_147281_a(NetHandlerPlayClient.java:840) ~[bcy.class:?]
	at net.minecraft.network.play.server.S0FPacketSpawnMob.func_148833_a(SourceFile:109) ~[fn.class:?]
	at net.minecraft.network.play.server.S0FPacketSpawnMob.func_148833_a(SourceFile:15) ~[fn.class:?]
	at net.minecraft.network.PacketThreadUtil$1.run(SourceFile:13) ~[fh$1.class:?]
	at java.util.concurrent.Executors$RunnableAdapter.call(Executors.java:511) ~[?:1.8.0_51]
	at java.util.concurrent.FutureTask.run(FutureTask.java:266) ~[?:1.8.0_51]
	at net.minecraft.util.Util.func_181617_a(SourceFile:44) ~[g.class:?]
	... 9 more
[14:25:32] [Client thread/FATAL]: Error executing task
java.util.concurrent.ExecutionException: java.lang.NullPointerException
	at java.util.concurrent.FutureTask.report(FutureTask.java:122) ~[?:1.8.0_51]
	at java.util.concurrent.FutureTask.get(FutureTask.java:192) ~[?:1.8.0_51]
	at net.minecraft.util.Util.func_181617_a(SourceFile:45) [g.class:?]
	at net.minecraft.client.Minecraft.func_71411_J(Minecraft.java:1014) [ave.class:?]
	at net.minecraft.client.Minecraft.func_99999_d(Minecraft.java:349) [ave.class:?]
	at net.minecraft.client.main.Main.main(SourceFile:124) [Main.class:?]
	at sun.reflect.NativeMethodAccessorImpl.invoke0(Native Method) ~[?:1.8.0_51]
	at sun.reflect.NativeMethodAccessorImpl.invoke(NativeMethodAccessorImpl.java:62) ~[?:1.8.0_51]
	at sun.reflect.DelegatingMethodAccessorImpl.invoke(DelegatingMethodAccessorImpl.java:43) ~[?:1.8.0_51]
	at java.lang.reflect.Method.invoke(Method.java:497) ~[?:1.8.0_51]
	at net.minecraft.launchwrapper.Launch.launch(Launch.java:135) [launchwrapper-1.12.jar:?]
	at net.minecraft.launchwrapper.Launch.main(Launch.java:28) [launchwrapper-1.12.jar:?]
Caused by: java.lang.NullPointerException
	at net.minecraft.network.play.server.S0FPacketSpawnMob.func_149027_c(SourceFile:114) ~[fn.class:?]
	at net.minecraft.client.network.NetHandlerPlayClient.func_147281_a(NetHandlerPlayClient.java:840) ~[bcy.class:?]
	at net.minecraft.network.play.server.S0FPacketSpawnMob.func_148833_a(SourceFile:109) ~[fn.class:?]
	at net.minecraft.network.play.server.S0FPacketSpawnMob.func_148833_a(SourceFile:15) ~[fn.class:?]
	at net.minecraft.network.PacketThreadUtil$1.run(SourceFile:13) ~[fh$1.class:?]
	at java.util.concurrent.Executors$RunnableAdapter.call(Executors.java:511) ~[?:1.8.0_51]
	at java.util.concurrent.FutureTask.run(FutureTask.java:266) ~[?:1.8.0_51]
	at net.minecraft.util.Util.func_181617_a(SourceFile:44) ~[g.class:?]
	... 9 more
[14:25:32] [Client thread/FATAL]: Error executing task
java.util.concurrent.ExecutionException: java.lang.NullPointerException
	at java.util.concurrent.FutureTask.report(FutureTask.java:122) ~[?:1.8.0_51]
	at java.util.concurrent.FutureTask.get(FutureTask.java:192) ~[?:1.8.0_51]
	at net.minecraft.util.Util.func_181617_a(SourceFile:45) [g.class:?]
	at net.minecraft.client.Minecraft.func_71411_J(Minecraft.java:1014) [ave.class:?]
	at net.minecraft.client.Minecraft.func_99999_d(Minecraft.java:349) [ave.class:?]
	at net.minecraft.client.main.Main.main(SourceFile:124) [Main.class:?]
	at sun.reflect.NativeMethodAccessorImpl.invoke0(Native Method) ~[?:1.8.0_51]
	at sun.reflect.NativeMethodAccessorImpl.invoke(NativeMethodAccessorImpl.java:62) ~[?:1.8.0_51]
	at sun.reflect.DelegatingMethodAccessorImpl.invoke(DelegatingMethodAccessorImpl.java:43) ~[?:1.8.0_51]
	at java.lang.reflect.Method.invoke(Method.java:497) ~[?:1.8.0_51]
	at net.minecraft.launchwrapper.Launch.launch(Launch.java:135) [launchwrapper-1.12.jar:?]
	at net.minecraft.launchwrapper.Launch.main(Launch.java:28) [launchwrapper-1.12.jar:?]
Caused by: java.lang.NullPointerException
	at net.minecraft.network.play.server.S0FPacketSpawnMob.func_149027_c(SourceFile:114) ~[fn.class:?]
	at net.minecraft.client.network.NetHandlerPlayClient.func_147281_a(NetHandlerPlayClient.java:840) ~[bcy.class:?]
	at net.minecraft.network.play.server.S0FPacketSpawnMob.func_148833_a(SourceFile:109) ~[fn.class:?]
	at net.minecraft.network.play.server.S0FPacketSpawnMob.func_148833_a(SourceFile:15) ~[fn.class:?]
	at net.minecraft.network.PacketThreadUtil$1.run(SourceFile:13) ~[fh$1.class:?]
	at java.util.concurrent.Executors$RunnableAdapter.call(Executors.java:511) ~[?:1.8.0_51]
	at java.util.concurrent.FutureTask.run(FutureTask.java:266) ~[?:1.8.0_51]
	at net.minecraft.util.Util.func_181617_a(SourceFile:44) ~[g.class:?]
	... 9 more
[14:25:32] [Client thread/FATAL]: Error executing task
java.util.concurrent.ExecutionException: java.lang.NullPointerException
	at java.util.concurrent.FutureTask.report(FutureTask.java:122) ~[?:1.8.0_51]
	at java.util.concurrent.FutureTask.get(FutureTask.java:192) ~[?:1.8.0_51]
	at net.minecraft.util.Util.func_181617_a(SourceFile:45) [g.class:?]
	at net.minecraft.client.Minecraft.func_71411_J(Minecraft.java:1014) [ave.class:?]
	at net.minecraft.client.Minecraft.func_99999_d(Minecraft.java:349) [ave.class:?]
	at net.minecraft.client.main.Main.main(SourceFile:124) [Main.class:?]
	at sun.reflect.NativeMethodAccessorImpl.invoke0(Native Method) ~[?:1.8.0_51]
	at sun.reflect.NativeMethodAccessorImpl.invoke(NativeMethodAccessorImpl.java:62) ~[?:1.8.0_51]
	at sun.reflect.DelegatingMethodAccessorImpl.invoke(DelegatingMethodAccessorImpl.java:43) ~[?:1.8.0_51]
	at java.lang.reflect.Method.invoke(Method.java:497) ~[?:1.8.0_51]
	at net.minecraft.launchwrapper.Launch.launch(Launch.java:135) [launchwrapper-1.12.jar:?]
	at net.minecraft.launchwrapper.Launch.main(Launch.java:28) [launchwrapper-1.12.jar:?]
Caused by: java.lang.NullPointerException
	at net.minecraft.network.play.server.S0FPacketSpawnMob.func_149027_c(SourceFile:114) ~[fn.class:?]
	at net.minecraft.client.network.NetHandlerPlayClient.func_147281_a(NetHandlerPlayClient.java:840) ~[bcy.class:?]
	at net.minecraft.network.play.server.S0FPacketSpawnMob.func_148833_a(SourceFile:109) ~[fn.class:?]
	at net.minecraft.network.play.server.S0FPacketSpawnMob.func_148833_a(SourceFile:15) ~[fn.class:?]
	at net.minecraft.network.PacketThreadUtil$1.run(SourceFile:13) ~[fh$1.class:?]
	at java.util.concurrent.Executors$RunnableAdapter.call(Executors.java:511) ~[?:1.8.0_51]
	at java.util.concurrent.FutureTask.run(FutureTask.java:266) ~[?:1.8.0_51]
	at net.minecraft.util.Util.func_181617_a(SourceFile:44) ~[g.class:?]
	... 9 more
[14:25:33] [Client thread/INFO]: [CHAT] §8[§e§lUHC§8]§f §fVous venez de rejoindre une partie utilisant §a§lUHC Link §f!
 §fRejoignez ainsi les autres joueurs de la partie dans le chat vocal via la commande §3/mb§f.
[Générer un lien unique]
[14:25:40] [Client thread/FATAL]: Error executing task
java.util.concurrent.ExecutionException: java.lang.NullPointerException
	at java.util.concurrent.FutureTask.report(FutureTask.java:122) ~[?:1.8.0_51]
	at java.util.concurrent.FutureTask.get(FutureTask.java:192) ~[?:1.8.0_51]
	at net.minecraft.util.Util.func_181617_a(SourceFile:45) [g.class:?]
	at net.minecraft.client.Minecraft.func_71411_J(Minecraft.java:1014) [ave.class:?]
	at net.minecraft.client.Minecraft.func_99999_d(Minecraft.java:349) [ave.class:?]
	at net.minecraft.client.main.Main.main(SourceFile:124) [Main.class:?]
	at sun.reflect.NativeMethodAccessorImpl.invoke0(Native Method) ~[?:1.8.0_51]
	at sun.reflect.NativeMethodAccessorImpl.invoke(NativeMethodAccessorImpl.java:62) ~[?:1.8.0_51]
	at sun.reflect.DelegatingMethodAccessorImpl.invoke(DelegatingMethodAccessorImpl.java:43) ~[?:1.8.0_51]
	at java.lang.reflect.Method.invoke(Method.java:497) ~[?:1.8.0_51]
	at net.minecraft.launchwrapper.Launch.launch(Launch.java:135) [launchwrapper-1.12.jar:?]
	at net.minecraft.launchwrapper.Launch.main(Launch.java:28) [launchwrapper-1.12.jar:?]
Caused by: java.lang.NullPointerException
	at net.minecraft.network.play.server.S0FPacketSpawnMob.func_149027_c(SourceFile:114) ~[fn.class:?]
	at net.minecraft.client.network.NetHandlerPlayClient.func_147281_a(NetHandlerPlayClient.java:840) ~[bcy.class:?]
	at net.minecraft.network.play.server.S0FPacketSpawnMob.func_148833_a(SourceFile:109) ~[fn.class:?]
	at net.minecraft.network.play.server.S0FPacketSpawnMob.func_148833_a(SourceFile:15) ~[fn.class:?]
	at net.minecraft.network.PacketThreadUtil$1.run(SourceFile:13) ~[fh$1.class:?]
	at java.util.concurrent.Executors$RunnableAdapter.call(Executors.java:511) ~[?:1.8.0_51]
	at java.util.concurrent.FutureTask.run(FutureTask.java:266) ~[?:1.8.0_51]
	at net.minecraft.util.Util.func_181617_a(SourceFile:44) ~[g.class:?]
	... 9 more
[14:25:42] [Client thread/FATAL]: Error executing task
java.util.concurrent.ExecutionException: java.lang.NullPointerException
	at java.util.concurrent.FutureTask.report(FutureTask.java:122) ~[?:1.8.0_51]
	at java.util.concurrent.FutureTask.get(FutureTask.java:192) ~[?:1.8.0_51]
	at net.minecraft.util.Util.func_181617_a(SourceFile:45) [g.class:?]
	at net.minecraft.client.Minecraft.func_71411_J(Minecraft.java:1014) [ave.class:?]
	at net.minecraft.client.Minecraft.func_99999_d(Minecraft.java:349) [ave.class:?]
	at net.minecraft.client.main.Main.main(SourceFile:124) [Main.class:?]
	at sun.reflect.NativeMethodAccessorImpl.invoke0(Native Method) ~[?:1.8.0_51]
	at sun.reflect.NativeMethodAccessorImpl.invoke(NativeMethodAccessorImpl.java:62) ~[?:1.8.0_51]
	at sun.reflect.DelegatingMethodAccessorImpl.invoke(DelegatingMethodAccessorImpl.java:43) ~[?:1.8.0_51]
	at java.lang.reflect.Method.invoke(Method.java:497) ~[?:1.8.0_51]
	at net.minecraft.launchwrapper.Launch.launch(Launch.java:135) [launchwrapper-1.12.jar:?]
	at net.minecraft.launchwrapper.Launch.main(Launch.java:28) [launchwrapper-1.12.jar:?]
Caused by: java.lang.NullPointerException
	at net.minecraft.network.play.server.S0FPacketSpawnMob.func_149027_c(SourceFile:114) ~[fn.class:?]
	at net.minecraft.client.network.NetHandlerPlayClient.func_147281_a(NetHandlerPlayClient.java:840) ~[bcy.class:?]
	at net.minecraft.network.play.server.S0FPacketSpawnMob.func_148833_a(SourceFile:109) ~[fn.class:?]
	at net.minecraft.network.play.server.S0FPacketSpawnMob.func_148833_a(SourceFile:15) ~[fn.class:?]
	at net.minecraft.network.PacketThreadUtil$1.run(SourceFile:13) ~[fh$1.class:?]
	at java.util.concurrent.Executors$RunnableAdapter.call(Executors.java:511) ~[?:1.8.0_51]
	at java.util.concurrent.FutureTask.run(FutureTask.java:266) ~[?:1.8.0_51]
	at net.minecraft.util.Util.func_181617_a(SourceFile:44) ~[g.class:?]
	... 9 more
[14:25:42] [Client thread/FATAL]: Error executing task
java.util.concurrent.ExecutionException: java.lang.NullPointerException
	at java.util.concurrent.FutureTask.report(FutureTask.java:122) ~[?:1.8.0_51]
	at java.util.concurrent.FutureTask.get(FutureTask.java:192) ~[?:1.8.0_51]
	at net.minecraft.util.Util.func_181617_a(SourceFile:45) [g.class:?]
	at net.minecraft.client.Minecraft.func_71411_J(Minecraft.java:1014) [ave.class:?]
	at net.minecraft.client.Minecraft.func_99999_d(Minecraft.java:349) [ave.class:?]
	at net.minecraft.client.main.Main.main(SourceFile:124) [Main.class:?]
	at sun.reflect.NativeMethodAccessorImpl.invoke0(Native Method) ~[?:1.8.0_51]
	at sun.reflect.NativeMethodAccessorImpl.invoke(NativeMethodAccessorImpl.java:62) ~[?:1.8.0_51]
	at sun.reflect.DelegatingMethodAccessorImpl.invoke(DelegatingMethodAccessorImpl.java:43) ~[?:1.8.0_51]
	at java.lang.reflect.Method.invoke(Method.java:497) ~[?:1.8.0_51]
	at net.minecraft.launchwrapper.Launch.launch(Launch.java:135) [launchwrapper-1.12.jar:?]
	at net.minecraft.launchwrapper.Launch.main(Launch.java:28) [launchwrapper-1.12.jar:?]
Caused by: java.lang.NullPointerException
	at net.minecraft.network.play.server.S0FPacketSpawnMob.func_149027_c(SourceFile:114) ~[fn.class:?]
	at net.minecraft.client.network.NetHandlerPlayClient.func_147281_a(NetHandlerPlayClient.java:840) ~[bcy.class:?]
	at net.minecraft.network.play.server.S0FPacketSpawnMob.func_148833_a(SourceFile:109) ~[fn.class:?]
	at net.minecraft.network.play.server.S0FPacketSpawnMob.func_148833_a(SourceFile:15) ~[fn.class:?]
	at net.minecraft.network.PacketThreadUtil$1.run(SourceFile:13) ~[fh$1.class:?]
	at java.util.concurrent.Executors$RunnableAdapter.call(Executors.java:511) ~[?:1.8.0_51]
	at java.util.concurrent.FutureTask.run(FutureTask.java:266) ~[?:1.8.0_51]
	at net.minecraft.util.Util.func_181617_a(SourceFile:44) ~[g.class:?]
	... 9 more
[14:25:42] [Client thread/FATAL]: Error executing task
java.util.concurrent.ExecutionException: java.lang.NullPointerException
	at java.util.concurrent.FutureTask.report(FutureTask.java:122) ~[?:1.8.0_51]
	at java.util.concurrent.FutureTask.get(FutureTask.java:192) ~[?:1.8.0_51]
	at net.minecraft.util.Util.func_181617_a(SourceFile:45) [g.class:?]
	at net.minecraft.client.Minecraft.func_71411_J(Minecraft.java:1014) [ave.class:?]
	at net.minecraft.client.Minecraft.func_99999_d(Minecraft.java:349) [ave.class:?]
	at net.minecraft.client.main.Main.main(SourceFile:124) [Main.class:?]
	at sun.reflect.NativeMethodAccessorImpl.invoke0(Native Method) ~[?:1.8.0_51]
	at sun.reflect.NativeMethodAccessorImpl.invoke(NativeMethodAccessorImpl.java:62) ~[?:1.8.0_51]
	at sun.reflect.DelegatingMethodAccessorImpl.invoke(DelegatingMethodAccessorImpl.java:43) ~[?:1.8.0_51]
	at java.lang.reflect.Method.invoke(Method.java:497) ~[?:1.8.0_51]
	at net.minecraft.launchwrapper.Launch.launch(Launch.java:135) [launchwrapper-1.12.jar:?]
	at net.minecraft.launchwrapper.Launch.main(Launch.java:28) [launchwrapper-1.12.jar:?]
Caused by: java.lang.NullPointerException
	at net.minecraft.network.play.server.S0FPacketSpawnMob.func_149027_c(SourceFile:114) ~[fn.class:?]
	at net.minecraft.client.network.NetHandlerPlayClient.func_147281_a(NetHandlerPlayClient.java:840) ~[bcy.class:?]
	at net.minecraft.network.play.server.S0FPacketSpawnMob.func_148833_a(SourceFile:109) ~[fn.class:?]
	at net.minecraft.network.play.server.S0FPacketSpawnMob.func_148833_a(SourceFile:15) ~[fn.class:?]
	at net.minecraft.network.PacketThreadUtil$1.run(SourceFile:13) ~[fh$1.class:?]
	at java.util.concurrent.Executors$RunnableAdapter.call(Executors.java:511) ~[?:1.8.0_51]
	at java.util.concurrent.FutureTask.run(FutureTask.java:266) ~[?:1.8.0_51]
	at net.minecraft.util.Util.func_181617_a(SourceFile:44) ~[g.class:?]
	... 9 more
[14:25:44] [Client thread/FATAL]: Error executing task
java.util.concurrent.ExecutionException: java.lang.NullPointerException
	at java.util.concurrent.FutureTask.report(FutureTask.java:122) ~[?:1.8.0_51]
	at java.util.concurrent.FutureTask.get(FutureTask.java:192) ~[?:1.8.0_51]
	at net.minecraft.util.Util.func_181617_a(SourceFile:45) [g.class:?]
	at net.minecraft.client.Minecraft.func_71411_J(Minecraft.java:1014) [ave.class:?]
	at net.minecraft.client.Minecraft.func_99999_d(Minecraft.java:349) [ave.class:?]
	at net.minecraft.client.main.Main.main(SourceFile:124) [Main.class:?]
	at sun.reflect.NativeMethodAccessorImpl.invoke0(Native Method) ~[?:1.8.0_51]
	at sun.reflect.NativeMethodAccessorImpl.invoke(NativeMethodAccessorImpl.java:62) ~[?:1.8.0_51]
	at sun.reflect.DelegatingMethodAccessorImpl.invoke(DelegatingMethodAccessorImpl.java:43) ~[?:1.8.0_51]
	at java.lang.reflect.Method.invoke(Method.java:497) ~[?:1.8.0_51]
	at net.minecraft.launchwrapper.Launch.launch(Launch.java:135) [launchwrapper-1.12.jar:?]
	at net.minecraft.launchwrapper.Launch.main(Launch.java:28) [launchwrapper-1.12.jar:?]
Caused by: java.lang.NullPointerException
	at net.minecraft.scoreboard.Scoreboard.func_96511_d(SourceFile:229) ~[auo.class:?]
	at net.minecraft.client.network.NetHandlerPlayClient.func_147247_a(NetHandlerPlayClient.java:1813) ~[bcy.class:?]
	at net.minecraft.network.play.server.S3EPacketTeams.func_148833_a(SourceFile:113) ~[hr.class:?]
	at net.minecraft.network.play.server.S3EPacketTeams.func_148833_a(SourceFile:13) ~[hr.class:?]
	at net.minecraft.network.PacketThreadUtil$1.run(SourceFile:13) ~[fh$1.class:?]
	at java.util.concurrent.Executors$RunnableAdapter.call(Executors.java:511) ~[?:1.8.0_51]
	at java.util.concurrent.FutureTask.run(FutureTask.java:266) ~[?:1.8.0_51]
	at net.minecraft.util.Util.func_181617_a(SourceFile:44) ~[g.class:?]
	... 9 more
[14:25:44] [Client thread/INFO]: [CHAT] [»] trolor35 (22/31)
[14:25:45] [Client thread/INFO]: [CHAT] [«] Integro183 (21/31)
[14:25:47] [Client thread/INFO]: [CHAT] [CONFIG] Prégénération de Arena terminée en 21 secondes.
[14:25:47] [Client thread/INFO]: [CHAT] [CONFIG] Démarrage de la prégénération de AOTv4 - Axe.
[14:25:47] [Client thread/INFO]: [CHAT] 0ver__ » M_ell_o wsh tu dates
[14:25:47] [Client thread/INFO]: [CHAT] [CONFIG] Prégénération de AOTv4 - Axe terminée en 0 secondes.
[14:25:47] [Client thread/INFO]: [CHAT] [CONFIG] Démarrage de la prégénération de AOTv4 - Canyon.
[14:25:47] [Client thread/INFO]: [CHAT] [CONFIG] Prégénération de AOTv4 - Canyon terminée en 0 secondes.
[14:25:47] [Client thread/INFO]: [CHAT] [CONFIG] Génération des mondes terminée avec succès.
[14:25:48] [Client thread/INFO]: [CHAT] [»] Integro183 (22/31)
[14:25:48] [Client thread/FATAL]: Error executing task
java.util.concurrent.ExecutionException: java.lang.NullPointerException
	at java.util.concurrent.FutureTask.report(FutureTask.java:122) ~[?:1.8.0_51]
	at java.util.concurrent.FutureTask.get(FutureTask.java:192) ~[?:1.8.0_51]
	at net.minecraft.util.Util.func_181617_a(SourceFile:45) [g.class:?]
	at net.minecraft.client.Minecraft.func_71411_J(Minecraft.java:1014) [ave.class:?]
	at net.minecraft.client.Minecraft.func_99999_d(Minecraft.java:349) [ave.class:?]
	at net.minecraft.client.main.Main.main(SourceFile:124) [Main.class:?]
	at sun.reflect.NativeMethodAccessorImpl.invoke0(Native Method) ~[?:1.8.0_51]
	at sun.reflect.NativeMethodAccessorImpl.invoke(NativeMethodAccessorImpl.java:62) ~[?:1.8.0_51]
	at sun.reflect.DelegatingMethodAccessorImpl.invoke(DelegatingMethodAccessorImpl.java:43) ~[?:1.8.0_51]
	at java.lang.reflect.Method.invoke(Method.java:497) ~[?:1.8.0_51]
	at net.minecraft.launchwrapper.Launch.launch(Launch.java:135) [launchwrapper-1.12.jar:?]
	at net.minecraft.launchwrapper.Launch.main(Launch.java:28) [launchwrapper-1.12.jar:?]
Caused by: java.lang.NullPointerException
	at net.minecraft.network.play.server.S0FPacketSpawnMob.func_149027_c(SourceFile:114) ~[fn.class:?]
	at net.minecraft.client.network.NetHandlerPlayClient.func_147281_a(NetHandlerPlayClient.java:840) ~[bcy.class:?]
	at net.minecraft.network.play.server.S0FPacketSpawnMob.func_148833_a(SourceFile:109) ~[fn.class:?]
	at net.minecraft.network.play.server.S0FPacketSpawnMob.func_148833_a(SourceFile:15) ~[fn.class:?]
	at net.minecraft.network.PacketThreadUtil$1.run(SourceFile:13) ~[fh$1.class:?]
	at java.util.concurrent.Executors$RunnableAdapter.call(Executors.java:511) ~[?:1.8.0_51]
	at java.util.concurrent.FutureTask.run(FutureTask.java:266) ~[?:1.8.0_51]
	at net.minecraft.util.Util.func_181617_a(SourceFile:44) ~[g.class:?]
	... 9 more
[14:25:51] [Client thread/FATAL]: Error executing task
java.util.concurrent.ExecutionException: java.lang.NullPointerException
	at java.util.concurrent.FutureTask.report(FutureTask.java:122) ~[?:1.8.0_51]
	at java.util.concurrent.FutureTask.get(FutureTask.java:192) ~[?:1.8.0_51]
	at net.minecraft.util.Util.func_181617_a(SourceFile:45) [g.class:?]
	at net.minecraft.client.Minecraft.func_71411_J(Minecraft.java:1014) [ave.class:?]
	at net.minecraft.client.Minecraft.func_99999_d(Minecraft.java:349) [ave.class:?]
	at net.minecraft.client.main.Main.main(SourceFile:124) [Main.class:?]
	at sun.reflect.NativeMethodAccessorImpl.invoke0(Native Method) ~[?:1.8.0_51]
	at sun.reflect.NativeMethodAccessorImpl.invoke(NativeMethodAccessorImpl.java:62) ~[?:1.8.0_51]
	at sun.reflect.DelegatingMethodAccessorImpl.invoke(DelegatingMethodAccessorImpl.java:43) ~[?:1.8.0_51]
	at java.lang.reflect.Method.invoke(Method.java:497) ~[?:1.8.0_51]
	at net.minecraft.launchwrapper.Launch.launch(Launch.java:135) [launchwrapper-1.12.jar:?]
	at net.minecraft.launchwrapper.Launch.main(Launch.java:28) [launchwrapper-1.12.jar:?]
Caused by: java.lang.NullPointerException
	at net.minecraft.network.play.server.S0FPacketSpawnMob.func_149027_c(SourceFile:114) ~[fn.class:?]
	at net.minecraft.client.network.NetHandlerPlayClient.func_147281_a(NetHandlerPlayClient.java:840) ~[bcy.class:?]
	at net.minecraft.network.play.server.S0FPacketSpawnMob.func_148833_a(SourceFile:109) ~[fn.class:?]
	at net.minecraft.network.play.server.S0FPacketSpawnMob.func_148833_a(SourceFile:15) ~[fn.class:?]
	at net.minecraft.network.PacketThreadUtil$1.run(SourceFile:13) ~[fh$1.class:?]
	at java.util.concurrent.Executors$RunnableAdapter.call(Executors.java:511) ~[?:1.8.0_51]
	at java.util.concurrent.FutureTask.run(FutureTask.java:266) ~[?:1.8.0_51]
	at net.minecraft.util.Util.func_181617_a(SourceFile:44) ~[g.class:?]
	... 9 more
[14:25:54] [Client thread/FATAL]: Error executing task
java.util.concurrent.ExecutionException: java.lang.NullPointerException
	at java.util.concurrent.FutureTask.report(FutureTask.java:122) ~[?:1.8.0_51]
	at java.util.concurrent.FutureTask.get(FutureTask.java:192) ~[?:1.8.0_51]
	at net.minecraft.util.Util.func_181617_a(SourceFile:45) [g.class:?]
	at net.minecraft.client.Minecraft.func_71411_J(Minecraft.java:1014) [ave.class:?]
	at net.minecraft.client.Minecraft.func_99999_d(Minecraft.java:349) [ave.class:?]
	at net.minecraft.client.main.Main.main(SourceFile:124) [Main.class:?]
	at sun.reflect.NativeMethodAccessorImpl.invoke0(Native Method) ~[?:1.8.0_51]
	at sun.reflect.NativeMethodAccessorImpl.invoke(NativeMethodAccessorImpl.java:62) ~[?:1.8.0_51]
	at sun.reflect.DelegatingMethodAccessorImpl.invoke(DelegatingMethodAccessorImpl.java:43) ~[?:1.8.0_51]
	at java.lang.reflect.Method.invoke(Method.java:497) ~[?:1.8.0_51]
	at net.minecraft.launchwrapper.Launch.launch(Launch.java:135) [launchwrapper-1.12.jar:?]
	at net.minecraft.launchwrapper.Launch.main(Launch.java:28) [launchwrapper-1.12.jar:?]
Caused by: java.lang.NullPointerException
	at net.minecraft.network.play.server.S0FPacketSpawnMob.func_149027_c(SourceFile:114) ~[fn.class:?]
	at net.minecraft.client.network.NetHandlerPlayClient.func_147281_a(NetHandlerPlayClient.java:840) ~[bcy.class:?]
	at net.minecraft.network.play.server.S0FPacketSpawnMob.func_148833_a(SourceFile:109) ~[fn.class:?]
	at net.minecraft.network.play.server.S0FPacketSpawnMob.func_148833_a(SourceFile:15) ~[fn.class:?]
	at net.minecraft.network.PacketThreadUtil$1.run(SourceFile:13) ~[fh$1.class:?]
	at java.util.concurrent.Executors$RunnableAdapter.call(Executors.java:511) ~[?:1.8.0_51]
	at java.util.concurrent.FutureTask.run(FutureTask.java:266) ~[?:1.8.0_51]
	at net.minecraft.util.Util.func_181617_a(SourceFile:44) ~[g.class:?]
	... 9 more
[14:25:54] [Client thread/FATAL]: Error executing task
java.util.concurrent.ExecutionException: java.lang.NullPointerException
	at java.util.concurrent.FutureTask.report(FutureTask.java:122) ~[?:1.8.0_51]
	at java.util.concurrent.FutureTask.get(FutureTask.java:192) ~[?:1.8.0_51]
	at net.minecraft.util.Util.func_181617_a(SourceFile:45) [g.class:?]
	at net.minecraft.client.Minecraft.func_71411_J(Minecraft.java:1014) [ave.class:?]
	at net.minecraft.client.Minecraft.func_99999_d(Minecraft.java:349) [ave.class:?]
	at net.minecraft.client.main.Main.main(SourceFile:124) [Main.class:?]
	at sun.reflect.NativeMethodAccessorImpl.invoke0(Native Method) ~[?:1.8.0_51]
	at sun.reflect.NativeMethodAccessorImpl.invoke(NativeMethodAccessorImpl.java:62) ~[?:1.8.0_51]
	at sun.reflect.DelegatingMethodAccessorImpl.invoke(DelegatingMethodAccessorImpl.java:43) ~[?:1.8.0_51]
	at java.lang.reflect.Method.invoke(Method.java:497) ~[?:1.8.0_51]
	at net.minecraft.launchwrapper.Launch.launch(Launch.java:135) [launchwrapper-1.12.jar:?]
	at net.minecraft.launchwrapper.Launch.main(Launch.java:28) [launchwrapper-1.12.jar:?]
Caused by: java.lang.NullPointerException
	at net.minecraft.network.play.server.S0FPacketSpawnMob.func_149027_c(SourceFile:114) ~[fn.class:?]
	at net.minecraft.client.network.NetHandlerPlayClient.func_147281_a(NetHandlerPlayClient.java:840) ~[bcy.class:?]
	at net.minecraft.network.play.server.S0FPacketSpawnMob.func_148833_a(SourceFile:109) ~[fn.class:?]
	at net.minecraft.network.play.server.S0FPacketSpawnMob.func_148833_a(SourceFile:15) ~[fn.class:?]
	at net.minecraft.network.PacketThreadUtil$1.run(SourceFile:13) ~[fh$1.class:?]
	at java.util.concurrent.Executors$RunnableAdapter.call(Executors.java:511) ~[?:1.8.0_51]
	at java.util.concurrent.FutureTask.run(FutureTask.java:266) ~[?:1.8.0_51]
	at net.minecraft.util.Util.func_181617_a(SourceFile:44) ~[g.class:?]
	... 9 more
[14:25:54] [Client thread/FATAL]: Error executing task
java.util.concurrent.ExecutionException: java.lang.NullPointerException
	at java.util.concurrent.FutureTask.report(FutureTask.java:122) ~[?:1.8.0_51]
	at java.util.concurrent.FutureTask.get(FutureTask.java:192) ~[?:1.8.0_51]
	at net.minecraft.util.Util.func_181617_a(SourceFile:45) [g.class:?]
	at net.minecraft.client.Minecraft.func_71411_J(Minecraft.java:1014) [ave.class:?]
	at net.minecraft.client.Minecraft.func_99999_d(Minecraft.java:349) [ave.class:?]
	at net.minecraft.client.main.Main.main(SourceFile:124) [Main.class:?]
	at sun.reflect.NativeMethodAccessorImpl.invoke0(Native Method) ~[?:1.8.0_51]
	at sun.reflect.NativeMethodAccessorImpl.invoke(NativeMethodAccessorImpl.java:62) ~[?:1.8.0_51]
	at sun.reflect.DelegatingMethodAccessorImpl.invoke(DelegatingMethodAccessorImpl.java:43) ~[?:1.8.0_51]
	at java.lang.reflect.Method.invoke(Method.java:497) ~[?:1.8.0_51]
	at net.minecraft.launchwrapper.Launch.launch(Launch.java:135) [launchwrapper-1.12.jar:?]
	at net.minecraft.launchwrapper.Launch.main(Launch.java:28) [launchwrapper-1.12.jar:?]
Caused by: java.lang.NullPointerException
	at net.minecraft.network.play.server.S0FPacketSpawnMob.func_149027_c(SourceFile:114) ~[fn.class:?]
	at net.minecraft.client.network.NetHandlerPlayClient.func_147281_a(NetHandlerPlayClient.java:840) ~[bcy.class:?]
	at net.minecraft.network.play.server.S0FPacketSpawnMob.func_148833_a(SourceFile:109) ~[fn.class:?]
	at net.minecraft.network.play.server.S0FPacketSpawnMob.func_148833_a(SourceFile:15) ~[fn.class:?]
	at net.minecraft.network.PacketThreadUtil$1.run(SourceFile:13) ~[fh$1.class:?]
	at java.util.concurrent.Executors$RunnableAdapter.call(Executors.java:511) ~[?:1.8.0_51]
	at java.util.concurrent.FutureTask.run(FutureTask.java:266) ~[?:1.8.0_51]
	at net.minecraft.util.Util.func_181617_a(SourceFile:44) ~[g.class:?]
	... 9 more
[14:25:59] [Client thread/INFO]: [CHAT] [»] 1stinctif (23/31)
[14:25:59] [Client thread/INFO]: [CHAT] [»] Zyroix001 (24/31)
[14:26:18] [Client thread/INFO]: [CHAT] [»] NinjachaQLF (25/31)
[14:26:39] [Client thread/INFO]: [CHAT] [»] Noseqq (26/31)
[14:27:16] [Client thread/INFO]: [CHAT] [»] Paul10CPS (27/31)
[14:27:16] [Client thread/INFO]: [CHAT] [»] 3arbiElmordjene (28/31)
[14:27:19] [Client thread/FATAL]: Error executing task
java.util.concurrent.ExecutionException: java.lang.NullPointerException
	at java.util.concurrent.FutureTask.report(FutureTask.java:122) ~[?:1.8.0_51]
	at java.util.concurrent.FutureTask.get(FutureTask.java:192) ~[?:1.8.0_51]
	at net.minecraft.util.Util.func_181617_a(SourceFile:45) [g.class:?]
	at net.minecraft.client.Minecraft.func_71411_J(Minecraft.java:1014) [ave.class:?]
	at net.minecraft.client.Minecraft.func_99999_d(Minecraft.java:349) [ave.class:?]
	at net.minecraft.client.main.Main.main(SourceFile:124) [Main.class:?]
	at sun.reflect.NativeMethodAccessorImpl.invoke0(Native Method) ~[?:1.8.0_51]
	at sun.reflect.NativeMethodAccessorImpl.invoke(NativeMethodAccessorImpl.java:62) ~[?:1.8.0_51]
	at sun.reflect.DelegatingMethodAccessorImpl.invoke(DelegatingMethodAccessorImpl.java:43) ~[?:1.8.0_51]
	at java.lang.reflect.Method.invoke(Method.java:497) ~[?:1.8.0_51]
	at net.minecraft.launchwrapper.Launch.launch(Launch.java:135) [launchwrapper-1.12.jar:?]
	at net.minecraft.launchwrapper.Launch.main(Launch.java:28) [launchwrapper-1.12.jar:?]
Caused by: java.lang.NullPointerException
	at net.minecraft.network.play.server.S0FPacketSpawnMob.func_149027_c(SourceFile:114) ~[fn.class:?]
	at net.minecraft.client.network.NetHandlerPlayClient.func_147281_a(NetHandlerPlayClient.java:840) ~[bcy.class:?]
	at net.minecraft.network.play.server.S0FPacketSpawnMob.func_148833_a(SourceFile:109) ~[fn.class:?]
	at net.minecraft.network.play.server.S0FPacketSpawnMob.func_148833_a(SourceFile:15) ~[fn.class:?]
	at net.minecraft.network.PacketThreadUtil$1.run(SourceFile:13) ~[fh$1.class:?]
	at java.util.concurrent.Executors$RunnableAdapter.call(Executors.java:511) ~[?:1.8.0_51]
	at java.util.concurrent.FutureTask.run(FutureTask.java:266) ~[?:1.8.0_51]
	at net.minecraft.util.Util.func_181617_a(SourceFile:44) ~[g.class:?]
	... 9 more
[14:27:19] [Client thread/FATAL]: Error executing task
java.util.concurrent.ExecutionException: java.lang.NullPointerException
	at java.util.concurrent.FutureTask.report(FutureTask.java:122) ~[?:1.8.0_51]
	at java.util.concurrent.FutureTask.get(FutureTask.java:192) ~[?:1.8.0_51]
	at net.minecraft.util.Util.func_181617_a(SourceFile:45) [g.class:?]
	at net.minecraft.client.Minecraft.func_71411_J(Minecraft.java:1014) [ave.class:?]
	at net.minecraft.client.Minecraft.func_99999_d(Minecraft.java:349) [ave.class:?]
	at net.minecraft.client.main.Main.main(SourceFile:124) [Main.class:?]
	at sun.reflect.NativeMethodAccessorImpl.invoke0(Native Method) ~[?:1.8.0_51]
	at sun.reflect.NativeMethodAccessorImpl.invoke(NativeMethodAccessorImpl.java:62) ~[?:1.8.0_51]
	at sun.reflect.DelegatingMethodAccessorImpl.invoke(DelegatingMethodAccessorImpl.java:43) ~[?:1.8.0_51]
	at java.lang.reflect.Method.invoke(Method.java:497) ~[?:1.8.0_51]
	at net.minecraft.launchwrapper.Launch.launch(Launch.java:135) [launchwrapper-1.12.jar:?]
	at net.minecraft.launchwrapper.Launch.main(Launch.java:28) [launchwrapper-1.12.jar:?]
Caused by: java.lang.NullPointerException
	at net.minecraft.network.play.server.S0FPacketSpawnMob.func_149027_c(SourceFile:114) ~[fn.class:?]
	at net.minecraft.client.network.NetHandlerPlayClient.func_147281_a(NetHandlerPlayClient.java:840) ~[bcy.class:?]
	at net.minecraft.network.play.server.S0FPacketSpawnMob.func_148833_a(SourceFile:109) ~[fn.class:?]
	at net.minecraft.network.play.server.S0FPacketSpawnMob.func_148833_a(SourceFile:15) ~[fn.class:?]
	at net.minecraft.network.PacketThreadUtil$1.run(SourceFile:13) ~[fh$1.class:?]
	at java.util.concurrent.Executors$RunnableAdapter.call(Executors.java:511) ~[?:1.8.0_51]
	at java.util.concurrent.FutureTask.run(FutureTask.java:266) ~[?:1.8.0_51]
	at net.minecraft.util.Util.func_181617_a(SourceFile:44) ~[g.class:?]
	... 9 more
[14:27:20] [Client thread/INFO]: [CHAT] Fan2Zaifireee » 0ver__ tu voc
[14:27:24] [Client thread/INFO]: [CHAT] 0ver__ » ouais vsy
[14:27:24] [Client thread/INFO]: [CHAT] NinjachaQLF » aze
[14:27:28] [Client thread/INFO]: [CHAT] NinjachaQLF » viens voc
[14:27:35] [Client thread/INFO]: [CHAT] Fan2Zaifireee » Vien duo 0ver__
[14:27:47] [Client thread/INFO]: [CHAT] NinjachaQLF » viens duo 0ver__
[14:27:52] [Client thread/FATAL]: Error executing task
java.util.concurrent.ExecutionException: java.lang.NullPointerException
	at java.util.concurrent.FutureTask.report(FutureTask.java:122) ~[?:1.8.0_51]
	at java.util.concurrent.FutureTask.get(FutureTask.java:192) ~[?:1.8.0_51]
	at net.minecraft.util.Util.func_181617_a(SourceFile:45) [g.class:?]
	at net.minecraft.client.Minecraft.func_71411_J(Minecraft.java:1014) [ave.class:?]
	at net.minecraft.client.Minecraft.func_99999_d(Minecraft.java:349) [ave.class:?]
	at net.minecraft.client.main.Main.main(SourceFile:124) [Main.class:?]
	at sun.reflect.NativeMethodAccessorImpl.invoke0(Native Method) ~[?:1.8.0_51]
	at sun.reflect.NativeMethodAccessorImpl.invoke(NativeMethodAccessorImpl.java:62) ~[?:1.8.0_51]
	at sun.reflect.DelegatingMethodAccessorImpl.invoke(DelegatingMethodAccessorImpl.java:43) ~[?:1.8.0_51]
	at java.lang.reflect.Method.invoke(Method.java:497) ~[?:1.8.0_51]
	at net.minecraft.launchwrapper.Launch.launch(Launch.java:135) [launchwrapper-1.12.jar:?]
	at net.minecraft.launchwrapper.Launch.main(Launch.java:28) [launchwrapper-1.12.jar:?]
Caused by: java.lang.NullPointerException
	at net.minecraft.network.play.server.S0FPacketSpawnMob.func_149027_c(SourceFile:114) ~[fn.class:?]
	at net.minecraft.client.network.NetHandlerPlayClient.func_147281_a(NetHandlerPlayClient.java:840) ~[bcy.class:?]
	at net.minecraft.network.play.server.S0FPacketSpawnMob.func_148833_a(SourceFile:109) ~[fn.class:?]
	at net.minecraft.network.play.server.S0FPacketSpawnMob.func_148833_a(SourceFile:15) ~[fn.class:?]
	at net.minecraft.network.PacketThreadUtil$1.run(SourceFile:13) ~[fh$1.class:?]
	at java.util.concurrent.Executors$RunnableAdapter.call(Executors.java:511) ~[?:1.8.0_51]
	at java.util.concurrent.FutureTask.run(FutureTask.java:266) ~[?:1.8.0_51]
	at net.minecraft.util.Util.func_181617_a(SourceFile:44) ~[g.class:?]
	... 9 more
[14:27:53] [Client thread/FATAL]: Error executing task
java.util.concurrent.ExecutionException: java.lang.NullPointerException
	at java.util.concurrent.FutureTask.report(FutureTask.java:122) ~[?:1.8.0_51]
	at java.util.concurrent.FutureTask.get(FutureTask.java:192) ~[?:1.8.0_51]
	at net.minecraft.util.Util.func_181617_a(SourceFile:45) [g.class:?]
	at net.minecraft.client.Minecraft.func_71411_J(Minecraft.java:1014) [ave.class:?]
	at net.minecraft.client.Minecraft.func_99999_d(Minecraft.java:349) [ave.class:?]
	at net.minecraft.client.main.Main.main(SourceFile:124) [Main.class:?]
	at sun.reflect.NativeMethodAccessorImpl.invoke0(Native Method) ~[?:1.8.0_51]
	at sun.reflect.NativeMethodAccessorImpl.invoke(NativeMethodAccessorImpl.java:62) ~[?:1.8.0_51]
	at sun.reflect.DelegatingMethodAccessorImpl.invoke(DelegatingMethodAccessorImpl.java:43) ~[?:1.8.0_51]
	at java.lang.reflect.Method.invoke(Method.java:497) ~[?:1.8.0_51]
	at net.minecraft.launchwrapper.Launch.launch(Launch.java:135) [launchwrapper-1.12.jar:?]
	at net.minecraft.launchwrapper.Launch.main(Launch.java:28) [launchwrapper-1.12.jar:?]
Caused by: java.lang.NullPointerException
	at net.minecraft.network.play.server.S0FPacketSpawnMob.func_149027_c(SourceFile:114) ~[fn.class:?]
	at net.minecraft.client.network.NetHandlerPlayClient.func_147281_a(NetHandlerPlayClient.java:840) ~[bcy.class:?]
	at net.minecraft.network.play.server.S0FPacketSpawnMob.func_148833_a(SourceFile:109) ~[fn.class:?]
	at net.minecraft.network.play.server.S0FPacketSpawnMob.func_148833_a(SourceFile:15) ~[fn.class:?]
	at net.minecraft.network.PacketThreadUtil$1.run(SourceFile:13) ~[fh$1.class:?]
	at java.util.concurrent.Executors$RunnableAdapter.call(Executors.java:511) ~[?:1.8.0_51]
	at java.util.concurrent.FutureTask.run(FutureTask.java:266) ~[?:1.8.0_51]
	at net.minecraft.util.Util.func_181617_a(SourceFile:44) ~[g.class:?]
	... 9 more
[14:27:55] [Client thread/INFO]: [CHAT] mayorie » :MB
[14:27:59] [Client thread/INFO]: [CHAT] §8[§3?§8] §aVous §apouvez §arejoindre §ale §aserveur §aMumble §ade §acette §apartie §aen §acliquant §asur §ace §amessage.
[14:28:01] [Client thread/INFO]: [CHAT] [»] AMIN3 (29/31)
[14:28:01] [Client thread/INFO]: [CHAT] [»] Prx_Eclipse (30/31)
[14:28:02] [Client thread/INFO]: [CHAT] NinjachaQLF » viens mon duo Zyroix001
[14:28:12] [Client thread/INFO]: [CHAT] [«] 1stinctif (29/31)
[14:28:16] [Client thread/INFO]: [CHAT] [»] 1stinctif (30/31)
[14:28:16] [Client thread/INFO]: [CHAT] [»] AmisDuMondeTV (31/31)
[14:28:21] [Client thread/INFO]: [CHAT] NinjachaQLF » viens voc uhc workd Zyroix001
[14:28:33] [Client thread/WARN]: Needed to grow BufferBuilder buffer: Old size 524288 bytes, new size 2621440 bytes.
[14:28:35] [Client thread/INFO]: [CHAT] [UHC] Bonne chance à tout le monde !
[14:28:44] [Client thread/INFO]: [CHAT] [?] Vous venez de vous connecter au Mumble.
[14:28:44] [Client thread/INFO]: [CHAT] [AOTV4] Attribution des rôles !
[14:28:44] [Client thread/WARN]: Unable to play unknown soundEvent: minecraft:goldenuhc.siegv4
[14:28:44] [Client thread/INFO]: [CHAT] [UHC] PvP activé !
[14:28:45] [Thread-12/INFO]: [CHAT] Mumble linked.
[14:28:46] [Client thread/INFO]: [CHAT] ------------
[14:28:46] [Client thread/INFO]: [CHAT]  • Vous êtes Sieg,
[14:28:46] [Client thread/INFO]: [CHAT]  • Vous devez gagner avec Jelena. 
[14:28:46] [Client thread/INFO]: [CHAT]  • Vous connaissez l'identité de Jelena.
[14:28:46] [Client thread/INFO]: [CHAT]  
[14:28:46] [Client thread/INFO]: [CHAT]  - Vous avez la possibilité de discuter avec Jelena avec la commande /aot chat.
[14:28:46] [Client thread/INFO]: [CHAT]  
[14:28:46] [Client thread/INFO]: [CHAT]  - Vous possédez un Titan Primordial (/aot titan). 
[14:28:46] [Client thread/INFO]: [CHAT]  
[14:28:46] [Client thread/INFO]: [CHAT]  - Vous avez la possibilité d'effectuer votre Cri avec la commande /aot cri.
[14:28:46] [Client thread/INFO]: [CHAT]  - Plus d'informations sur votre Cri sont disponibles avec la commande /aot more.
[14:28:46] [Client thread/INFO]: [CHAT]  
[14:28:46] [Client thread/INFO]: [CHAT]  - Si vous accomplissez votre propre Plan vous améliorez vos effets durant votre Transformation. 
[14:28:46] [Client thread/INFO]: [CHAT] ------------
[14:28:47] [Client thread/INFO]: [CHAT] Jelena: Hacorro
[14:28:49] [Client thread/INFO]: [CHAT] Si il manque un objet de votre rôle, vérifiez votre inventaire /full OU faites /aot giveitems pour les récupérer
[14:28:50] [Chunk Batcher 0/WARN]: Needed to grow BufferBuilder buffer: Old size 524288 bytes, new size 2621440 bytes.
[14:28:50] [Chunk Batcher 0/WARN]: Needed to grow BufferBuilder buffer: Old size 524288 bytes, new size 2621440 bytes.
[14:28:51] [Client thread/INFO]: [CHAT] [«] Paul10CPS
[14:28:53] [Chunk Batcher 1/WARN]: Needed to grow BufferBuilder buffer: Old size 524288 bytes, new size 2621440 bytes.
[14:29:01] [Client thread/INFO]: [CHAT] [«] Integro183
[14:29:04] [Client thread/INFO]: [CHAT] [UHC] FinalHeal dans 30 secondes.
[14:29:10] [Chunk Batcher 0/WARN]: Needed to grow BufferBuilder buffer: Old size 524288 bytes, new size 2621440 bytes.
[14:29:12] [Client thread/INFO]: [CHAT] [»] Integro183 (11s)
[14:29:13] [Client thread/INFO]: Applying holder lookups
[14:29:13] [Client thread/INFO]: Holder lookups applied
[14:29:13] [Netty Client IO #2/INFO]: Attempting connection with missing mods [mcp, FML, Forge, oneconfig, evergreenhud, MumbleLink, ExtendedPASupport] at SERVER
[14:29:15] [Client thread/INFO]: Stopping!
[14:29:15] [Client thread/INFO]: SoundSystem shutting down...
[14:29:15] [Client thread/WARN]: Author: Paul Lamb, www.paulscode.com
[14:29:15] [Client thread/ERROR]: The jar file C:\Users\matts\curseforge\minecraft\Install\libraries\org\lwjgl\lwjgl\lwjgl\2.9.4-nightly-20150209\lwjgl-2.9.4-nightly-20150209.jar has a security seal for path org.lwjgl.opengl, but that path is defined and not secure
