[17:42:53] [main/INFO]: Loading tweak class name net.minecraftforge.fml.common.launcher.FMLTweaker
[17:42:53] [main/INFO]: Using primary tweak class name net.minecraftforge.fml.common.launcher.FMLTweaker
[17:42:53] [main/INFO]: Calling tweak class net.minecraftforge.fml.common.launcher.FMLTweaker
[17:42:53] [main/INFO]: Forge Mod Loader version 11.15.1.2318 for Minecraft 1.8.9 loading
[17:42:53] [main/INFO]: Java is Java HotSpot(TM) 64-Bit Server VM, version 1.8.0_51, running on Windows 10:amd64:10.0, installed at C:\Users\matts\curseforge\minecraft\Install\runtime\jre-legacy\windows-x64\jre-legacy
[17:42:53] [main/INFO]: Loading tweaker info.varden.chatlog.CLTweaker from ChatLog_V1.jar
[17:42:53] [main/INFO]: Loading tweaker cc.polyfrost.oneconfig.loader.stage0.LaunchWrapperTweaker from EvergreenHUD-1.8.9-forge-2.1.7.jar
[17:42:53] [main/INFO]: Loading tweak class name net.minecraftforge.fml.common.launcher.FMLInjectionAndSortingTweaker
[17:42:53] [main/INFO]: Loading tweak class name info.varden.chatlog.CLTweaker
[17:42:53] [main/INFO]: Loading tweak class name cc.polyfrost.oneconfig.loader.stage0.LaunchWrapperTweaker
[17:42:54] [main/INFO]: [cc.polyfrost.oneconfig.loader.stage0.OneConfigWrapperBase:addSSLStore:258]: Attempting to load Polyfrost certificate.
[17:42:54] [main/INFO]: [cc.polyfrost.oneconfig.loader.stage0.OneConfigWrapperBase:<init>:49]: OneConfig has detected the version 1.8.9. If this is false, report this at https://inv.wtf/polyfrost
[17:42:54] [main/INFO]: [cc.polyfrost.oneconfig.loader.OneConfigWrapperBase:<init>:49]: OneConfig has detected the version 1.8.9. If this is false, report this at https://inv.wtf/polyfrost
[17:42:54] [main/INFO]: [cc.polyfrost.oneconfig.internal.plugin.asm.OneConfigTweaker:injectMixinTweaker:186]: Injecting MixinTweaker from EssentialSetupTweaker
[17:42:54] [main/INFO]: SpongePowered MIXIN Subsystem Version=0.7.11 Source=file:/C:/Users/matts/curseforge/minecraft/Instances/test%20chatlog/./OneConfig/OneConfig%20(1.8.9-forge).jar Service=LaunchWrapper Env=CLIENT
[17:42:54] [main/INFO]: [cc.polyfrost.oneconfig.loader.OneConfigLoaderBase:<init>:44]: OneConfig has detected the version 1.8.9. If this is false, report this at https://inv.wtf/polyfrost
[17:42:54] [main/INFO]: Loading tweak class name net.minecraftforge.fml.common.launcher.FMLDeobfTweaker
[17:42:54] [main/INFO]: Calling tweak class net.minecraftforge.fml.common.launcher.FMLInjectionAndSortingTweaker
[17:42:54] [main/INFO]: Calling tweak class net.minecraftforge.fml.common.launcher.FMLInjectionAndSortingTweaker
[17:42:54] [main/INFO]: Calling tweak class net.minecraftforge.fml.relauncher.CoreModManager$FMLPluginWrapper
[17:42:54] [main/DEBUG]: Injecting coremod FMLCorePlugin {net.minecraftforge.fml.relauncher.FMLCorePlugin} class transformers
[17:42:54] [main/TRACE]: Registering transformer net.minecraftforge.fml.common.asm.transformers.BlamingTransformer
[17:42:54] [main/TRACE]: Registering transformer net.minecraftforge.fml.common.asm.transformers.SideTransformer
[17:42:54] [main/TRACE]: Registering transformer net.minecraftforge.fml.common.asm.transformers.EventSubscriptionTransformer
[17:42:54] [main/TRACE]: Registering transformer net.minecraftforge.fml.common.asm.transformers.EventSubscriberTransformer
[17:42:54] [main/DEBUG]: Injection complete
[17:42:54] [main/DEBUG]: Running coremod plugin for FMLCorePlugin {net.minecraftforge.fml.relauncher.FMLCorePlugin}
[17:42:54] [main/DEBUG]: Running coremod plugin FMLCorePlugin
[17:42:55] [main/DEBUG]: Read 825 binary patches
[17:42:55] [main/DEBUG]: Loading deobfuscation resource /deobfuscation_data-1.8.9.lzma with 27891 records
[17:42:55] [main/INFO]: Found valid fingerprint for Minecraft Forge. Certificate fingerprint e3c3d50c7c986df74c645c0ac54639741c90a557
[17:42:55] [main/INFO]: Found valid fingerprint for Minecraft. Certificate fingerprint cd99959656f753dc28d863b46769f7f8fbaefcfc
[17:42:55] [main/DEBUG]: Coremod plugin class FMLCorePlugin run successfully
[17:42:55] [main/INFO]: Calling tweak class net.minecraftforge.fml.relauncher.CoreModManager$FMLPluginWrapper
[17:42:55] [main/DEBUG]: Injecting coremod FMLForgePlugin {net.minecraftforge.classloading.FMLForgePlugin} class transformers
[17:42:55] [main/DEBUG]: Injection complete
[17:42:55] [main/DEBUG]: Running coremod plugin for FMLForgePlugin {net.minecraftforge.classloading.FMLForgePlugin}
[17:42:55] [main/DEBUG]: Running coremod plugin FMLForgePlugin
[17:42:55] [main/DEBUG]: Coremod plugin class FMLForgePlugin run successfully
[17:42:55] [main/INFO]: Calling tweak class info.varden.chatlog.CLTweaker
[17:42:55] [main/INFO]: Calling tweak class org.spongepowered.asm.launch.MixinTweaker
[17:42:55] [main/INFO]: Compatibility level set to JAVA_8
[17:42:55] [main/INFO]: Initialised Mixin FML Remapper Adapter with net.minecraftforge.fml.common.asm.transformers.deobf.FMLDeobfuscatingRemapper@705202d1
[17:42:55] [main/INFO]: Calling tweak class cc.polyfrost.oneconfig.loader.stage0.LaunchWrapperTweaker
[17:42:55] [main/INFO]: Calling tweak class net.minecraftforge.fml.common.launcher.FMLDeobfTweaker
[17:42:55] [main/DEBUG]: Loaded 165 rules from AccessTransformer config file forge_at.cfg
[17:42:55] [main/DEBUG]: Validating minecraft
[17:42:55] [main/INFO]: Loading tweak class name net.minecraftforge.fml.common.launcher.TerminalTweaker
[17:42:55] [main/INFO]: Loading tweak class name org.spongepowered.asm.mixin.EnvironmentStateTweaker
[17:42:55] [main/INFO]: Calling tweak class net.minecraftforge.fml.common.launcher.TerminalTweaker
[17:42:55] [main/INFO]: Calling tweak class org.spongepowered.asm.mixin.EnvironmentStateTweaker
[17:42:55] [main/WARN]: Error loading class: Config (java.lang.ClassNotFoundException: The specified class 'Config' was not found)
[17:42:55] [main/WARN]: Error loading class: net/wyvest/redaction/features/NameHighlight (java.lang.ClassNotFoundException: The specified class 'net.wyvest.redaction.features.NameHighlight' was not found)
[17:42:55] [main/WARN]: Error loading class: org/polyfrost/redaction/features/NameHighlight (java.lang.ClassNotFoundException: The specified class 'org.polyfrost.redaction.features.NameHighlight' was not found)
[17:42:55] [main/WARN]: Error loading class: mynameisjeff/skyblockclientupdater/UpdateChecker (java.lang.ClassNotFoundException: The specified class 'mynameisjeff.skyblockclientupdater.UpdateChecker' was not found)
[17:42:55] [main/WARN]: Error loading class: club/sk1er/mods/levelhead/render/AboveHeadRender (java.lang.ClassNotFoundException: The specified class 'club.sk1er.mods.levelhead.render.AboveHeadRender' was not found)
[17:42:55] [main/INFO]: Mixing MainMixin from mixins.evergreenhud.json into net.minecraft.client.main.Main
[17:42:55] [main/INFO]: Launching wrapped minecraft {net.minecraft.client.main.Main}
[17:42:55] [main/INFO]: Mixing MinecraftMixin from mixins.oneconfig.json into net.minecraft.client.Minecraft
[17:42:55] [main/INFO]: Mixing GuiScreenMixin from mixins.oneconfig.json into net.minecraft.client.gui.GuiScreen
[17:42:55] [main/INFO]: Mixing WorldClientMixin from mixins.oneconfig.json into net.minecraft.client.multiplayer.WorldClient
[17:42:55] [main/INFO]: Mixing GuiIngameAccessor from mixins.evergreenhud.json into net.minecraft.client.gui.GuiIngame
[17:42:55] [main/INFO]: Mixing GuiIngameForgeMixin from mixins.oneconfig.json into net.minecraftforge.client.GuiIngameForge
[17:42:55] [main/INFO]: Mixing EntityPlayerMixin from mixins.evergreenhud.json into net.minecraft.entity.player.EntityPlayer
[17:42:56] [main/INFO]: Mixing EntityPlayerSPMixin from mixins.oneconfig.json into net.minecraft.client.entity.EntityPlayerSP
[17:42:56] [main/ERROR]: The jar file C:\Users\matts\curseforge\minecraft\Install\libraries\org\lwjgl\lwjgl\lwjgl\2.9.4-nightly-20150209\lwjgl-2.9.4-nightly-20150209.jar has a security seal for path org.lwjgl.opengl, but that path is defined and not secure
[17:42:56] [main/ERROR]: The jar file C:\Users\matts\curseforge\minecraft\Install\libraries\org\lwjgl\lwjgl\lwjgl\2.9.4-nightly-20150209\lwjgl-2.9.4-nightly-20150209.jar has a security seal for path org.lwjgl, but that path is defined and not secure
[17:42:56] [main/ERROR]: The jar file C:\Users\matts\curseforge\minecraft\Install\libraries\org\lwjgl\lwjgl\lwjgl\2.9.4-nightly-20150209\lwjgl-2.9.4-nightly-20150209.jar has a security seal for path org.lwjgl, but that path is defined and not secure
[17:42:56] [main/ERROR]: The jar file C:\Users\matts\curseforge\minecraft\Install\libraries\org\lwjgl\lwjgl\lwjgl\2.9.4-nightly-20150209\lwjgl-2.9.4-nightly-20150209.jar has a security seal for path org.lwjgl, but that path is defined and not secure
[17:42:56] [main/ERROR]: The jar file C:\Users\matts\curseforge\minecraft\Install\libraries\org\lwjgl\lwjgl\lwjgl\2.9.4-nightly-20150209\lwjgl-2.9.4-nightly-20150209.jar has a security seal for path org.lwjgl, but that path is defined and not secure
[17:42:56] [main/ERROR]: The jar file C:\Users\matts\curseforge\minecraft\Install\libraries\org\lwjgl\lwjgl\lwjgl\2.9.4-nightly-20150209\lwjgl-2.9.4-nightly-20150209.jar has a security seal for path org.lwjgl, but that path is defined and not secure
[17:42:56] [main/ERROR]: The jar file C:\Users\matts\curseforge\minecraft\Install\libraries\org\lwjgl\lwjgl\lwjgl\2.9.4-nightly-20150209\lwjgl-2.9.4-nightly-20150209.jar has a security seal for path org.lwjgl, but that path is defined and not secure
[17:42:56] [main/ERROR]: The jar file C:\Users\matts\curseforge\minecraft\Install\libraries\org\lwjgl\lwjgl\lwjgl\2.9.4-nightly-20150209\lwjgl-2.9.4-nightly-20150209.jar has a security seal for path org.lwjgl, but that path is defined and not secure
[17:42:56] [main/ERROR]: The jar file C:\Users\matts\curseforge\minecraft\Install\libraries\org\lwjgl\lwjgl\lwjgl\2.9.4-nightly-20150209\lwjgl-2.9.4-nightly-20150209.jar has a security seal for path org.lwjgl, but that path is defined and not secure
[17:42:56] [main/ERROR]: The jar file C:\Users\matts\curseforge\minecraft\Install\libraries\org\lwjgl\lwjgl\lwjgl\2.9.4-nightly-20150209\lwjgl-2.9.4-nightly-20150209.jar has a security seal for path org.lwjgl, but that path is defined and not secure
[17:42:56] [main/ERROR]: The jar file C:\Users\matts\curseforge\minecraft\Install\libraries\org\lwjgl\lwjgl\lwjgl\2.9.4-nightly-20150209\lwjgl-2.9.4-nightly-20150209.jar has a security seal for path org.lwjgl, but that path is defined and not secure
[17:42:56] [Client thread/INFO]: Setting user: mayorie
[17:42:56] [Client thread/INFO]: Mixing EventBusMixin from mixins.oneconfig.json into net.minecraftforge.fml.common.eventhandler.EventBus
[17:42:56] [Client thread/INFO]: LWJGL Version: 2.9.4
[17:42:56] [Client thread/ERROR]: The jar file C:\Users\matts\curseforge\minecraft\Install\libraries\org\lwjgl\lwjgl\lwjgl\2.9.4-nightly-20150209\lwjgl-2.9.4-nightly-20150209.jar has a security seal for path org.lwjgl.opengl, but that path is defined and not secure
[17:42:56] [Client thread/ERROR]: The jar file C:\Users\matts\curseforge\minecraft\Install\libraries\org\lwjgl\lwjgl\lwjgl\2.9.4-nightly-20150209\lwjgl-2.9.4-nightly-20150209.jar has a security seal for path org.lwjgl.opengl, but that path is defined and not secure
[17:42:56] [Client thread/ERROR]: The jar file C:\Users\matts\curseforge\minecraft\Install\libraries\org\lwjgl\lwjgl\lwjgl\2.9.4-nightly-20150209\lwjgl-2.9.4-nightly-20150209.jar has a security seal for path org.lwjgl.opengl, but that path is defined and not secure
[17:42:56] [Client thread/ERROR]: The jar file C:\Users\matts\curseforge\minecraft\Install\libraries\org\lwjgl\lwjgl\lwjgl\2.9.4-nightly-20150209\lwjgl-2.9.4-nightly-20150209.jar has a security seal for path org.lwjgl.opengl, but that path is defined and not secure
[17:42:56] [Client thread/ERROR]: The jar file C:\Users\matts\curseforge\minecraft\Install\libraries\org\lwjgl\lwjgl\lwjgl\2.9.4-nightly-20150209\lwjgl-2.9.4-nightly-20150209.jar has a security seal for path org.lwjgl.opengl, but that path is defined and not secure
[17:42:56] [Client thread/ERROR]: The jar file C:\Users\matts\curseforge\minecraft\Install\libraries\org\lwjgl\lwjgl\lwjgl\2.9.4-nightly-20150209\lwjgl-2.9.4-nightly-20150209.jar has a security seal for path org.lwjgl.opengl, but that path is defined and not secure
[17:42:56] [Client thread/ERROR]: The jar file C:\Users\matts\curseforge\minecraft\Install\libraries\org\lwjgl\lwjgl\lwjgl\2.9.4-nightly-20150209\lwjgl-2.9.4-nightly-20150209.jar has a security seal for path org.lwjgl.opengl, but that path is defined and not secure
[17:42:56] [Client thread/ERROR]: The jar file C:\Users\matts\curseforge\minecraft\Install\libraries\org\lwjgl\lwjgl\lwjgl\2.9.4-nightly-20150209\lwjgl-2.9.4-nightly-20150209.jar has a security seal for path org.lwjgl.opengl, but that path is defined and not secure
[17:42:56] [Client thread/ERROR]: The jar file C:\Users\matts\curseforge\minecraft\Install\libraries\org\lwjgl\lwjgl\lwjgl\2.9.4-nightly-20150209\lwjgl-2.9.4-nightly-20150209.jar has a security seal for path org.lwjgl.opengl, but that path is defined and not secure
[17:42:56] [Client thread/ERROR]: The jar file C:\Users\matts\curseforge\minecraft\Install\libraries\org\lwjgl\lwjgl\lwjgl\2.9.4-nightly-20150209\lwjgl-2.9.4-nightly-20150209.jar has a security seal for path org.lwjgl.opengl, but that path is defined and not secure
[17:42:56] [Client thread/ERROR]: The jar file C:\Users\matts\curseforge\minecraft\Install\libraries\org\lwjgl\lwjgl\lwjgl\2.9.4-nightly-20150209\lwjgl-2.9.4-nightly-20150209.jar has a security seal for path org.lwjgl.opengl, but that path is defined and not secure
[17:42:56] [Client thread/ERROR]: The jar file C:\Users\matts\curseforge\minecraft\Install\libraries\org\lwjgl\lwjgl\lwjgl\2.9.4-nightly-20150209\lwjgl-2.9.4-nightly-20150209.jar has a security seal for path org.lwjgl.opengl, but that path is defined and not secure
[17:42:56] [Client thread/ERROR]: The jar file C:\Users\matts\curseforge\minecraft\Install\libraries\org\lwjgl\lwjgl\lwjgl\2.9.4-nightly-20150209\lwjgl-2.9.4-nightly-20150209.jar has a security seal for path org.lwjgl.opengl, but that path is defined and not secure
[17:42:56] [Client thread/ERROR]: The jar file C:\Users\matts\curseforge\minecraft\Install\libraries\org\lwjgl\lwjgl\lwjgl\2.9.4-nightly-20150209\lwjgl-2.9.4-nightly-20150209.jar has a security seal for path org.lwjgl.opengl, but that path is defined and not secure
[17:42:56] [Client thread/ERROR]: The jar file C:\Users\matts\curseforge\minecraft\Install\libraries\org\lwjgl\lwjgl\lwjgl\2.9.4-nightly-20150209\lwjgl-2.9.4-nightly-20150209.jar has a security seal for path org.lwjgl.opengl, but that path is defined and not secure
[17:42:56] [Client thread/ERROR]: The jar file C:\Users\matts\curseforge\minecraft\Install\libraries\org\lwjgl\lwjgl\lwjgl\2.9.4-nightly-20150209\lwjgl-2.9.4-nightly-20150209.jar has a security seal for path org.lwjgl.opengl, but that path is defined and not secure
[17:42:56] [Client thread/ERROR]: The jar file C:\Users\matts\curseforge\minecraft\Install\libraries\org\lwjgl\lwjgl\lwjgl\2.9.4-nightly-20150209\lwjgl-2.9.4-nightly-20150209.jar has a security seal for path org.lwjgl.opengl, but that path is defined and not secure
[17:42:56] [Client thread/ERROR]: The jar file C:\Users\matts\curseforge\minecraft\Install\libraries\org\lwjgl\lwjgl\lwjgl\2.9.4-nightly-20150209\lwjgl-2.9.4-nightly-20150209.jar has a security seal for path org.lwjgl.opengl, but that path is defined and not secure
[17:42:56] [Client thread/ERROR]: The jar file C:\Users\matts\curseforge\minecraft\Install\libraries\org\lwjgl\lwjgl\lwjgl\2.9.4-nightly-20150209\lwjgl-2.9.4-nightly-20150209.jar has a security seal for path org.lwjgl.opengl, but that path is defined and not secure
[17:42:56] [Client thread/ERROR]: The jar file C:\Users\matts\curseforge\minecraft\Install\libraries\org\lwjgl\lwjgl\lwjgl\2.9.4-nightly-20150209\lwjgl-2.9.4-nightly-20150209.jar has a security seal for path org.lwjgl.opengl, but that path is defined and not secure
[17:42:56] [Client thread/ERROR]: The jar file C:\Users\matts\curseforge\minecraft\Install\libraries\org\lwjgl\lwjgl\lwjgl\2.9.4-nightly-20150209\lwjgl-2.9.4-nightly-20150209.jar has a security seal for path org.lwjgl.opengl, but that path is defined and not secure
[17:42:56] [Client thread/ERROR]: The jar file C:\Users\matts\curseforge\minecraft\Install\libraries\org\lwjgl\lwjgl\lwjgl\2.9.4-nightly-20150209\lwjgl-2.9.4-nightly-20150209.jar has a security seal for path org.lwjgl.opengl, but that path is defined and not secure
[17:42:56] [Client thread/ERROR]: The jar file C:\Users\matts\curseforge\minecraft\Install\libraries\org\lwjgl\lwjgl\lwjgl\2.9.4-nightly-20150209\lwjgl-2.9.4-nightly-20150209.jar has a security seal for path org.lwjgl.opengl, but that path is defined and not secure
[17:42:56] [Client thread/ERROR]: The jar file C:\Users\matts\curseforge\minecraft\Install\libraries\org\lwjgl\lwjgl\lwjgl\2.9.4-nightly-20150209\lwjgl-2.9.4-nightly-20150209.jar has a security seal for path org.lwjgl.opengl, but that path is defined and not secure
[17:42:56] [Client thread/ERROR]: The jar file C:\Users\matts\curseforge\minecraft\Install\libraries\org\lwjgl\lwjgl\lwjgl\2.9.4-nightly-20150209\lwjgl-2.9.4-nightly-20150209.jar has a security seal for path org.lwjgl.opengl, but that path is defined and not secure
[17:42:56] [Client thread/ERROR]: The jar file C:\Users\matts\curseforge\minecraft\Install\libraries\org\lwjgl\lwjgl\lwjgl\2.9.4-nightly-20150209\lwjgl-2.9.4-nightly-20150209.jar has a security seal for path org.lwjgl.opengl, but that path is defined and not secure
[17:42:56] [Client thread/ERROR]: The jar file C:\Users\matts\curseforge\minecraft\Install\libraries\org\lwjgl\lwjgl\lwjgl\2.9.4-nightly-20150209\lwjgl-2.9.4-nightly-20150209.jar has a security seal for path org.lwjgl.opengl, but that path is defined and not secure
[17:42:56] [Client thread/ERROR]: The jar file C:\Users\matts\curseforge\minecraft\Install\libraries\org\lwjgl\lwjgl\lwjgl\2.9.4-nightly-20150209\lwjgl-2.9.4-nightly-20150209.jar has a security seal for path org.lwjgl.opengl, but that path is defined and not secure
[17:42:56] [Client thread/ERROR]: The jar file C:\Users\matts\curseforge\minecraft\Install\libraries\org\lwjgl\lwjgl\lwjgl\2.9.4-nightly-20150209\lwjgl-2.9.4-nightly-20150209.jar has a security seal for path org.lwjgl.opengl, but that path is defined and not secure
[17:42:57] [Client thread/ERROR]: The jar file C:\Users\matts\curseforge\minecraft\Install\libraries\org\lwjgl\lwjgl\lwjgl\2.9.4-nightly-20150209\lwjgl-2.9.4-nightly-20150209.jar has a security seal for path org.lwjgl, but that path is defined and not secure
[17:42:57] [Client thread/ERROR]: The jar file C:\Users\matts\curseforge\minecraft\Install\libraries\org\lwjgl\lwjgl\lwjgl\2.9.4-nightly-20150209\lwjgl-2.9.4-nightly-20150209.jar has a security seal for path org.lwjgl, but that path is defined and not secure
[17:42:57] [Client thread/ERROR]: The jar file C:\Users\matts\curseforge\minecraft\Install\libraries\org\lwjgl\lwjgl\lwjgl\2.9.4-nightly-20150209\lwjgl-2.9.4-nightly-20150209.jar has a security seal for path org.lwjgl, but that path is defined and not secure
[17:42:57] [Client thread/ERROR]: The jar file C:\Users\matts\curseforge\minecraft\Install\libraries\org\lwjgl\lwjgl\lwjgl\2.9.4-nightly-20150209\lwjgl-2.9.4-nightly-20150209.jar has a security seal for path org.lwjgl, but that path is defined and not secure
[17:42:57] [Client thread/ERROR]: The jar file C:\Users\matts\curseforge\minecraft\Install\libraries\org\lwjgl\lwjgl\lwjgl\2.9.4-nightly-20150209\lwjgl-2.9.4-nightly-20150209.jar has a security seal for path org.lwjgl, but that path is defined and not secure
[17:42:57] [Client thread/ERROR]: The jar file C:\Users\matts\curseforge\minecraft\Install\libraries\org\lwjgl\lwjgl\lwjgl\2.9.4-nightly-20150209\lwjgl-2.9.4-nightly-20150209.jar has a security seal for path org.lwjgl, but that path is defined and not secure
[17:42:57] [Client thread/ERROR]: The jar file C:\Users\matts\curseforge\minecraft\Install\libraries\org\lwjgl\lwjgl\lwjgl\2.9.4-nightly-20150209\lwjgl-2.9.4-nightly-20150209.jar has a security seal for path org.lwjgl.input, but that path is defined and not secure
[17:42:57] [Client thread/ERROR]: The jar file C:\Users\matts\curseforge\minecraft\Install\libraries\org\lwjgl\lwjgl\lwjgl\2.9.4-nightly-20150209\lwjgl-2.9.4-nightly-20150209.jar has a security seal for path org.lwjgl.input, but that path is defined and not secure
[17:42:57] [Client thread/ERROR]: The jar file C:\Users\matts\curseforge\minecraft\Install\libraries\org\lwjgl\lwjgl\lwjgl\2.9.4-nightly-20150209\lwjgl-2.9.4-nightly-20150209.jar has a security seal for path org.lwjgl.input, but that path is defined and not secure
[17:42:57] [Client thread/ERROR]: The jar file C:\Users\matts\curseforge\minecraft\Install\libraries\org\lwjgl\lwjgl\lwjgl\2.9.4-nightly-20150209\lwjgl-2.9.4-nightly-20150209.jar has a security seal for path org.lwjgl.input, but that path is defined and not secure
[17:42:57] [Client thread/ERROR]: The jar file C:\Users\matts\curseforge\minecraft\Install\libraries\org\lwjgl\lwjgl\lwjgl\2.9.4-nightly-20150209\lwjgl-2.9.4-nightly-20150209.jar has a security seal for path org.lwjgl.opengl, but that path is defined and not secure
[17:42:57] [Client thread/ERROR]: The jar file C:\Users\matts\curseforge\minecraft\Install\libraries\org\lwjgl\lwjgl\lwjgl\2.9.4-nightly-20150209\lwjgl-2.9.4-nightly-20150209.jar has a security seal for path org.lwjgl.opengl, but that path is defined and not secure
[17:42:57] [Client thread/ERROR]: The jar file C:\Users\matts\curseforge\minecraft\Install\libraries\org\lwjgl\lwjgl\lwjgl\2.9.4-nightly-20150209\lwjgl-2.9.4-nightly-20150209.jar has a security seal for path org.lwjgl.input, but that path is defined and not secure
[17:42:57] [Client thread/ERROR]: The jar file C:\Users\matts\curseforge\minecraft\Install\libraries\org\lwjgl\lwjgl\lwjgl\2.9.4-nightly-20150209\lwjgl-2.9.4-nightly-20150209.jar has a security seal for path org.lwjgl.input, but that path is defined and not secure
[17:42:57] [Client thread/ERROR]: The jar file C:\Users\matts\curseforge\minecraft\Install\libraries\org\lwjgl\lwjgl\lwjgl\2.9.4-nightly-20150209\lwjgl-2.9.4-nightly-20150209.jar has a security seal for path org.lwjgl.opengl, but that path is defined and not secure
[17:42:57] [Client thread/ERROR]: The jar file C:\Users\matts\curseforge\minecraft\Install\libraries\org\lwjgl\lwjgl\lwjgl\2.9.4-nightly-20150209\lwjgl-2.9.4-nightly-20150209.jar has a security seal for path org.lwjgl.opengl, but that path is defined and not secure
[17:42:57] [Client thread/ERROR]: The jar file C:\Users\matts\curseforge\minecraft\Install\libraries\org\lwjgl\lwjgl\lwjgl\2.9.4-nightly-20150209\lwjgl-2.9.4-nightly-20150209.jar has a security seal for path org.lwjgl.opengl, but that path is defined and not secure
[17:42:57] [Client thread/ERROR]: The jar file C:\Users\matts\curseforge\minecraft\Install\libraries\org\lwjgl\lwjgl\lwjgl\2.9.4-nightly-20150209\lwjgl-2.9.4-nightly-20150209.jar has a security seal for path org.lwjgl.opengl, but that path is defined and not secure
[17:42:57] [Client thread/ERROR]: The jar file C:\Users\matts\curseforge\minecraft\Install\libraries\org\lwjgl\lwjgl\lwjgl\2.9.4-nightly-20150209\lwjgl-2.9.4-nightly-20150209.jar has a security seal for path org.lwjgl.opengl, but that path is defined and not secure
[17:42:57] [Client thread/ERROR]: The jar file C:\Users\matts\curseforge\minecraft\Install\libraries\org\lwjgl\lwjgl\lwjgl\2.9.4-nightly-20150209\lwjgl-2.9.4-nightly-20150209.jar has a security seal for path org.lwjgl.opengl, but that path is defined and not secure
[17:42:57] [Client thread/ERROR]: The jar file C:\Users\matts\curseforge\minecraft\Install\libraries\org\lwjgl\lwjgl\lwjgl\2.9.4-nightly-20150209\lwjgl-2.9.4-nightly-20150209.jar has a security seal for path org.lwjgl.opengl, but that path is defined and not secure
[17:42:57] [Client thread/ERROR]: The jar file C:\Users\matts\curseforge\minecraft\Install\libraries\org\lwjgl\lwjgl\lwjgl\2.9.4-nightly-20150209\lwjgl-2.9.4-nightly-20150209.jar has a security seal for path org.lwjgl.opengl, but that path is defined and not secure
[17:42:57] [Client thread/ERROR]: The jar file C:\Users\matts\curseforge\minecraft\Install\libraries\org\lwjgl\lwjgl\lwjgl\2.9.4-nightly-20150209\lwjgl-2.9.4-nightly-20150209.jar has a security seal for path org.lwjgl.opengl, but that path is defined and not secure
[17:42:57] [Client thread/ERROR]: The jar file C:\Users\matts\curseforge\minecraft\Install\libraries\org\lwjgl\lwjgl\lwjgl\2.9.4-nightly-20150209\lwjgl-2.9.4-nightly-20150209.jar has a security seal for path org.lwjgl.opengl, but that path is defined and not secure
[17:42:57] [Client thread/ERROR]: The jar file C:\Users\matts\curseforge\minecraft\Install\libraries\org\lwjgl\lwjgl\lwjgl\2.9.4-nightly-20150209\lwjgl-2.9.4-nightly-20150209.jar has a security seal for path org.lwjgl.opengl, but that path is defined and not secure
[17:42:57] [Client thread/ERROR]: The jar file C:\Users\matts\curseforge\minecraft\Install\libraries\org\lwjgl\lwjgl\lwjgl\2.9.4-nightly-20150209\lwjgl-2.9.4-nightly-20150209.jar has a security seal for path org.lwjgl.opengl, but that path is defined and not secure
[17:42:57] [Client thread/ERROR]: The jar file C:\Users\matts\curseforge\minecraft\Install\libraries\org\lwjgl\lwjgl\lwjgl\2.9.4-nightly-20150209\lwjgl-2.9.4-nightly-20150209.jar has a security seal for path org.lwjgl.opengl, but that path is defined and not secure
[17:42:57] [Client thread/ERROR]: The jar file C:\Users\matts\curseforge\minecraft\Install\libraries\org\lwjgl\lwjgl\lwjgl\2.9.4-nightly-20150209\lwjgl-2.9.4-nightly-20150209.jar has a security seal for path org.lwjgl, but that path is defined and not secure
[17:42:57] [Client thread/ERROR]: The jar file C:\Users\matts\curseforge\minecraft\Install\libraries\org\lwjgl\lwjgl\lwjgl\2.9.4-nightly-20150209\lwjgl-2.9.4-nightly-20150209.jar has a security seal for path org.lwjgl.opengl, but that path is defined and not secure
[17:42:57] [Client thread/ERROR]: The jar file C:\Users\matts\curseforge\minecraft\Install\libraries\org\lwjgl\lwjgl\lwjgl\2.9.4-nightly-20150209\lwjgl-2.9.4-nightly-20150209.jar has a security seal for path org.lwjgl.opengl, but that path is defined and not secure
[17:42:57] [Client thread/ERROR]: The jar file C:\Users\matts\curseforge\minecraft\Install\libraries\org\lwjgl\lwjgl\lwjgl\2.9.4-nightly-20150209\lwjgl-2.9.4-nightly-20150209.jar has a security seal for path org.lwjgl.opengl, but that path is defined and not secure
[17:42:57] [Client thread/ERROR]: The jar file C:\Users\matts\curseforge\minecraft\Install\libraries\org\lwjgl\lwjgl\lwjgl\2.9.4-nightly-20150209\lwjgl-2.9.4-nightly-20150209.jar has a security seal for path org.lwjgl.opengl, but that path is defined and not secure
[17:42:57] [Client thread/ERROR]: The jar file C:\Users\matts\curseforge\minecraft\Install\libraries\org\lwjgl\lwjgl\lwjgl\2.9.4-nightly-20150209\lwjgl-2.9.4-nightly-20150209.jar has a security seal for path org.lwjgl.input, but that path is defined and not secure
[17:42:57] [Client thread/WARN]: =============================================================
[17:42:57] [Client thread/WARN]: MOD HAS DIRECT REFERENCE System.exit() THIS IS NOT ALLOWED REROUTING TO FML!
[17:42:57] [Client thread/WARN]: Offendor: com/sun/jna/Native.main([Ljava/lang/String;)V
[17:42:57] [Client thread/WARN]: Use FMLCommonHandler.exitJava instead
[17:42:57] [Client thread/WARN]: =============================================================
[17:42:57] [Client thread/ERROR]: The jar file C:\Users\matts\curseforge\minecraft\Install\libraries\org\lwjgl\lwjgl\lwjgl\2.9.4-nightly-20150209\lwjgl-2.9.4-nightly-20150209.jar has a security seal for path org.lwjgl.opengl, but that path is defined and not secure
[17:42:57] [Client thread/INFO]: [net.minecraftforge.fml.client.SplashProgress:start:246]: ---- Minecraft Crash Report ----

WARNING: coremods are present:
Contact their authors BEFORE contacting forge

// I bet Cylons wouldn't have this problem.

Time: 8/23/25 5:42 PM
Description: Loading screen debug info

This is just a prompt for computer specs to be printed. THIS IS NOT A ERROR


A detailed walkthrough of the error, its code path and all known details is as follows:
---------------------------------------------------------------------------------------

-- System Details --
Details:
	Minecraft Version: 1.8.9
	Operating System: Windows 10 (amd64) version 10.0
	Java Version: 1.8.0_51, Oracle Corporation
	Java VM Version: Java HotSpot(TM) 64-Bit Server VM (mixed mode), Oracle Corporation
	Memory: 401750712 bytes (383 MB) / 739770368 bytes (705 MB) up to 14913372160 bytes (14222 MB)
	JVM Flags: 3 total; -XX:HeapDumpPath=MojangTricksIntelDriversForPerformance_javaw.exe_minecraft.exe.heapdump -Xmx16000m -Xms256m
	IntCache: cache: 0, tcache: 0, allocated: 0, tallocated: 0
	FML: 
	Loaded coremods (and transformers): 
	GL info: ' Vendor: 'NVIDIA Corporation' Version: '4.6.0 NVIDIA 577.00' Renderer: 'NVIDIA GeForce RTX 4070 Ti SUPER/PCIe/SSE2'
[17:42:57] [Client thread/ERROR]: The jar file C:\Users\matts\curseforge\minecraft\Install\libraries\org\lwjgl\lwjgl\lwjgl\2.9.4-nightly-20150209\lwjgl-2.9.4-nightly-20150209.jar has a security seal for path org.lwjgl.opengl, but that path is defined and not secure
[17:42:57] [Client thread/INFO]: MinecraftForge v11.15.1.2318 Initialized
[17:42:57] [Client thread/INFO]: Replaced 229 ore recipies
[17:42:57] [Thread-8/ERROR]: The jar file C:\Users\matts\curseforge\minecraft\Install\libraries\org\lwjgl\lwjgl\lwjgl\2.9.4-nightly-20150209\lwjgl-2.9.4-nightly-20150209.jar has a security seal for path org.lwjgl.opengl, but that path is defined and not secure
[17:42:57] [Thread-8/ERROR]: The jar file C:\Users\matts\curseforge\minecraft\Install\libraries\org\lwjgl\lwjgl\lwjgl\2.9.4-nightly-20150209\lwjgl-2.9.4-nightly-20150209.jar has a security seal for path org.lwjgl.opengl, but that path is defined and not secure
[17:42:57] [Thread-8/ERROR]: The jar file C:\Users\matts\curseforge\minecraft\Install\libraries\org\lwjgl\lwjgl\lwjgl\2.9.4-nightly-20150209\lwjgl-2.9.4-nightly-20150209.jar has a security seal for path org.lwjgl.opengl, but that path is defined and not secure
[17:42:57] [Client thread/INFO]: Found 0 mods from the command line. Injecting into mod discoverer
[17:42:57] [Client thread/INFO]: Searching C:\Users\matts\curseforge\minecraft\Instances\test chatlog\mods for mods
[17:42:58] [Client thread/WARN]: Mod MumbleLink is missing the required element 'version' and a version.properties file could not be found. Falling back to metadata version 1.8.9-4.1.4
[17:42:58] [Client thread/WARN]: Mod ExtendedPASupport is missing the required element 'version' and a version.properties file could not be found. Falling back to metadata version 1.0.0
[17:42:58] [Client thread/INFO]: Forge Mod Loader has identified 7 mods to load
[17:42:58] [Client thread/INFO]: Attempting connection with missing mods [mcp, FML, Forge, oneconfig, evergreenhud, MumbleLink, ExtendedPASupport] at CLIENT
[17:42:58] [Client thread/INFO]: Attempting connection with missing mods [mcp, FML, Forge, oneconfig, evergreenhud, MumbleLink, ExtendedPASupport] at SERVER
[17:42:58] [Client thread/INFO]: Reloading ResourceManager: Default, FMLFileResourcePack:Forge Mod Loader, FMLFileResourcePack:Minecraft Forge, FMLFileResourcePack:OneConfig, FMLFileResourcePack:EvergreenHUD, FMLFileResourcePack:MumbleLink for Forge, FMLFileResourcePack:ExtendedPASupport for MumbleLink, ! §cRose Revamp §7[32x].zip, Fullbright 1.8 (1).zip
[17:42:58] [Client thread/INFO]: Processing ObjectHolder annotations
[17:42:58] [Client thread/INFO]: Found 384 ObjectHolder annotations
[17:42:58] [Client thread/INFO]: Identifying ItemStackHolder annotations
[17:42:58] [Client thread/INFO]: Found 0 ItemStackHolder annotations
[17:42:58] [Client thread/INFO]: Configured a dormant chunk cache size of 0
[17:42:58] [Forge Version Check/INFO]: [Forge] Starting version check at http://files.minecraftforge.net/maven/net/minecraftforge/forge/promotions_slim.json
[17:42:58] [Client thread/INFO]: Applying holder lookups
[17:42:58] [Client thread/INFO]: Holder lookups applied
[17:42:58] [Client thread/INFO]: Injecting itemstacks
[17:42:58] [Client thread/INFO]: Itemstack injection complete
[17:42:58] [Sound Library Loader/INFO]: Starting up SoundSystem...
[17:42:58] [Thread-10/INFO]: Initializing LWJGL OpenAL
[17:42:58] [Thread-10/INFO]: (The LWJGL binding of OpenAL.  For more information, see http://www.lwjgl.org)
[17:42:59] [Thread-10/ERROR]: The jar file C:\Users\matts\curseforge\minecraft\Install\libraries\org\lwjgl\lwjgl\lwjgl\2.9.4-nightly-20150209\lwjgl-2.9.4-nightly-20150209.jar has a security seal for path org.lwjgl, but that path is defined and not secure
[17:42:59] [Thread-10/ERROR]: The jar file C:\Users\matts\curseforge\minecraft\Install\libraries\org\lwjgl\lwjgl\lwjgl\2.9.4-nightly-20150209\lwjgl-2.9.4-nightly-20150209.jar has a security seal for path org.lwjgl.openal, but that path is defined and not secure
[17:42:59] [Thread-10/ERROR]: The jar file C:\Users\matts\curseforge\minecraft\Install\libraries\org\lwjgl\lwjgl\lwjgl\2.9.4-nightly-20150209\lwjgl-2.9.4-nightly-20150209.jar has a security seal for path org.lwjgl.openal, but that path is defined and not secure
[17:42:59] [Thread-10/ERROR]: The jar file C:\Users\matts\curseforge\minecraft\Install\libraries\org\lwjgl\lwjgl\lwjgl\2.9.4-nightly-20150209\lwjgl-2.9.4-nightly-20150209.jar has a security seal for path org.lwjgl.openal, but that path is defined and not secure
[17:42:59] [Thread-10/ERROR]: The jar file C:\Users\matts\curseforge\minecraft\Install\libraries\org\lwjgl\lwjgl\lwjgl\2.9.4-nightly-20150209\lwjgl-2.9.4-nightly-20150209.jar has a security seal for path org.lwjgl.openal, but that path is defined and not secure
[17:42:59] [Thread-10/ERROR]: The jar file C:\Users\matts\curseforge\minecraft\Install\libraries\org\lwjgl\lwjgl\lwjgl\2.9.4-nightly-20150209\lwjgl-2.9.4-nightly-20150209.jar has a security seal for path org.lwjgl.openal, but that path is defined and not secure
[17:42:59] [Thread-10/ERROR]: The jar file C:\Users\matts\curseforge\minecraft\Install\libraries\org\lwjgl\lwjgl\lwjgl\2.9.4-nightly-20150209\lwjgl-2.9.4-nightly-20150209.jar has a security seal for path org.lwjgl.openal, but that path is defined and not secure
[17:42:59] [Thread-10/ERROR]: The jar file C:\Users\matts\curseforge\minecraft\Install\libraries\org\lwjgl\lwjgl\lwjgl\2.9.4-nightly-20150209\lwjgl-2.9.4-nightly-20150209.jar has a security seal for path org.lwjgl.openal, but that path is defined and not secure
[17:42:59] [Thread-10/ERROR]: The jar file C:\Users\matts\curseforge\minecraft\Install\libraries\org\lwjgl\lwjgl\lwjgl\2.9.4-nightly-20150209\lwjgl-2.9.4-nightly-20150209.jar has a security seal for path org.lwjgl.openal, but that path is defined and not secure
[17:42:59] [Thread-10/ERROR]: The jar file C:\Users\matts\curseforge\minecraft\Install\libraries\org\lwjgl\lwjgl\lwjgl\2.9.4-nightly-20150209\lwjgl-2.9.4-nightly-20150209.jar has a security seal for path org.lwjgl.openal, but that path is defined and not secure
[17:42:59] [Thread-10/INFO]: OpenAL initialized.
[17:42:59] [Sound Library Loader/INFO]: Sound engine started
[17:42:59] [Client thread/INFO]: Max texture size: 16384
[17:42:59] [Client thread/INFO]: Created: 16x16 textures-atlas
[17:42:59] [Client thread/INFO]: Mixing RendererLivingEntityMixin from mixins.evergreenhud.json into net.minecraft.client.renderer.entity.RendererLivingEntity
[17:42:59] [Client thread/INFO]: Mixing EntityRendererMixin from mixins.oneconfig.json into net.minecraft.client.renderer.EntityRenderer
[17:42:59] [Client thread/INFO]: Mixing HUDUtilsMixin from mixins.evergreenhud.json into cc.polyfrost.oneconfig.hud.HUDUtils
[17:43:00] [Client thread/INFO]: Loading library 'LinkAPI' from: C:\Users\matts\AppData\Local\Temp\MumbleLink8504087197866973943native
[17:43:00] [Client thread/INFO]: Injecting itemstacks
[17:43:00] [Client thread/INFO]: Itemstack injection complete
[17:43:00] [Client thread/INFO]: Forge Mod Loader has successfully loaded 7 mods
[17:43:00] [Client thread/INFO]: Reloading ResourceManager: Default, FMLFileResourcePack:Forge Mod Loader, FMLFileResourcePack:Minecraft Forge, FMLFileResourcePack:OneConfig, FMLFileResourcePack:EvergreenHUD, FMLFileResourcePack:MumbleLink for Forge, FMLFileResourcePack:ExtendedPASupport for MumbleLink, ! §cRose Revamp §7[32x].zip, Fullbright 1.8 (1).zip
[17:43:00] [Client thread/INFO]: SoundSystem shutting down...
[17:43:00] [Client thread/WARN]: Author: Paul Lamb, www.paulscode.com
[17:43:00] [Sound Library Loader/INFO]: Starting up SoundSystem...
[17:43:00] [Thread-14/INFO]: Initializing LWJGL OpenAL
[17:43:00] [Thread-14/INFO]: (The LWJGL binding of OpenAL.  For more information, see http://www.lwjgl.org)
[17:43:00] [Thread-14/INFO]: OpenAL initialized.
[17:43:01] [Client thread/INFO]: Max texture size: 16384
[17:43:01] [Sound Library Loader/INFO]: Sound engine started
[17:43:01] [Client thread/INFO]: Created: 1024x1024 textures-atlas
[17:43:01] [Client thread/INFO]: [ChatLog/TWK]Transformer called for class avt
[17:43:01] [Client thread/INFO]: [ChatLog/TWK]Initialized. Now looking through methods...
[17:43:01] [Client thread/INFO]: [ChatLog/TWK]Found method a(Leu;I)V
[17:43:01] [Client thread/INFO]: [ChatLog/TWK]Found a return in above method, creating instruction list
[17:43:01] [Client thread/INFO]: [ChatLog/TWK]Injecting instructions into method...
[17:43:01] [Client thread/INFO]: [ChatLog/TWK]Instructions successfully injected!
[17:43:01] [Client thread/INFO]: [ChatLog/TWK]Preparing class writer...
[17:43:01] [Client thread/INFO]: [ChatLog/TWK]Returning modified class to the game tweaker
[17:43:01] [Client thread/INFO]: Mixing ShaderGroupAccessor from mixins.oneconfig.json into net.minecraft.client.shader.ShaderGroup
[17:43:01] [Client thread/ERROR]: The jar file C:\Users\matts\curseforge\minecraft\Install\libraries\org\lwjgl\lwjgl\lwjgl\2.9.4-nightly-20150209\lwjgl-2.9.4-nightly-20150209.jar has a security seal for path org.lwjgl.opengl, but that path is defined and not secure
[17:43:01] [Client thread/ERROR]: The jar file C:\Users\matts\curseforge\minecraft\Install\libraries\org\lwjgl\lwjgl\lwjgl\2.9.4-nightly-20150209\lwjgl-2.9.4-nightly-20150209.jar has a security seal for path org.lwjgl.opengl, but that path is defined and not secure
[17:43:01] [Client thread/ERROR]: The jar file C:\Users\matts\curseforge\minecraft\Install\libraries\org\lwjgl\lwjgl\lwjgl\2.9.4-nightly-20150209\lwjgl-2.9.4-nightly-20150209.jar has a security seal for path org.lwjgl.opengl, but that path is defined and not secure
[17:43:03] [Server Pinger #0/INFO]: Mixing NetworkManagerMixin from mixins.oneconfig.json into net.minecraft.network.NetworkManager
[17:43:03] [Netty Client IO #0/INFO]: Attempting connection with missing mods [mcp, FML, Forge, oneconfig, evergreenhud, MumbleLink, ExtendedPASupport] at SERVER
[17:43:04] [Client thread/INFO]: Connecting to mc.uhcworld.fr, 25565
[17:43:06] [Netty Client IO #1/INFO]: Unexpected packet during modded negotiation - assuming vanilla or keepalives : net.minecraft.network.play.server.S47PacketPlayerListHeaderFooter
[17:43:06] [Netty Client IO #1/INFO]: Aborting client handshake "VANILLA"
[17:43:06] [Netty Client IO #1/INFO]: [Netty Client IO #1] Client side vanilla connection established
[17:43:06] [Client thread/INFO]: Mixing ForgeHooksMixin from mixins.evergreenhud.json into net.minecraftforge.common.ForgeHooks
[17:43:06] [Client thread/INFO]: [CHAT] ? ? Il est encore temps de vous reconnecter à votre précédente partie !
[SE RECONNECTER]
[17:43:06] [Client thread/INFO]: [ChatLog/TWK]Initializing ChatLog...
[17:43:06] [Client thread/INFO]: [ChatLog/TWK]Initializing themes...
[17:43:06] [Client thread/INFO]: [ChatLog/TWK]Themes initialized.
[17:43:06] [Client thread/INFO]: [ChatLog/TWK]Reading configuration file...
[17:43:06] [Client thread/INFO]: [ChatLog/TWK]Initialized.
[17:43:06] [Thread-12/INFO]: [CHAT] Mumble linked.
[17:43:06] [Client thread/FATAL]: Error executing task
java.util.concurrent.ExecutionException: java.lang.NullPointerException
	at java.util.concurrent.FutureTask.report(FutureTask.java:122) ~[?:1.8.0_51]
	at java.util.concurrent.FutureTask.get(FutureTask.java:192) ~[?:1.8.0_51]
	at net.minecraft.util.Util.func_181617_a(SourceFile:45) [g.class:?]
	at net.minecraft.client.Minecraft.func_71411_J(Minecraft.java:1014) [ave.class:?]
	at net.minecraft.client.Minecraft.func_99999_d(Minecraft.java:349) [ave.class:?]
	at net.minecraft.client.main.Main.main(SourceFile:124) [Main.class:?]
	at sun.reflect.NativeMethodAccessorImpl.invoke0(Native Method) ~[?:1.8.0_51]
	at sun.reflect.NativeMethodAccessorImpl.invoke(NativeMethodAccessorImpl.java:62) ~[?:1.8.0_51]
	at sun.reflect.DelegatingMethodAccessorImpl.invoke(DelegatingMethodAccessorImpl.java:43) ~[?:1.8.0_51]
	at java.lang.reflect.Method.invoke(Method.java:497) ~[?:1.8.0_51]
	at net.minecraft.launchwrapper.Launch.launch(Launch.java:135) [launchwrapper-1.12.jar:?]
	at net.minecraft.launchwrapper.Launch.main(Launch.java:28) [launchwrapper-1.12.jar:?]
Caused by: java.lang.NullPointerException
	at net.minecraft.network.play.server.S0CPacketSpawnPlayer.func_148944_c(SourceFile:80) ~[fp.class:?]
	at net.minecraft.client.network.NetHandlerPlayClient.func_147237_a(NetHandlerPlayClient.java:501) ~[bcy.class:?]
	at net.minecraft.network.play.server.S0CPacketSpawnPlayer.func_148833_a(SourceFile:75) ~[fp.class:?]
	at net.minecraft.network.play.server.S0CPacketSpawnPlayer.func_148833_a(SourceFile:16) ~[fp.class:?]
	at net.minecraft.network.PacketThreadUtil$1.run(SourceFile:13) ~[fh$1.class:?]
	at java.util.concurrent.Executors$RunnableAdapter.call(Executors.java:511) ~[?:1.8.0_51]
	at java.util.concurrent.FutureTask.run(FutureTask.java:266) ~[?:1.8.0_51]
	at net.minecraft.util.Util.func_181617_a(SourceFile:44) ~[g.class:?]
	... 9 more
[17:43:06] [Client thread/FATAL]: Error executing task
java.util.concurrent.ExecutionException: java.lang.IllegalArgumentException: A team with the name 'citizen_team' already exists!
	at java.util.concurrent.FutureTask.report(FutureTask.java:122) ~[?:1.8.0_51]
	at java.util.concurrent.FutureTask.get(FutureTask.java:192) ~[?:1.8.0_51]
	at net.minecraft.util.Util.func_181617_a(SourceFile:45) [g.class:?]
	at net.minecraft.client.Minecraft.func_71411_J(Minecraft.java:1014) [ave.class:?]
	at net.minecraft.client.Minecraft.func_99999_d(Minecraft.java:349) [ave.class:?]
	at net.minecraft.client.main.Main.main(SourceFile:124) [Main.class:?]
	at sun.reflect.NativeMethodAccessorImpl.invoke0(Native Method) ~[?:1.8.0_51]
	at sun.reflect.NativeMethodAccessorImpl.invoke(NativeMethodAccessorImpl.java:62) ~[?:1.8.0_51]
	at sun.reflect.DelegatingMethodAccessorImpl.invoke(DelegatingMethodAccessorImpl.java:43) ~[?:1.8.0_51]
	at java.lang.reflect.Method.invoke(Method.java:497) ~[?:1.8.0_51]
	at net.minecraft.launchwrapper.Launch.launch(Launch.java:135) [launchwrapper-1.12.jar:?]
	at net.minecraft.launchwrapper.Launch.main(Launch.java:28) [launchwrapper-1.12.jar:?]
Caused by: java.lang.IllegalArgumentException: A team with the name 'citizen_team' already exists!
	at net.minecraft.scoreboard.Scoreboard.func_96527_f(SourceFile:218) ~[auo.class:?]
	at net.minecraft.client.network.NetHandlerPlayClient.func_147247_a(NetHandlerPlayClient.java:1773) ~[bcy.class:?]
	at net.minecraft.network.play.server.S3EPacketTeams.func_148833_a(SourceFile:113) ~[hr.class:?]
	at net.minecraft.network.play.server.S3EPacketTeams.func_148833_a(SourceFile:13) ~[hr.class:?]
	at net.minecraft.network.PacketThreadUtil$1.run(SourceFile:13) ~[fh$1.class:?]
	at java.util.concurrent.Executors$RunnableAdapter.call(Executors.java:511) ~[?:1.8.0_51]
	at java.util.concurrent.FutureTask.run(FutureTask.java:266) ~[?:1.8.0_51]
	at net.minecraft.util.Util.func_181617_a(SourceFile:44) ~[g.class:?]
	... 9 more
[17:43:06] [Client thread/FATAL]: Error executing task
java.util.concurrent.ExecutionException: java.lang.NullPointerException
	at java.util.concurrent.FutureTask.report(FutureTask.java:122) ~[?:1.8.0_51]
	at java.util.concurrent.FutureTask.get(FutureTask.java:192) ~[?:1.8.0_51]
	at net.minecraft.util.Util.func_181617_a(SourceFile:45) [g.class:?]
	at net.minecraft.client.Minecraft.func_71411_J(Minecraft.java:1014) [ave.class:?]
	at net.minecraft.client.Minecraft.func_99999_d(Minecraft.java:349) [ave.class:?]
	at net.minecraft.client.main.Main.main(SourceFile:124) [Main.class:?]
	at sun.reflect.NativeMethodAccessorImpl.invoke0(Native Method) ~[?:1.8.0_51]
	at sun.reflect.NativeMethodAccessorImpl.invoke(NativeMethodAccessorImpl.java:62) ~[?:1.8.0_51]
	at sun.reflect.DelegatingMethodAccessorImpl.invoke(DelegatingMethodAccessorImpl.java:43) ~[?:1.8.0_51]
	at java.lang.reflect.Method.invoke(Method.java:497) ~[?:1.8.0_51]
	at net.minecraft.launchwrapper.Launch.launch(Launch.java:135) [launchwrapper-1.12.jar:?]
	at net.minecraft.launchwrapper.Launch.main(Launch.java:28) [launchwrapper-1.12.jar:?]
Caused by: java.lang.NullPointerException
	at net.minecraft.network.play.server.S0CPacketSpawnPlayer.func_148944_c(SourceFile:80) ~[fp.class:?]
	at net.minecraft.client.network.NetHandlerPlayClient.func_147237_a(NetHandlerPlayClient.java:501) ~[bcy.class:?]
	at net.minecraft.network.play.server.S0CPacketSpawnPlayer.func_148833_a(SourceFile:75) ~[fp.class:?]
	at net.minecraft.network.play.server.S0CPacketSpawnPlayer.func_148833_a(SourceFile:16) ~[fp.class:?]
	at net.minecraft.network.PacketThreadUtil$1.run(SourceFile:13) ~[fh$1.class:?]
	at java.util.concurrent.Executors$RunnableAdapter.call(Executors.java:511) ~[?:1.8.0_51]
	at java.util.concurrent.FutureTask.run(FutureTask.java:266) ~[?:1.8.0_51]
	at net.minecraft.util.Util.func_181617_a(SourceFile:44) ~[g.class:?]
	... 9 more
[17:43:06] [Client thread/FATAL]: Error executing task
java.util.concurrent.ExecutionException: java.lang.NullPointerException
	at java.util.concurrent.FutureTask.report(FutureTask.java:122) ~[?:1.8.0_51]
	at java.util.concurrent.FutureTask.get(FutureTask.java:192) ~[?:1.8.0_51]
	at net.minecraft.util.Util.func_181617_a(SourceFile:45) [g.class:?]
	at net.minecraft.client.Minecraft.func_71411_J(Minecraft.java:1014) [ave.class:?]
	at net.minecraft.client.Minecraft.func_99999_d(Minecraft.java:349) [ave.class:?]
	at net.minecraft.client.main.Main.main(SourceFile:124) [Main.class:?]
	at sun.reflect.NativeMethodAccessorImpl.invoke0(Native Method) ~[?:1.8.0_51]
	at sun.reflect.NativeMethodAccessorImpl.invoke(NativeMethodAccessorImpl.java:62) ~[?:1.8.0_51]
	at sun.reflect.DelegatingMethodAccessorImpl.invoke(DelegatingMethodAccessorImpl.java:43) ~[?:1.8.0_51]
	at java.lang.reflect.Method.invoke(Method.java:497) ~[?:1.8.0_51]
	at net.minecraft.launchwrapper.Launch.launch(Launch.java:135) [launchwrapper-1.12.jar:?]
	at net.minecraft.launchwrapper.Launch.main(Launch.java:28) [launchwrapper-1.12.jar:?]
Caused by: java.lang.NullPointerException
	at net.minecraft.network.play.server.S0FPacketSpawnMob.func_149027_c(SourceFile:114) ~[fn.class:?]
	at net.minecraft.client.network.NetHandlerPlayClient.func_147281_a(NetHandlerPlayClient.java:840) ~[bcy.class:?]
	at net.minecraft.network.play.server.S0FPacketSpawnMob.func_148833_a(SourceFile:109) ~[fn.class:?]
	at net.minecraft.network.play.server.S0FPacketSpawnMob.func_148833_a(SourceFile:15) ~[fn.class:?]
	at net.minecraft.network.PacketThreadUtil$1.run(SourceFile:13) ~[fh$1.class:?]
	at java.util.concurrent.Executors$RunnableAdapter.call(Executors.java:511) ~[?:1.8.0_51]
	at java.util.concurrent.FutureTask.run(FutureTask.java:266) ~[?:1.8.0_51]
	at net.minecraft.util.Util.func_181617_a(SourceFile:44) ~[g.class:?]
	... 9 more
[17:43:06] [Client thread/FATAL]: Error executing task
java.util.concurrent.ExecutionException: java.lang.NullPointerException
	at java.util.concurrent.FutureTask.report(FutureTask.java:122) ~[?:1.8.0_51]
	at java.util.concurrent.FutureTask.get(FutureTask.java:192) ~[?:1.8.0_51]
	at net.minecraft.util.Util.func_181617_a(SourceFile:45) [g.class:?]
	at net.minecraft.client.Minecraft.func_71411_J(Minecraft.java:1014) [ave.class:?]
	at net.minecraft.client.Minecraft.func_99999_d(Minecraft.java:349) [ave.class:?]
	at net.minecraft.client.main.Main.main(SourceFile:124) [Main.class:?]
	at sun.reflect.NativeMethodAccessorImpl.invoke0(Native Method) ~[?:1.8.0_51]
	at sun.reflect.NativeMethodAccessorImpl.invoke(NativeMethodAccessorImpl.java:62) ~[?:1.8.0_51]
	at sun.reflect.DelegatingMethodAccessorImpl.invoke(DelegatingMethodAccessorImpl.java:43) ~[?:1.8.0_51]
	at java.lang.reflect.Method.invoke(Method.java:497) ~[?:1.8.0_51]
	at net.minecraft.launchwrapper.Launch.launch(Launch.java:135) [launchwrapper-1.12.jar:?]
	at net.minecraft.launchwrapper.Launch.main(Launch.java:28) [launchwrapper-1.12.jar:?]
Caused by: java.lang.NullPointerException
	at net.minecraft.network.play.server.S0FPacketSpawnMob.func_149027_c(SourceFile:114) ~[fn.class:?]
	at net.minecraft.client.network.NetHandlerPlayClient.func_147281_a(NetHandlerPlayClient.java:840) ~[bcy.class:?]
	at net.minecraft.network.play.server.S0FPacketSpawnMob.func_148833_a(SourceFile:109) ~[fn.class:?]
	at net.minecraft.network.play.server.S0FPacketSpawnMob.func_148833_a(SourceFile:15) ~[fn.class:?]
	at net.minecraft.network.PacketThreadUtil$1.run(SourceFile:13) ~[fh$1.class:?]
	at java.util.concurrent.Executors$RunnableAdapter.call(Executors.java:511) ~[?:1.8.0_51]
	at java.util.concurrent.FutureTask.run(FutureTask.java:266) ~[?:1.8.0_51]
	at net.minecraft.util.Util.func_181617_a(SourceFile:44) ~[g.class:?]
	... 9 more
[17:43:06] [Client thread/FATAL]: Error executing task
java.util.concurrent.ExecutionException: java.lang.NullPointerException
	at java.util.concurrent.FutureTask.report(FutureTask.java:122) ~[?:1.8.0_51]
	at java.util.concurrent.FutureTask.get(FutureTask.java:192) ~[?:1.8.0_51]
	at net.minecraft.util.Util.func_181617_a(SourceFile:45) [g.class:?]
	at net.minecraft.client.Minecraft.func_71411_J(Minecraft.java:1014) [ave.class:?]
	at net.minecraft.client.Minecraft.func_99999_d(Minecraft.java:349) [ave.class:?]
	at net.minecraft.client.main.Main.main(SourceFile:124) [Main.class:?]
	at sun.reflect.NativeMethodAccessorImpl.invoke0(Native Method) ~[?:1.8.0_51]
	at sun.reflect.NativeMethodAccessorImpl.invoke(NativeMethodAccessorImpl.java:62) ~[?:1.8.0_51]
	at sun.reflect.DelegatingMethodAccessorImpl.invoke(DelegatingMethodAccessorImpl.java:43) ~[?:1.8.0_51]
	at java.lang.reflect.Method.invoke(Method.java:497) ~[?:1.8.0_51]
	at net.minecraft.launchwrapper.Launch.launch(Launch.java:135) [launchwrapper-1.12.jar:?]
	at net.minecraft.launchwrapper.Launch.main(Launch.java:28) [launchwrapper-1.12.jar:?]
Caused by: java.lang.NullPointerException
	at net.minecraft.network.play.server.S0FPacketSpawnMob.func_149027_c(SourceFile:114) ~[fn.class:?]
	at net.minecraft.client.network.NetHandlerPlayClient.func_147281_a(NetHandlerPlayClient.java:840) ~[bcy.class:?]
	at net.minecraft.network.play.server.S0FPacketSpawnMob.func_148833_a(SourceFile:109) ~[fn.class:?]
	at net.minecraft.network.play.server.S0FPacketSpawnMob.func_148833_a(SourceFile:15) ~[fn.class:?]
	at net.minecraft.network.PacketThreadUtil$1.run(SourceFile:13) ~[fh$1.class:?]
	at java.util.concurrent.Executors$RunnableAdapter.call(Executors.java:511) ~[?:1.8.0_51]
	at java.util.concurrent.FutureTask.run(FutureTask.java:266) ~[?:1.8.0_51]
	at net.minecraft.util.Util.func_181617_a(SourceFile:44) ~[g.class:?]
	... 9 more
[17:43:08] [Client thread/ERROR]: The jar file C:\Users\matts\curseforge\minecraft\Install\libraries\org\lwjgl\lwjgl\lwjgl\2.9.4-nightly-20150209\lwjgl-2.9.4-nightly-20150209.jar has a security seal for path org.lwjgl.input, but that path is defined and not secure
[17:43:08] [Client thread/ERROR]: The jar file C:\Users\matts\curseforge\minecraft\Install\libraries\org\lwjgl\lwjgl\lwjgl\2.9.4-nightly-20150209\lwjgl-2.9.4-nightly-20150209.jar has a security seal for path org.lwjgl.opengl, but that path is defined and not secure
[17:43:10] [Client thread/INFO]: [CHAT] [?] Vous avez été re-téléporté dans votre dernière partie.
[17:43:11] [Client thread/FATAL]: Error executing task
java.util.concurrent.ExecutionException: java.lang.NullPointerException
	at java.util.concurrent.FutureTask.report(FutureTask.java:122) ~[?:1.8.0_51]
	at java.util.concurrent.FutureTask.get(FutureTask.java:192) ~[?:1.8.0_51]
	at net.minecraft.util.Util.func_181617_a(SourceFile:45) [g.class:?]
	at net.minecraft.client.Minecraft.func_71411_J(Minecraft.java:1014) [ave.class:?]
	at net.minecraft.client.Minecraft.func_99999_d(Minecraft.java:349) [ave.class:?]
	at net.minecraft.client.main.Main.main(SourceFile:124) [Main.class:?]
	at sun.reflect.NativeMethodAccessorImpl.invoke0(Native Method) ~[?:1.8.0_51]
	at sun.reflect.NativeMethodAccessorImpl.invoke(NativeMethodAccessorImpl.java:62) ~[?:1.8.0_51]
	at sun.reflect.DelegatingMethodAccessorImpl.invoke(DelegatingMethodAccessorImpl.java:43) ~[?:1.8.0_51]
	at java.lang.reflect.Method.invoke(Method.java:497) ~[?:1.8.0_51]
	at net.minecraft.launchwrapper.Launch.launch(Launch.java:135) [launchwrapper-1.12.jar:?]
	at net.minecraft.launchwrapper.Launch.main(Launch.java:28) [launchwrapper-1.12.jar:?]
Caused by: java.lang.NullPointerException
	at net.minecraft.scoreboard.Scoreboard.func_96511_d(SourceFile:229) ~[auo.class:?]
	at net.minecraft.client.network.NetHandlerPlayClient.func_147247_a(NetHandlerPlayClient.java:1813) ~[bcy.class:?]
	at net.minecraft.network.play.server.S3EPacketTeams.func_148833_a(SourceFile:113) ~[hr.class:?]
	at net.minecraft.network.play.server.S3EPacketTeams.func_148833_a(SourceFile:13) ~[hr.class:?]
	at net.minecraft.network.PacketThreadUtil$1.run(SourceFile:13) ~[fh$1.class:?]
	at java.util.concurrent.Executors$RunnableAdapter.call(Executors.java:511) ~[?:1.8.0_51]
	at java.util.concurrent.FutureTask.run(FutureTask.java:266) ~[?:1.8.0_51]
	at net.minecraft.util.Util.func_181617_a(SourceFile:44) ~[g.class:?]
	... 9 more
[17:43:11] [Client thread/FATAL]: Error executing task
java.util.concurrent.ExecutionException: java.lang.NullPointerException
	at java.util.concurrent.FutureTask.report(FutureTask.java:122) ~[?:1.8.0_51]
	at java.util.concurrent.FutureTask.get(FutureTask.java:192) ~[?:1.8.0_51]
	at net.minecraft.util.Util.func_181617_a(SourceFile:45) [g.class:?]
	at net.minecraft.client.Minecraft.func_71411_J(Minecraft.java:1014) [ave.class:?]
	at net.minecraft.client.Minecraft.func_99999_d(Minecraft.java:349) [ave.class:?]
	at net.minecraft.client.main.Main.main(SourceFile:124) [Main.class:?]
	at sun.reflect.NativeMethodAccessorImpl.invoke0(Native Method) ~[?:1.8.0_51]
	at sun.reflect.NativeMethodAccessorImpl.invoke(NativeMethodAccessorImpl.java:62) ~[?:1.8.0_51]
	at sun.reflect.DelegatingMethodAccessorImpl.invoke(DelegatingMethodAccessorImpl.java:43) ~[?:1.8.0_51]
	at java.lang.reflect.Method.invoke(Method.java:497) ~[?:1.8.0_51]
	at net.minecraft.launchwrapper.Launch.launch(Launch.java:135) [launchwrapper-1.12.jar:?]
	at net.minecraft.launchwrapper.Launch.main(Launch.java:28) [launchwrapper-1.12.jar:?]
Caused by: java.lang.NullPointerException
	at net.minecraft.scoreboard.Scoreboard.func_96511_d(SourceFile:229) ~[auo.class:?]
	at net.minecraft.client.network.NetHandlerPlayClient.func_147247_a(NetHandlerPlayClient.java:1813) ~[bcy.class:?]
	at net.minecraft.network.play.server.S3EPacketTeams.func_148833_a(SourceFile:113) ~[hr.class:?]
	at net.minecraft.network.play.server.S3EPacketTeams.func_148833_a(SourceFile:13) ~[hr.class:?]
	at net.minecraft.network.PacketThreadUtil$1.run(SourceFile:13) ~[fh$1.class:?]
	at java.util.concurrent.Executors$RunnableAdapter.call(Executors.java:511) ~[?:1.8.0_51]
	at java.util.concurrent.FutureTask.run(FutureTask.java:266) ~[?:1.8.0_51]
	at net.minecraft.util.Util.func_181617_a(SourceFile:44) ~[g.class:?]
	... 9 more
[17:43:11] [Client thread/FATAL]: Error executing task
java.util.concurrent.ExecutionException: java.lang.NullPointerException
	at java.util.concurrent.FutureTask.report(FutureTask.java:122) ~[?:1.8.0_51]
	at java.util.concurrent.FutureTask.get(FutureTask.java:192) ~[?:1.8.0_51]
	at net.minecraft.util.Util.func_181617_a(SourceFile:45) [g.class:?]
	at net.minecraft.client.Minecraft.func_71411_J(Minecraft.java:1014) [ave.class:?]
	at net.minecraft.client.Minecraft.func_99999_d(Minecraft.java:349) [ave.class:?]
	at net.minecraft.client.main.Main.main(SourceFile:124) [Main.class:?]
	at sun.reflect.NativeMethodAccessorImpl.invoke0(Native Method) ~[?:1.8.0_51]
	at sun.reflect.NativeMethodAccessorImpl.invoke(NativeMethodAccessorImpl.java:62) ~[?:1.8.0_51]
	at sun.reflect.DelegatingMethodAccessorImpl.invoke(DelegatingMethodAccessorImpl.java:43) ~[?:1.8.0_51]
	at java.lang.reflect.Method.invoke(Method.java:497) ~[?:1.8.0_51]
	at net.minecraft.launchwrapper.Launch.launch(Launch.java:135) [launchwrapper-1.12.jar:?]
	at net.minecraft.launchwrapper.Launch.main(Launch.java:28) [launchwrapper-1.12.jar:?]
Caused by: java.lang.NullPointerException
	at net.minecraft.scoreboard.Scoreboard.func_96511_d(SourceFile:229) ~[auo.class:?]
	at net.minecraft.client.network.NetHandlerPlayClient.func_147247_a(NetHandlerPlayClient.java:1813) ~[bcy.class:?]
	at net.minecraft.network.play.server.S3EPacketTeams.func_148833_a(SourceFile:113) ~[hr.class:?]
	at net.minecraft.network.play.server.S3EPacketTeams.func_148833_a(SourceFile:13) ~[hr.class:?]
	at net.minecraft.network.PacketThreadUtil$1.run(SourceFile:13) ~[fh$1.class:?]
	at java.util.concurrent.Executors$RunnableAdapter.call(Executors.java:511) ~[?:1.8.0_51]
	at java.util.concurrent.FutureTask.run(FutureTask.java:266) ~[?:1.8.0_51]
	at net.minecraft.util.Util.func_181617_a(SourceFile:44) ~[g.class:?]
	... 9 more
[17:43:11] [Client thread/FATAL]: Error executing task
java.util.concurrent.ExecutionException: java.lang.NullPointerException
	at java.util.concurrent.FutureTask.report(FutureTask.java:122) ~[?:1.8.0_51]
	at java.util.concurrent.FutureTask.get(FutureTask.java:192) ~[?:1.8.0_51]
	at net.minecraft.util.Util.func_181617_a(SourceFile:45) [g.class:?]
	at net.minecraft.client.Minecraft.func_71411_J(Minecraft.java:1014) [ave.class:?]
	at net.minecraft.client.Minecraft.func_99999_d(Minecraft.java:349) [ave.class:?]
	at net.minecraft.client.main.Main.main(SourceFile:124) [Main.class:?]
	at sun.reflect.NativeMethodAccessorImpl.invoke0(Native Method) ~[?:1.8.0_51]
	at sun.reflect.NativeMethodAccessorImpl.invoke(NativeMethodAccessorImpl.java:62) ~[?:1.8.0_51]
	at sun.reflect.DelegatingMethodAccessorImpl.invoke(DelegatingMethodAccessorImpl.java:43) ~[?:1.8.0_51]
	at java.lang.reflect.Method.invoke(Method.java:497) ~[?:1.8.0_51]
	at net.minecraft.launchwrapper.Launch.launch(Launch.java:135) [launchwrapper-1.12.jar:?]
	at net.minecraft.launchwrapper.Launch.main(Launch.java:28) [launchwrapper-1.12.jar:?]
Caused by: java.lang.NullPointerException
	at net.minecraft.scoreboard.Scoreboard.func_96511_d(SourceFile:229) ~[auo.class:?]
	at net.minecraft.client.network.NetHandlerPlayClient.func_147247_a(NetHandlerPlayClient.java:1813) ~[bcy.class:?]
	at net.minecraft.network.play.server.S3EPacketTeams.func_148833_a(SourceFile:113) ~[hr.class:?]
	at net.minecraft.network.play.server.S3EPacketTeams.func_148833_a(SourceFile:13) ~[hr.class:?]
	at net.minecraft.network.PacketThreadUtil$1.run(SourceFile:13) ~[fh$1.class:?]
	at java.util.concurrent.Executors$RunnableAdapter.call(Executors.java:511) ~[?:1.8.0_51]
	at java.util.concurrent.FutureTask.run(FutureTask.java:266) ~[?:1.8.0_51]
	at net.minecraft.util.Util.func_181617_a(SourceFile:44) ~[g.class:?]
	... 9 more
[17:43:11] [Client thread/FATAL]: Error executing task
java.util.concurrent.ExecutionException: java.lang.NullPointerException
	at java.util.concurrent.FutureTask.report(FutureTask.java:122) ~[?:1.8.0_51]
	at java.util.concurrent.FutureTask.get(FutureTask.java:192) ~[?:1.8.0_51]
	at net.minecraft.util.Util.func_181617_a(SourceFile:45) [g.class:?]
	at net.minecraft.client.Minecraft.func_71411_J(Minecraft.java:1014) [ave.class:?]
	at net.minecraft.client.Minecraft.func_99999_d(Minecraft.java:349) [ave.class:?]
	at net.minecraft.client.main.Main.main(SourceFile:124) [Main.class:?]
	at sun.reflect.NativeMethodAccessorImpl.invoke0(Native Method) ~[?:1.8.0_51]
	at sun.reflect.NativeMethodAccessorImpl.invoke(NativeMethodAccessorImpl.java:62) ~[?:1.8.0_51]
	at sun.reflect.DelegatingMethodAccessorImpl.invoke(DelegatingMethodAccessorImpl.java:43) ~[?:1.8.0_51]
	at java.lang.reflect.Method.invoke(Method.java:497) ~[?:1.8.0_51]
	at net.minecraft.launchwrapper.Launch.launch(Launch.java:135) [launchwrapper-1.12.jar:?]
	at net.minecraft.launchwrapper.Launch.main(Launch.java:28) [launchwrapper-1.12.jar:?]
Caused by: java.lang.NullPointerException
	at net.minecraft.scoreboard.Scoreboard.func_96511_d(SourceFile:229) ~[auo.class:?]
	at net.minecraft.client.network.NetHandlerPlayClient.func_147247_a(NetHandlerPlayClient.java:1813) ~[bcy.class:?]
	at net.minecraft.network.play.server.S3EPacketTeams.func_148833_a(SourceFile:113) ~[hr.class:?]
	at net.minecraft.network.play.server.S3EPacketTeams.func_148833_a(SourceFile:13) ~[hr.class:?]
	at net.minecraft.network.PacketThreadUtil$1.run(SourceFile:13) ~[fh$1.class:?]
	at java.util.concurrent.Executors$RunnableAdapter.call(Executors.java:511) ~[?:1.8.0_51]
	at java.util.concurrent.FutureTask.run(FutureTask.java:266) ~[?:1.8.0_51]
	at net.minecraft.util.Util.func_181617_a(SourceFile:44) ~[g.class:?]
	... 9 more
[17:43:11] [Client thread/FATAL]: Error executing task
java.util.concurrent.ExecutionException: java.lang.NullPointerException
	at java.util.concurrent.FutureTask.report(FutureTask.java:122) ~[?:1.8.0_51]
	at java.util.concurrent.FutureTask.get(FutureTask.java:192) ~[?:1.8.0_51]
	at net.minecraft.util.Util.func_181617_a(SourceFile:45) [g.class:?]
	at net.minecraft.client.Minecraft.func_71411_J(Minecraft.java:1014) [ave.class:?]
	at net.minecraft.client.Minecraft.func_99999_d(Minecraft.java:349) [ave.class:?]
	at net.minecraft.client.main.Main.main(SourceFile:124) [Main.class:?]
	at sun.reflect.NativeMethodAccessorImpl.invoke0(Native Method) ~[?:1.8.0_51]
	at sun.reflect.NativeMethodAccessorImpl.invoke(NativeMethodAccessorImpl.java:62) ~[?:1.8.0_51]
	at sun.reflect.DelegatingMethodAccessorImpl.invoke(DelegatingMethodAccessorImpl.java:43) ~[?:1.8.0_51]
	at java.lang.reflect.Method.invoke(Method.java:497) ~[?:1.8.0_51]
	at net.minecraft.launchwrapper.Launch.launch(Launch.java:135) [launchwrapper-1.12.jar:?]
	at net.minecraft.launchwrapper.Launch.main(Launch.java:28) [launchwrapper-1.12.jar:?]
Caused by: java.lang.NullPointerException
	at net.minecraft.scoreboard.Scoreboard.func_96511_d(SourceFile:229) ~[auo.class:?]
	at net.minecraft.client.network.NetHandlerPlayClient.func_147247_a(NetHandlerPlayClient.java:1813) ~[bcy.class:?]
	at net.minecraft.network.play.server.S3EPacketTeams.func_148833_a(SourceFile:113) ~[hr.class:?]
	at net.minecraft.network.play.server.S3EPacketTeams.func_148833_a(SourceFile:13) ~[hr.class:?]
	at net.minecraft.network.PacketThreadUtil$1.run(SourceFile:13) ~[fh$1.class:?]
	at java.util.concurrent.Executors$RunnableAdapter.call(Executors.java:511) ~[?:1.8.0_51]
	at java.util.concurrent.FutureTask.run(FutureTask.java:266) ~[?:1.8.0_51]
	at net.minecraft.util.Util.func_181617_a(SourceFile:44) ~[g.class:?]
	... 9 more
[17:43:11] [Client thread/FATAL]: Error executing task
java.util.concurrent.ExecutionException: java.lang.NullPointerException
	at java.util.concurrent.FutureTask.report(FutureTask.java:122) ~[?:1.8.0_51]
	at java.util.concurrent.FutureTask.get(FutureTask.java:192) ~[?:1.8.0_51]
	at net.minecraft.util.Util.func_181617_a(SourceFile:45) [g.class:?]
	at net.minecraft.client.Minecraft.func_71411_J(Minecraft.java:1014) [ave.class:?]
	at net.minecraft.client.Minecraft.func_99999_d(Minecraft.java:349) [ave.class:?]
	at net.minecraft.client.main.Main.main(SourceFile:124) [Main.class:?]
	at sun.reflect.NativeMethodAccessorImpl.invoke0(Native Method) ~[?:1.8.0_51]
	at sun.reflect.NativeMethodAccessorImpl.invoke(NativeMethodAccessorImpl.java:62) ~[?:1.8.0_51]
	at sun.reflect.DelegatingMethodAccessorImpl.invoke(DelegatingMethodAccessorImpl.java:43) ~[?:1.8.0_51]
	at java.lang.reflect.Method.invoke(Method.java:497) ~[?:1.8.0_51]
	at net.minecraft.launchwrapper.Launch.launch(Launch.java:135) [launchwrapper-1.12.jar:?]
	at net.minecraft.launchwrapper.Launch.main(Launch.java:28) [launchwrapper-1.12.jar:?]
Caused by: java.lang.NullPointerException
	at net.minecraft.scoreboard.Scoreboard.func_96511_d(SourceFile:229) ~[auo.class:?]
	at net.minecraft.client.network.NetHandlerPlayClient.func_147247_a(NetHandlerPlayClient.java:1813) ~[bcy.class:?]
	at net.minecraft.network.play.server.S3EPacketTeams.func_148833_a(SourceFile:113) ~[hr.class:?]
	at net.minecraft.network.play.server.S3EPacketTeams.func_148833_a(SourceFile:13) ~[hr.class:?]
	at net.minecraft.network.PacketThreadUtil$1.run(SourceFile:13) ~[fh$1.class:?]
	at java.util.concurrent.Executors$RunnableAdapter.call(Executors.java:511) ~[?:1.8.0_51]
	at java.util.concurrent.FutureTask.run(FutureTask.java:266) ~[?:1.8.0_51]
	at net.minecraft.util.Util.func_181617_a(SourceFile:44) ~[g.class:?]
	... 9 more
[17:43:11] [Client thread/FATAL]: Error executing task
java.util.concurrent.ExecutionException: java.lang.NullPointerException
	at java.util.concurrent.FutureTask.report(FutureTask.java:122) ~[?:1.8.0_51]
	at java.util.concurrent.FutureTask.get(FutureTask.java:192) ~[?:1.8.0_51]
	at net.minecraft.util.Util.func_181617_a(SourceFile:45) [g.class:?]
	at net.minecraft.client.Minecraft.func_71411_J(Minecraft.java:1014) [ave.class:?]
	at net.minecraft.client.Minecraft.func_99999_d(Minecraft.java:349) [ave.class:?]
	at net.minecraft.client.main.Main.main(SourceFile:124) [Main.class:?]
	at sun.reflect.NativeMethodAccessorImpl.invoke0(Native Method) ~[?:1.8.0_51]
	at sun.reflect.NativeMethodAccessorImpl.invoke(NativeMethodAccessorImpl.java:62) ~[?:1.8.0_51]
	at sun.reflect.DelegatingMethodAccessorImpl.invoke(DelegatingMethodAccessorImpl.java:43) ~[?:1.8.0_51]
	at java.lang.reflect.Method.invoke(Method.java:497) ~[?:1.8.0_51]
	at net.minecraft.launchwrapper.Launch.launch(Launch.java:135) [launchwrapper-1.12.jar:?]
	at net.minecraft.launchwrapper.Launch.main(Launch.java:28) [launchwrapper-1.12.jar:?]
Caused by: java.lang.NullPointerException
	at net.minecraft.scoreboard.Scoreboard.func_96511_d(SourceFile:229) ~[auo.class:?]
	at net.minecraft.client.network.NetHandlerPlayClient.func_147247_a(NetHandlerPlayClient.java:1813) ~[bcy.class:?]
	at net.minecraft.network.play.server.S3EPacketTeams.func_148833_a(SourceFile:113) ~[hr.class:?]
	at net.minecraft.network.play.server.S3EPacketTeams.func_148833_a(SourceFile:13) ~[hr.class:?]
	at net.minecraft.network.PacketThreadUtil$1.run(SourceFile:13) ~[fh$1.class:?]
	at java.util.concurrent.Executors$RunnableAdapter.call(Executors.java:511) ~[?:1.8.0_51]
	at java.util.concurrent.FutureTask.run(FutureTask.java:266) ~[?:1.8.0_51]
	at net.minecraft.util.Util.func_181617_a(SourceFile:44) ~[g.class:?]
	... 9 more
[17:43:11] [Client thread/FATAL]: Error executing task
java.util.concurrent.ExecutionException: java.lang.NullPointerException
	at java.util.concurrent.FutureTask.report(FutureTask.java:122) ~[?:1.8.0_51]
	at java.util.concurrent.FutureTask.get(FutureTask.java:192) ~[?:1.8.0_51]
	at net.minecraft.util.Util.func_181617_a(SourceFile:45) [g.class:?]
	at net.minecraft.client.Minecraft.func_71411_J(Minecraft.java:1014) [ave.class:?]
	at net.minecraft.client.Minecraft.func_99999_d(Minecraft.java:349) [ave.class:?]
	at net.minecraft.client.main.Main.main(SourceFile:124) [Main.class:?]
	at sun.reflect.NativeMethodAccessorImpl.invoke0(Native Method) ~[?:1.8.0_51]
	at sun.reflect.NativeMethodAccessorImpl.invoke(NativeMethodAccessorImpl.java:62) ~[?:1.8.0_51]
	at sun.reflect.DelegatingMethodAccessorImpl.invoke(DelegatingMethodAccessorImpl.java:43) ~[?:1.8.0_51]
	at java.lang.reflect.Method.invoke(Method.java:497) ~[?:1.8.0_51]
	at net.minecraft.launchwrapper.Launch.launch(Launch.java:135) [launchwrapper-1.12.jar:?]
	at net.minecraft.launchwrapper.Launch.main(Launch.java:28) [launchwrapper-1.12.jar:?]
Caused by: java.lang.NullPointerException
	at net.minecraft.scoreboard.Scoreboard.func_96511_d(SourceFile:229) ~[auo.class:?]
	at net.minecraft.client.network.NetHandlerPlayClient.func_147247_a(NetHandlerPlayClient.java:1813) ~[bcy.class:?]
	at net.minecraft.network.play.server.S3EPacketTeams.func_148833_a(SourceFile:113) ~[hr.class:?]
	at net.minecraft.network.play.server.S3EPacketTeams.func_148833_a(SourceFile:13) ~[hr.class:?]
	at net.minecraft.network.PacketThreadUtil$1.run(SourceFile:13) ~[fh$1.class:?]
	at java.util.concurrent.Executors$RunnableAdapter.call(Executors.java:511) ~[?:1.8.0_51]
	at java.util.concurrent.FutureTask.run(FutureTask.java:266) ~[?:1.8.0_51]
	at net.minecraft.util.Util.func_181617_a(SourceFile:44) ~[g.class:?]
	... 9 more
[17:43:11] [Client thread/FATAL]: Error executing task
java.util.concurrent.ExecutionException: java.lang.NullPointerException
	at java.util.concurrent.FutureTask.report(FutureTask.java:122) ~[?:1.8.0_51]
	at java.util.concurrent.FutureTask.get(FutureTask.java:192) ~[?:1.8.0_51]
	at net.minecraft.util.Util.func_181617_a(SourceFile:45) [g.class:?]
	at net.minecraft.client.Minecraft.func_71411_J(Minecraft.java:1014) [ave.class:?]
	at net.minecraft.client.Minecraft.func_99999_d(Minecraft.java:349) [ave.class:?]
	at net.minecraft.client.main.Main.main(SourceFile:124) [Main.class:?]
	at sun.reflect.NativeMethodAccessorImpl.invoke0(Native Method) ~[?:1.8.0_51]
	at sun.reflect.NativeMethodAccessorImpl.invoke(NativeMethodAccessorImpl.java:62) ~[?:1.8.0_51]
	at sun.reflect.DelegatingMethodAccessorImpl.invoke(DelegatingMethodAccessorImpl.java:43) ~[?:1.8.0_51]
	at java.lang.reflect.Method.invoke(Method.java:497) ~[?:1.8.0_51]
	at net.minecraft.launchwrapper.Launch.launch(Launch.java:135) [launchwrapper-1.12.jar:?]
	at net.minecraft.launchwrapper.Launch.main(Launch.java:28) [launchwrapper-1.12.jar:?]
Caused by: java.lang.NullPointerException
	at net.minecraft.scoreboard.Scoreboard.func_96511_d(SourceFile:229) ~[auo.class:?]
	at net.minecraft.client.network.NetHandlerPlayClient.func_147247_a(NetHandlerPlayClient.java:1813) ~[bcy.class:?]
	at net.minecraft.network.play.server.S3EPacketTeams.func_148833_a(SourceFile:113) ~[hr.class:?]
	at net.minecraft.network.play.server.S3EPacketTeams.func_148833_a(SourceFile:13) ~[hr.class:?]
	at net.minecraft.network.PacketThreadUtil$1.run(SourceFile:13) ~[fh$1.class:?]
	at java.util.concurrent.Executors$RunnableAdapter.call(Executors.java:511) ~[?:1.8.0_51]
	at java.util.concurrent.FutureTask.run(FutureTask.java:266) ~[?:1.8.0_51]
	at net.minecraft.util.Util.func_181617_a(SourceFile:44) ~[g.class:?]
	... 9 more
[17:43:11] [Client thread/FATAL]: Error executing task
java.util.concurrent.ExecutionException: java.lang.NullPointerException
	at java.util.concurrent.FutureTask.report(FutureTask.java:122) ~[?:1.8.0_51]
	at java.util.concurrent.FutureTask.get(FutureTask.java:192) ~[?:1.8.0_51]
	at net.minecraft.util.Util.func_181617_a(SourceFile:45) [g.class:?]
	at net.minecraft.client.Minecraft.func_71411_J(Minecraft.java:1014) [ave.class:?]
	at net.minecraft.client.Minecraft.func_99999_d(Minecraft.java:349) [ave.class:?]
	at net.minecraft.client.main.Main.main(SourceFile:124) [Main.class:?]
	at sun.reflect.NativeMethodAccessorImpl.invoke0(Native Method) ~[?:1.8.0_51]
	at sun.reflect.NativeMethodAccessorImpl.invoke(NativeMethodAccessorImpl.java:62) ~[?:1.8.0_51]
	at sun.reflect.DelegatingMethodAccessorImpl.invoke(DelegatingMethodAccessorImpl.java:43) ~[?:1.8.0_51]
	at java.lang.reflect.Method.invoke(Method.java:497) ~[?:1.8.0_51]
	at net.minecraft.launchwrapper.Launch.launch(Launch.java:135) [launchwrapper-1.12.jar:?]
	at net.minecraft.launchwrapper.Launch.main(Launch.java:28) [launchwrapper-1.12.jar:?]
Caused by: java.lang.NullPointerException
	at net.minecraft.scoreboard.Scoreboard.func_96511_d(SourceFile:229) ~[auo.class:?]
	at net.minecraft.client.network.NetHandlerPlayClient.func_147247_a(NetHandlerPlayClient.java:1813) ~[bcy.class:?]
	at net.minecraft.network.play.server.S3EPacketTeams.func_148833_a(SourceFile:113) ~[hr.class:?]
	at net.minecraft.network.play.server.S3EPacketTeams.func_148833_a(SourceFile:13) ~[hr.class:?]
	at net.minecraft.network.PacketThreadUtil$1.run(SourceFile:13) ~[fh$1.class:?]
	at java.util.concurrent.Executors$RunnableAdapter.call(Executors.java:511) ~[?:1.8.0_51]
	at java.util.concurrent.FutureTask.run(FutureTask.java:266) ~[?:1.8.0_51]
	at net.minecraft.util.Util.func_181617_a(SourceFile:44) ~[g.class:?]
	... 9 more
[17:43:11] [Client thread/FATAL]: Error executing task
java.util.concurrent.ExecutionException: java.lang.NullPointerException
	at java.util.concurrent.FutureTask.report(FutureTask.java:122) ~[?:1.8.0_51]
	at java.util.concurrent.FutureTask.get(FutureTask.java:192) ~[?:1.8.0_51]
	at net.minecraft.util.Util.func_181617_a(SourceFile:45) [g.class:?]
	at net.minecraft.client.Minecraft.func_71411_J(Minecraft.java:1014) [ave.class:?]
	at net.minecraft.client.Minecraft.func_99999_d(Minecraft.java:349) [ave.class:?]
	at net.minecraft.client.main.Main.main(SourceFile:124) [Main.class:?]
	at sun.reflect.NativeMethodAccessorImpl.invoke0(Native Method) ~[?:1.8.0_51]
	at sun.reflect.NativeMethodAccessorImpl.invoke(NativeMethodAccessorImpl.java:62) ~[?:1.8.0_51]
	at sun.reflect.DelegatingMethodAccessorImpl.invoke(DelegatingMethodAccessorImpl.java:43) ~[?:1.8.0_51]
	at java.lang.reflect.Method.invoke(Method.java:497) ~[?:1.8.0_51]
	at net.minecraft.launchwrapper.Launch.launch(Launch.java:135) [launchwrapper-1.12.jar:?]
	at net.minecraft.launchwrapper.Launch.main(Launch.java:28) [launchwrapper-1.12.jar:?]
Caused by: java.lang.NullPointerException
	at net.minecraft.scoreboard.Scoreboard.func_96511_d(SourceFile:229) ~[auo.class:?]
	at net.minecraft.client.network.NetHandlerPlayClient.func_147247_a(NetHandlerPlayClient.java:1813) ~[bcy.class:?]
	at net.minecraft.network.play.server.S3EPacketTeams.func_148833_a(SourceFile:113) ~[hr.class:?]
	at net.minecraft.network.play.server.S3EPacketTeams.func_148833_a(SourceFile:13) ~[hr.class:?]
	at net.minecraft.network.PacketThreadUtil$1.run(SourceFile:13) ~[fh$1.class:?]
	at java.util.concurrent.Executors$RunnableAdapter.call(Executors.java:511) ~[?:1.8.0_51]
	at java.util.concurrent.FutureTask.run(FutureTask.java:266) ~[?:1.8.0_51]
	at net.minecraft.util.Util.func_181617_a(SourceFile:44) ~[g.class:?]
	... 9 more
[17:43:11] [Client thread/FATAL]: Error executing task
java.util.concurrent.ExecutionException: java.lang.NullPointerException
	at java.util.concurrent.FutureTask.report(FutureTask.java:122) ~[?:1.8.0_51]
	at java.util.concurrent.FutureTask.get(FutureTask.java:192) ~[?:1.8.0_51]
	at net.minecraft.util.Util.func_181617_a(SourceFile:45) [g.class:?]
	at net.minecraft.client.Minecraft.func_71411_J(Minecraft.java:1014) [ave.class:?]
	at net.minecraft.client.Minecraft.func_99999_d(Minecraft.java:349) [ave.class:?]
	at net.minecraft.client.main.Main.main(SourceFile:124) [Main.class:?]
	at sun.reflect.NativeMethodAccessorImpl.invoke0(Native Method) ~[?:1.8.0_51]
	at sun.reflect.NativeMethodAccessorImpl.invoke(NativeMethodAccessorImpl.java:62) ~[?:1.8.0_51]
	at sun.reflect.DelegatingMethodAccessorImpl.invoke(DelegatingMethodAccessorImpl.java:43) ~[?:1.8.0_51]
	at java.lang.reflect.Method.invoke(Method.java:497) ~[?:1.8.0_51]
	at net.minecraft.launchwrapper.Launch.launch(Launch.java:135) [launchwrapper-1.12.jar:?]
	at net.minecraft.launchwrapper.Launch.main(Launch.java:28) [launchwrapper-1.12.jar:?]
Caused by: java.lang.NullPointerException
	at net.minecraft.scoreboard.Scoreboard.func_96511_d(SourceFile:229) ~[auo.class:?]
	at net.minecraft.client.network.NetHandlerPlayClient.func_147247_a(NetHandlerPlayClient.java:1813) ~[bcy.class:?]
	at net.minecraft.network.play.server.S3EPacketTeams.func_148833_a(SourceFile:113) ~[hr.class:?]
	at net.minecraft.network.play.server.S3EPacketTeams.func_148833_a(SourceFile:13) ~[hr.class:?]
	at net.minecraft.network.PacketThreadUtil$1.run(SourceFile:13) ~[fh$1.class:?]
	at java.util.concurrent.Executors$RunnableAdapter.call(Executors.java:511) ~[?:1.8.0_51]
	at java.util.concurrent.FutureTask.run(FutureTask.java:266) ~[?:1.8.0_51]
	at net.minecraft.util.Util.func_181617_a(SourceFile:44) ~[g.class:?]
	... 9 more
[17:43:11] [Client thread/FATAL]: Error executing task
java.util.concurrent.ExecutionException: java.lang.NullPointerException
	at java.util.concurrent.FutureTask.report(FutureTask.java:122) ~[?:1.8.0_51]
	at java.util.concurrent.FutureTask.get(FutureTask.java:192) ~[?:1.8.0_51]
	at net.minecraft.util.Util.func_181617_a(SourceFile:45) [g.class:?]
	at net.minecraft.client.Minecraft.func_71411_J(Minecraft.java:1014) [ave.class:?]
	at net.minecraft.client.Minecraft.func_99999_d(Minecraft.java:349) [ave.class:?]
	at net.minecraft.client.main.Main.main(SourceFile:124) [Main.class:?]
	at sun.reflect.NativeMethodAccessorImpl.invoke0(Native Method) ~[?:1.8.0_51]
	at sun.reflect.NativeMethodAccessorImpl.invoke(NativeMethodAccessorImpl.java:62) ~[?:1.8.0_51]
	at sun.reflect.DelegatingMethodAccessorImpl.invoke(DelegatingMethodAccessorImpl.java:43) ~[?:1.8.0_51]
	at java.lang.reflect.Method.invoke(Method.java:497) ~[?:1.8.0_51]
	at net.minecraft.launchwrapper.Launch.launch(Launch.java:135) [launchwrapper-1.12.jar:?]
	at net.minecraft.launchwrapper.Launch.main(Launch.java:28) [launchwrapper-1.12.jar:?]
Caused by: java.lang.NullPointerException
	at net.minecraft.scoreboard.Scoreboard.func_96511_d(SourceFile:229) ~[auo.class:?]
	at net.minecraft.client.network.NetHandlerPlayClient.func_147247_a(NetHandlerPlayClient.java:1813) ~[bcy.class:?]
	at net.minecraft.network.play.server.S3EPacketTeams.func_148833_a(SourceFile:113) ~[hr.class:?]
	at net.minecraft.network.play.server.S3EPacketTeams.func_148833_a(SourceFile:13) ~[hr.class:?]
	at net.minecraft.network.PacketThreadUtil$1.run(SourceFile:13) ~[fh$1.class:?]
	at java.util.concurrent.Executors$RunnableAdapter.call(Executors.java:511) ~[?:1.8.0_51]
	at java.util.concurrent.FutureTask.run(FutureTask.java:266) ~[?:1.8.0_51]
	at net.minecraft.util.Util.func_181617_a(SourceFile:44) ~[g.class:?]
	... 9 more
[17:43:11] [Client thread/FATAL]: Error executing task
java.util.concurrent.ExecutionException: java.lang.NullPointerException
	at java.util.concurrent.FutureTask.report(FutureTask.java:122) ~[?:1.8.0_51]
	at java.util.concurrent.FutureTask.get(FutureTask.java:192) ~[?:1.8.0_51]
	at net.minecraft.util.Util.func_181617_a(SourceFile:45) [g.class:?]
	at net.minecraft.client.Minecraft.func_71411_J(Minecraft.java:1014) [ave.class:?]
	at net.minecraft.client.Minecraft.func_99999_d(Minecraft.java:349) [ave.class:?]
	at net.minecraft.client.main.Main.main(SourceFile:124) [Main.class:?]
	at sun.reflect.NativeMethodAccessorImpl.invoke0(Native Method) ~[?:1.8.0_51]
	at sun.reflect.NativeMethodAccessorImpl.invoke(NativeMethodAccessorImpl.java:62) ~[?:1.8.0_51]
	at sun.reflect.DelegatingMethodAccessorImpl.invoke(DelegatingMethodAccessorImpl.java:43) ~[?:1.8.0_51]
	at java.lang.reflect.Method.invoke(Method.java:497) ~[?:1.8.0_51]
	at net.minecraft.launchwrapper.Launch.launch(Launch.java:135) [launchwrapper-1.12.jar:?]
	at net.minecraft.launchwrapper.Launch.main(Launch.java:28) [launchwrapper-1.12.jar:?]
Caused by: java.lang.NullPointerException
	at net.minecraft.scoreboard.Scoreboard.func_96511_d(SourceFile:229) ~[auo.class:?]
	at net.minecraft.client.network.NetHandlerPlayClient.func_147247_a(NetHandlerPlayClient.java:1813) ~[bcy.class:?]
	at net.minecraft.network.play.server.S3EPacketTeams.func_148833_a(SourceFile:113) ~[hr.class:?]
	at net.minecraft.network.play.server.S3EPacketTeams.func_148833_a(SourceFile:13) ~[hr.class:?]
	at net.minecraft.network.PacketThreadUtil$1.run(SourceFile:13) ~[fh$1.class:?]
	at java.util.concurrent.Executors$RunnableAdapter.call(Executors.java:511) ~[?:1.8.0_51]
	at java.util.concurrent.FutureTask.run(FutureTask.java:266) ~[?:1.8.0_51]
	at net.minecraft.util.Util.func_181617_a(SourceFile:44) ~[g.class:?]
	... 9 more
[17:43:11] [Client thread/FATAL]: Error executing task
java.util.concurrent.ExecutionException: java.lang.NullPointerException
	at java.util.concurrent.FutureTask.report(FutureTask.java:122) ~[?:1.8.0_51]
	at java.util.concurrent.FutureTask.get(FutureTask.java:192) ~[?:1.8.0_51]
	at net.minecraft.util.Util.func_181617_a(SourceFile:45) [g.class:?]
	at net.minecraft.client.Minecraft.func_71411_J(Minecraft.java:1014) [ave.class:?]
	at net.minecraft.client.Minecraft.func_99999_d(Minecraft.java:349) [ave.class:?]
	at net.minecraft.client.main.Main.main(SourceFile:124) [Main.class:?]
	at sun.reflect.NativeMethodAccessorImpl.invoke0(Native Method) ~[?:1.8.0_51]
	at sun.reflect.NativeMethodAccessorImpl.invoke(NativeMethodAccessorImpl.java:62) ~[?:1.8.0_51]
	at sun.reflect.DelegatingMethodAccessorImpl.invoke(DelegatingMethodAccessorImpl.java:43) ~[?:1.8.0_51]
	at java.lang.reflect.Method.invoke(Method.java:497) ~[?:1.8.0_51]
	at net.minecraft.launchwrapper.Launch.launch(Launch.java:135) [launchwrapper-1.12.jar:?]
	at net.minecraft.launchwrapper.Launch.main(Launch.java:28) [launchwrapper-1.12.jar:?]
Caused by: java.lang.NullPointerException
	at net.minecraft.scoreboard.Scoreboard.func_96511_d(SourceFile:229) ~[auo.class:?]
	at net.minecraft.client.network.NetHandlerPlayClient.func_147247_a(NetHandlerPlayClient.java:1813) ~[bcy.class:?]
	at net.minecraft.network.play.server.S3EPacketTeams.func_148833_a(SourceFile:113) ~[hr.class:?]
	at net.minecraft.network.play.server.S3EPacketTeams.func_148833_a(SourceFile:13) ~[hr.class:?]
	at net.minecraft.network.PacketThreadUtil$1.run(SourceFile:13) ~[fh$1.class:?]
	at java.util.concurrent.Executors$RunnableAdapter.call(Executors.java:511) ~[?:1.8.0_51]
	at java.util.concurrent.FutureTask.run(FutureTask.java:266) ~[?:1.8.0_51]
	at net.minecraft.util.Util.func_181617_a(SourceFile:44) ~[g.class:?]
	... 9 more
[17:43:11] [Client thread/FATAL]: Error executing task
java.util.concurrent.ExecutionException: java.lang.NullPointerException
	at java.util.concurrent.FutureTask.report(FutureTask.java:122) ~[?:1.8.0_51]
	at java.util.concurrent.FutureTask.get(FutureTask.java:192) ~[?:1.8.0_51]
	at net.minecraft.util.Util.func_181617_a(SourceFile:45) [g.class:?]
	at net.minecraft.client.Minecraft.func_71411_J(Minecraft.java:1014) [ave.class:?]
	at net.minecraft.client.Minecraft.func_99999_d(Minecraft.java:349) [ave.class:?]
	at net.minecraft.client.main.Main.main(SourceFile:124) [Main.class:?]
	at sun.reflect.NativeMethodAccessorImpl.invoke0(Native Method) ~[?:1.8.0_51]
	at sun.reflect.NativeMethodAccessorImpl.invoke(NativeMethodAccessorImpl.java:62) ~[?:1.8.0_51]
	at sun.reflect.DelegatingMethodAccessorImpl.invoke(DelegatingMethodAccessorImpl.java:43) ~[?:1.8.0_51]
	at java.lang.reflect.Method.invoke(Method.java:497) ~[?:1.8.0_51]
	at net.minecraft.launchwrapper.Launch.launch(Launch.java:135) [launchwrapper-1.12.jar:?]
	at net.minecraft.launchwrapper.Launch.main(Launch.java:28) [launchwrapper-1.12.jar:?]
Caused by: java.lang.NullPointerException
	at net.minecraft.scoreboard.Scoreboard.func_96511_d(SourceFile:229) ~[auo.class:?]
	at net.minecraft.client.network.NetHandlerPlayClient.func_147247_a(NetHandlerPlayClient.java:1813) ~[bcy.class:?]
	at net.minecraft.network.play.server.S3EPacketTeams.func_148833_a(SourceFile:113) ~[hr.class:?]
	at net.minecraft.network.play.server.S3EPacketTeams.func_148833_a(SourceFile:13) ~[hr.class:?]
	at net.minecraft.network.PacketThreadUtil$1.run(SourceFile:13) ~[fh$1.class:?]
	at java.util.concurrent.Executors$RunnableAdapter.call(Executors.java:511) ~[?:1.8.0_51]
	at java.util.concurrent.FutureTask.run(FutureTask.java:266) ~[?:1.8.0_51]
	at net.minecraft.util.Util.func_181617_a(SourceFile:44) ~[g.class:?]
	... 9 more
[17:43:11] [Client thread/FATAL]: Error executing task
java.util.concurrent.ExecutionException: java.lang.NullPointerException
	at java.util.concurrent.FutureTask.report(FutureTask.java:122) ~[?:1.8.0_51]
	at java.util.concurrent.FutureTask.get(FutureTask.java:192) ~[?:1.8.0_51]
	at net.minecraft.util.Util.func_181617_a(SourceFile:45) [g.class:?]
	at net.minecraft.client.Minecraft.func_71411_J(Minecraft.java:1014) [ave.class:?]
	at net.minecraft.client.Minecraft.func_99999_d(Minecraft.java:349) [ave.class:?]
	at net.minecraft.client.main.Main.main(SourceFile:124) [Main.class:?]
	at sun.reflect.NativeMethodAccessorImpl.invoke0(Native Method) ~[?:1.8.0_51]
	at sun.reflect.NativeMethodAccessorImpl.invoke(NativeMethodAccessorImpl.java:62) ~[?:1.8.0_51]
	at sun.reflect.DelegatingMethodAccessorImpl.invoke(DelegatingMethodAccessorImpl.java:43) ~[?:1.8.0_51]
	at java.lang.reflect.Method.invoke(Method.java:497) ~[?:1.8.0_51]
	at net.minecraft.launchwrapper.Launch.launch(Launch.java:135) [launchwrapper-1.12.jar:?]
	at net.minecraft.launchwrapper.Launch.main(Launch.java:28) [launchwrapper-1.12.jar:?]
Caused by: java.lang.NullPointerException
	at net.minecraft.scoreboard.Scoreboard.func_96511_d(SourceFile:229) ~[auo.class:?]
	at net.minecraft.client.network.NetHandlerPlayClient.func_147247_a(NetHandlerPlayClient.java:1813) ~[bcy.class:?]
	at net.minecraft.network.play.server.S3EPacketTeams.func_148833_a(SourceFile:113) ~[hr.class:?]
	at net.minecraft.network.play.server.S3EPacketTeams.func_148833_a(SourceFile:13) ~[hr.class:?]
	at net.minecraft.network.PacketThreadUtil$1.run(SourceFile:13) ~[fh$1.class:?]
	at java.util.concurrent.Executors$RunnableAdapter.call(Executors.java:511) ~[?:1.8.0_51]
	at java.util.concurrent.FutureTask.run(FutureTask.java:266) ~[?:1.8.0_51]
	at net.minecraft.util.Util.func_181617_a(SourceFile:44) ~[g.class:?]
	... 9 more
[17:43:11] [Client thread/FATAL]: Error executing task
java.util.concurrent.ExecutionException: java.lang.NullPointerException
	at java.util.concurrent.FutureTask.report(FutureTask.java:122) ~[?:1.8.0_51]
	at java.util.concurrent.FutureTask.get(FutureTask.java:192) ~[?:1.8.0_51]
	at net.minecraft.util.Util.func_181617_a(SourceFile:45) [g.class:?]
	at net.minecraft.client.Minecraft.func_71411_J(Minecraft.java:1014) [ave.class:?]
	at net.minecraft.client.Minecraft.func_99999_d(Minecraft.java:349) [ave.class:?]
	at net.minecraft.client.main.Main.main(SourceFile:124) [Main.class:?]
	at sun.reflect.NativeMethodAccessorImpl.invoke0(Native Method) ~[?:1.8.0_51]
	at sun.reflect.NativeMethodAccessorImpl.invoke(NativeMethodAccessorImpl.java:62) ~[?:1.8.0_51]
	at sun.reflect.DelegatingMethodAccessorImpl.invoke(DelegatingMethodAccessorImpl.java:43) ~[?:1.8.0_51]
	at java.lang.reflect.Method.invoke(Method.java:497) ~[?:1.8.0_51]
	at net.minecraft.launchwrapper.Launch.launch(Launch.java:135) [launchwrapper-1.12.jar:?]
	at net.minecraft.launchwrapper.Launch.main(Launch.java:28) [launchwrapper-1.12.jar:?]
Caused by: java.lang.NullPointerException
	at net.minecraft.scoreboard.Scoreboard.func_96511_d(SourceFile:229) ~[auo.class:?]
	at net.minecraft.client.network.NetHandlerPlayClient.func_147247_a(NetHandlerPlayClient.java:1813) ~[bcy.class:?]
	at net.minecraft.network.play.server.S3EPacketTeams.func_148833_a(SourceFile:113) ~[hr.class:?]
	at net.minecraft.network.play.server.S3EPacketTeams.func_148833_a(SourceFile:13) ~[hr.class:?]
	at net.minecraft.network.PacketThreadUtil$1.run(SourceFile:13) ~[fh$1.class:?]
	at java.util.concurrent.Executors$RunnableAdapter.call(Executors.java:511) ~[?:1.8.0_51]
	at java.util.concurrent.FutureTask.run(FutureTask.java:266) ~[?:1.8.0_51]
	at net.minecraft.util.Util.func_181617_a(SourceFile:44) ~[g.class:?]
	... 9 more
[17:43:11] [Client thread/FATAL]: Error executing task
java.util.concurrent.ExecutionException: java.lang.NullPointerException
	at java.util.concurrent.FutureTask.report(FutureTask.java:122) ~[?:1.8.0_51]
	at java.util.concurrent.FutureTask.get(FutureTask.java:192) ~[?:1.8.0_51]
	at net.minecraft.util.Util.func_181617_a(SourceFile:45) [g.class:?]
	at net.minecraft.client.Minecraft.func_71411_J(Minecraft.java:1014) [ave.class:?]
	at net.minecraft.client.Minecraft.func_99999_d(Minecraft.java:349) [ave.class:?]
	at net.minecraft.client.main.Main.main(SourceFile:124) [Main.class:?]
	at sun.reflect.NativeMethodAccessorImpl.invoke0(Native Method) ~[?:1.8.0_51]
	at sun.reflect.NativeMethodAccessorImpl.invoke(NativeMethodAccessorImpl.java:62) ~[?:1.8.0_51]
	at sun.reflect.DelegatingMethodAccessorImpl.invoke(DelegatingMethodAccessorImpl.java:43) ~[?:1.8.0_51]
	at java.lang.reflect.Method.invoke(Method.java:497) ~[?:1.8.0_51]
	at net.minecraft.launchwrapper.Launch.launch(Launch.java:135) [launchwrapper-1.12.jar:?]
	at net.minecraft.launchwrapper.Launch.main(Launch.java:28) [launchwrapper-1.12.jar:?]
Caused by: java.lang.NullPointerException
	at net.minecraft.scoreboard.Scoreboard.func_96511_d(SourceFile:229) ~[auo.class:?]
	at net.minecraft.client.network.NetHandlerPlayClient.func_147247_a(NetHandlerPlayClient.java:1813) ~[bcy.class:?]
	at net.minecraft.network.play.server.S3EPacketTeams.func_148833_a(SourceFile:113) ~[hr.class:?]
	at net.minecraft.network.play.server.S3EPacketTeams.func_148833_a(SourceFile:13) ~[hr.class:?]
	at net.minecraft.network.PacketThreadUtil$1.run(SourceFile:13) ~[fh$1.class:?]
	at java.util.concurrent.Executors$RunnableAdapter.call(Executors.java:511) ~[?:1.8.0_51]
	at java.util.concurrent.FutureTask.run(FutureTask.java:266) ~[?:1.8.0_51]
	at net.minecraft.util.Util.func_181617_a(SourceFile:44) ~[g.class:?]
	... 9 more
[17:43:11] [Client thread/FATAL]: Error executing task
java.util.concurrent.ExecutionException: java.lang.NullPointerException
	at java.util.concurrent.FutureTask.report(FutureTask.java:122) ~[?:1.8.0_51]
	at java.util.concurrent.FutureTask.get(FutureTask.java:192) ~[?:1.8.0_51]
	at net.minecraft.util.Util.func_181617_a(SourceFile:45) [g.class:?]
	at net.minecraft.client.Minecraft.func_71411_J(Minecraft.java:1014) [ave.class:?]
	at net.minecraft.client.Minecraft.func_99999_d(Minecraft.java:349) [ave.class:?]
	at net.minecraft.client.main.Main.main(SourceFile:124) [Main.class:?]
	at sun.reflect.NativeMethodAccessorImpl.invoke0(Native Method) ~[?:1.8.0_51]
	at sun.reflect.NativeMethodAccessorImpl.invoke(NativeMethodAccessorImpl.java:62) ~[?:1.8.0_51]
	at sun.reflect.DelegatingMethodAccessorImpl.invoke(DelegatingMethodAccessorImpl.java:43) ~[?:1.8.0_51]
	at java.lang.reflect.Method.invoke(Method.java:497) ~[?:1.8.0_51]
	at net.minecraft.launchwrapper.Launch.launch(Launch.java:135) [launchwrapper-1.12.jar:?]
	at net.minecraft.launchwrapper.Launch.main(Launch.java:28) [launchwrapper-1.12.jar:?]
Caused by: java.lang.NullPointerException
	at net.minecraft.scoreboard.Scoreboard.func_96511_d(SourceFile:229) ~[auo.class:?]
	at net.minecraft.client.network.NetHandlerPlayClient.func_147247_a(NetHandlerPlayClient.java:1813) ~[bcy.class:?]
	at net.minecraft.network.play.server.S3EPacketTeams.func_148833_a(SourceFile:113) ~[hr.class:?]
	at net.minecraft.network.play.server.S3EPacketTeams.func_148833_a(SourceFile:13) ~[hr.class:?]
	at net.minecraft.network.PacketThreadUtil$1.run(SourceFile:13) ~[fh$1.class:?]
	at java.util.concurrent.Executors$RunnableAdapter.call(Executors.java:511) ~[?:1.8.0_51]
	at java.util.concurrent.FutureTask.run(FutureTask.java:266) ~[?:1.8.0_51]
	at net.minecraft.util.Util.func_181617_a(SourceFile:44) ~[g.class:?]
	... 9 more
[17:43:11] [Client thread/FATAL]: Error executing task
java.util.concurrent.ExecutionException: java.lang.NullPointerException
	at java.util.concurrent.FutureTask.report(FutureTask.java:122) ~[?:1.8.0_51]
	at java.util.concurrent.FutureTask.get(FutureTask.java:192) ~[?:1.8.0_51]
	at net.minecraft.util.Util.func_181617_a(SourceFile:45) [g.class:?]
	at net.minecraft.client.Minecraft.func_71411_J(Minecraft.java:1014) [ave.class:?]
	at net.minecraft.client.Minecraft.func_99999_d(Minecraft.java:349) [ave.class:?]
	at net.minecraft.client.main.Main.main(SourceFile:124) [Main.class:?]
	at sun.reflect.NativeMethodAccessorImpl.invoke0(Native Method) ~[?:1.8.0_51]
	at sun.reflect.NativeMethodAccessorImpl.invoke(NativeMethodAccessorImpl.java:62) ~[?:1.8.0_51]
	at sun.reflect.DelegatingMethodAccessorImpl.invoke(DelegatingMethodAccessorImpl.java:43) ~[?:1.8.0_51]
	at java.lang.reflect.Method.invoke(Method.java:497) ~[?:1.8.0_51]
	at net.minecraft.launchwrapper.Launch.launch(Launch.java:135) [launchwrapper-1.12.jar:?]
	at net.minecraft.launchwrapper.Launch.main(Launch.java:28) [launchwrapper-1.12.jar:?]
Caused by: java.lang.NullPointerException
	at net.minecraft.scoreboard.Scoreboard.func_96511_d(SourceFile:229) ~[auo.class:?]
	at net.minecraft.client.network.NetHandlerPlayClient.func_147247_a(NetHandlerPlayClient.java:1813) ~[bcy.class:?]
	at net.minecraft.network.play.server.S3EPacketTeams.func_148833_a(SourceFile:113) ~[hr.class:?]
	at net.minecraft.network.play.server.S3EPacketTeams.func_148833_a(SourceFile:13) ~[hr.class:?]
	at net.minecraft.network.PacketThreadUtil$1.run(SourceFile:13) ~[fh$1.class:?]
	at java.util.concurrent.Executors$RunnableAdapter.call(Executors.java:511) ~[?:1.8.0_51]
	at java.util.concurrent.FutureTask.run(FutureTask.java:266) ~[?:1.8.0_51]
	at net.minecraft.util.Util.func_181617_a(SourceFile:44) ~[g.class:?]
	... 9 more
[17:43:11] [Client thread/FATAL]: Error executing task
java.util.concurrent.ExecutionException: java.lang.NullPointerException
	at java.util.concurrent.FutureTask.report(FutureTask.java:122) ~[?:1.8.0_51]
	at java.util.concurrent.FutureTask.get(FutureTask.java:192) ~[?:1.8.0_51]
	at net.minecraft.util.Util.func_181617_a(SourceFile:45) [g.class:?]
	at net.minecraft.client.Minecraft.func_71411_J(Minecraft.java:1014) [ave.class:?]
	at net.minecraft.client.Minecraft.func_99999_d(Minecraft.java:349) [ave.class:?]
	at net.minecraft.client.main.Main.main(SourceFile:124) [Main.class:?]
	at sun.reflect.NativeMethodAccessorImpl.invoke0(Native Method) ~[?:1.8.0_51]
	at sun.reflect.NativeMethodAccessorImpl.invoke(NativeMethodAccessorImpl.java:62) ~[?:1.8.0_51]
	at sun.reflect.DelegatingMethodAccessorImpl.invoke(DelegatingMethodAccessorImpl.java:43) ~[?:1.8.0_51]
	at java.lang.reflect.Method.invoke(Method.java:497) ~[?:1.8.0_51]
	at net.minecraft.launchwrapper.Launch.launch(Launch.java:135) [launchwrapper-1.12.jar:?]
	at net.minecraft.launchwrapper.Launch.main(Launch.java:28) [launchwrapper-1.12.jar:?]
Caused by: java.lang.NullPointerException
	at net.minecraft.scoreboard.Scoreboard.func_96511_d(SourceFile:229) ~[auo.class:?]
	at net.minecraft.client.network.NetHandlerPlayClient.func_147247_a(NetHandlerPlayClient.java:1813) ~[bcy.class:?]
	at net.minecraft.network.play.server.S3EPacketTeams.func_148833_a(SourceFile:113) ~[hr.class:?]
	at net.minecraft.network.play.server.S3EPacketTeams.func_148833_a(SourceFile:13) ~[hr.class:?]
	at net.minecraft.network.PacketThreadUtil$1.run(SourceFile:13) ~[fh$1.class:?]
	at java.util.concurrent.Executors$RunnableAdapter.call(Executors.java:511) ~[?:1.8.0_51]
	at java.util.concurrent.FutureTask.run(FutureTask.java:266) ~[?:1.8.0_51]
	at net.minecraft.util.Util.func_181617_a(SourceFile:44) ~[g.class:?]
	... 9 more
[17:43:11] [Client thread/FATAL]: Error executing task
java.util.concurrent.ExecutionException: java.lang.NullPointerException
	at java.util.concurrent.FutureTask.report(FutureTask.java:122) ~[?:1.8.0_51]
	at java.util.concurrent.FutureTask.get(FutureTask.java:192) ~[?:1.8.0_51]
	at net.minecraft.util.Util.func_181617_a(SourceFile:45) [g.class:?]
	at net.minecraft.client.Minecraft.func_71411_J(Minecraft.java:1014) [ave.class:?]
	at net.minecraft.client.Minecraft.func_99999_d(Minecraft.java:349) [ave.class:?]
	at net.minecraft.client.main.Main.main(SourceFile:124) [Main.class:?]
	at sun.reflect.NativeMethodAccessorImpl.invoke0(Native Method) ~[?:1.8.0_51]
	at sun.reflect.NativeMethodAccessorImpl.invoke(NativeMethodAccessorImpl.java:62) ~[?:1.8.0_51]
	at sun.reflect.DelegatingMethodAccessorImpl.invoke(DelegatingMethodAccessorImpl.java:43) ~[?:1.8.0_51]
	at java.lang.reflect.Method.invoke(Method.java:497) ~[?:1.8.0_51]
	at net.minecraft.launchwrapper.Launch.launch(Launch.java:135) [launchwrapper-1.12.jar:?]
	at net.minecraft.launchwrapper.Launch.main(Launch.java:28) [launchwrapper-1.12.jar:?]
Caused by: java.lang.NullPointerException
	at net.minecraft.scoreboard.Scoreboard.func_96511_d(SourceFile:229) ~[auo.class:?]
	at net.minecraft.client.network.NetHandlerPlayClient.func_147247_a(NetHandlerPlayClient.java:1813) ~[bcy.class:?]
	at net.minecraft.network.play.server.S3EPacketTeams.func_148833_a(SourceFile:113) ~[hr.class:?]
	at net.minecraft.network.play.server.S3EPacketTeams.func_148833_a(SourceFile:13) ~[hr.class:?]
	at net.minecraft.network.PacketThreadUtil$1.run(SourceFile:13) ~[fh$1.class:?]
	at java.util.concurrent.Executors$RunnableAdapter.call(Executors.java:511) ~[?:1.8.0_51]
	at java.util.concurrent.FutureTask.run(FutureTask.java:266) ~[?:1.8.0_51]
	at net.minecraft.util.Util.func_181617_a(SourceFile:44) ~[g.class:?]
	... 9 more
[17:43:11] [Client thread/FATAL]: Error executing task
java.util.concurrent.ExecutionException: java.lang.NullPointerException
	at java.util.concurrent.FutureTask.report(FutureTask.java:122) ~[?:1.8.0_51]
	at java.util.concurrent.FutureTask.get(FutureTask.java:192) ~[?:1.8.0_51]
	at net.minecraft.util.Util.func_181617_a(SourceFile:45) [g.class:?]
	at net.minecraft.client.Minecraft.func_71411_J(Minecraft.java:1014) [ave.class:?]
	at net.minecraft.client.Minecraft.func_99999_d(Minecraft.java:349) [ave.class:?]
	at net.minecraft.client.main.Main.main(SourceFile:124) [Main.class:?]
	at sun.reflect.NativeMethodAccessorImpl.invoke0(Native Method) ~[?:1.8.0_51]
	at sun.reflect.NativeMethodAccessorImpl.invoke(NativeMethodAccessorImpl.java:62) ~[?:1.8.0_51]
	at sun.reflect.DelegatingMethodAccessorImpl.invoke(DelegatingMethodAccessorImpl.java:43) ~[?:1.8.0_51]
	at java.lang.reflect.Method.invoke(Method.java:497) ~[?:1.8.0_51]
	at net.minecraft.launchwrapper.Launch.launch(Launch.java:135) [launchwrapper-1.12.jar:?]
	at net.minecraft.launchwrapper.Launch.main(Launch.java:28) [launchwrapper-1.12.jar:?]
Caused by: java.lang.NullPointerException
	at net.minecraft.scoreboard.Scoreboard.func_96511_d(SourceFile:229) ~[auo.class:?]
	at net.minecraft.client.network.NetHandlerPlayClient.func_147247_a(NetHandlerPlayClient.java:1813) ~[bcy.class:?]
	at net.minecraft.network.play.server.S3EPacketTeams.func_148833_a(SourceFile:113) ~[hr.class:?]
	at net.minecraft.network.play.server.S3EPacketTeams.func_148833_a(SourceFile:13) ~[hr.class:?]
	at net.minecraft.network.PacketThreadUtil$1.run(SourceFile:13) ~[fh$1.class:?]
	at java.util.concurrent.Executors$RunnableAdapter.call(Executors.java:511) ~[?:1.8.0_51]
	at java.util.concurrent.FutureTask.run(FutureTask.java:266) ~[?:1.8.0_51]
	at net.minecraft.util.Util.func_181617_a(SourceFile:44) ~[g.class:?]
	... 9 more
[17:43:11] [Client thread/FATAL]: Error executing task
java.util.concurrent.ExecutionException: java.lang.NullPointerException
	at java.util.concurrent.FutureTask.report(FutureTask.java:122) ~[?:1.8.0_51]
	at java.util.concurrent.FutureTask.get(FutureTask.java:192) ~[?:1.8.0_51]
	at net.minecraft.util.Util.func_181617_a(SourceFile:45) [g.class:?]
	at net.minecraft.client.Minecraft.func_71411_J(Minecraft.java:1014) [ave.class:?]
	at net.minecraft.client.Minecraft.func_99999_d(Minecraft.java:349) [ave.class:?]
	at net.minecraft.client.main.Main.main(SourceFile:124) [Main.class:?]
	at sun.reflect.NativeMethodAccessorImpl.invoke0(Native Method) ~[?:1.8.0_51]
	at sun.reflect.NativeMethodAccessorImpl.invoke(NativeMethodAccessorImpl.java:62) ~[?:1.8.0_51]
	at sun.reflect.DelegatingMethodAccessorImpl.invoke(DelegatingMethodAccessorImpl.java:43) ~[?:1.8.0_51]
	at java.lang.reflect.Method.invoke(Method.java:497) ~[?:1.8.0_51]
	at net.minecraft.launchwrapper.Launch.launch(Launch.java:135) [launchwrapper-1.12.jar:?]
	at net.minecraft.launchwrapper.Launch.main(Launch.java:28) [launchwrapper-1.12.jar:?]
Caused by: java.lang.NullPointerException
	at net.minecraft.scoreboard.Scoreboard.func_96511_d(SourceFile:229) ~[auo.class:?]
	at net.minecraft.client.network.NetHandlerPlayClient.func_147247_a(NetHandlerPlayClient.java:1813) ~[bcy.class:?]
	at net.minecraft.network.play.server.S3EPacketTeams.func_148833_a(SourceFile:113) ~[hr.class:?]
	at net.minecraft.network.play.server.S3EPacketTeams.func_148833_a(SourceFile:13) ~[hr.class:?]
	at net.minecraft.network.PacketThreadUtil$1.run(SourceFile:13) ~[fh$1.class:?]
	at java.util.concurrent.Executors$RunnableAdapter.call(Executors.java:511) ~[?:1.8.0_51]
	at java.util.concurrent.FutureTask.run(FutureTask.java:266) ~[?:1.8.0_51]
	at net.minecraft.util.Util.func_181617_a(SourceFile:44) ~[g.class:?]
	... 9 more
[17:43:11] [Client thread/FATAL]: Error executing task
java.util.concurrent.ExecutionException: java.lang.NullPointerException
	at java.util.concurrent.FutureTask.report(FutureTask.java:122) ~[?:1.8.0_51]
	at java.util.concurrent.FutureTask.get(FutureTask.java:192) ~[?:1.8.0_51]
	at net.minecraft.util.Util.func_181617_a(SourceFile:45) [g.class:?]
	at net.minecraft.client.Minecraft.func_71411_J(Minecraft.java:1014) [ave.class:?]
	at net.minecraft.client.Minecraft.func_99999_d(Minecraft.java:349) [ave.class:?]
	at net.minecraft.client.main.Main.main(SourceFile:124) [Main.class:?]
	at sun.reflect.NativeMethodAccessorImpl.invoke0(Native Method) ~[?:1.8.0_51]
	at sun.reflect.NativeMethodAccessorImpl.invoke(NativeMethodAccessorImpl.java:62) ~[?:1.8.0_51]
	at sun.reflect.DelegatingMethodAccessorImpl.invoke(DelegatingMethodAccessorImpl.java:43) ~[?:1.8.0_51]
	at java.lang.reflect.Method.invoke(Method.java:497) ~[?:1.8.0_51]
	at net.minecraft.launchwrapper.Launch.launch(Launch.java:135) [launchwrapper-1.12.jar:?]
	at net.minecraft.launchwrapper.Launch.main(Launch.java:28) [launchwrapper-1.12.jar:?]
Caused by: java.lang.NullPointerException
	at net.minecraft.scoreboard.Scoreboard.func_96511_d(SourceFile:229) ~[auo.class:?]
	at net.minecraft.client.network.NetHandlerPlayClient.func_147247_a(NetHandlerPlayClient.java:1813) ~[bcy.class:?]
	at net.minecraft.network.play.server.S3EPacketTeams.func_148833_a(SourceFile:113) ~[hr.class:?]
	at net.minecraft.network.play.server.S3EPacketTeams.func_148833_a(SourceFile:13) ~[hr.class:?]
	at net.minecraft.network.PacketThreadUtil$1.run(SourceFile:13) ~[fh$1.class:?]
	at java.util.concurrent.Executors$RunnableAdapter.call(Executors.java:511) ~[?:1.8.0_51]
	at java.util.concurrent.FutureTask.run(FutureTask.java:266) ~[?:1.8.0_51]
	at net.minecraft.util.Util.func_181617_a(SourceFile:44) ~[g.class:?]
	... 9 more
[17:43:11] [Client thread/FATAL]: Error executing task
java.util.concurrent.ExecutionException: java.lang.NullPointerException
	at java.util.concurrent.FutureTask.report(FutureTask.java:122) ~[?:1.8.0_51]
	at java.util.concurrent.FutureTask.get(FutureTask.java:192) ~[?:1.8.0_51]
	at net.minecraft.util.Util.func_181617_a(SourceFile:45) [g.class:?]
	at net.minecraft.client.Minecraft.func_71411_J(Minecraft.java:1014) [ave.class:?]
	at net.minecraft.client.Minecraft.func_99999_d(Minecraft.java:349) [ave.class:?]
	at net.minecraft.client.main.Main.main(SourceFile:124) [Main.class:?]
	at sun.reflect.NativeMethodAccessorImpl.invoke0(Native Method) ~[?:1.8.0_51]
	at sun.reflect.NativeMethodAccessorImpl.invoke(NativeMethodAccessorImpl.java:62) ~[?:1.8.0_51]
	at sun.reflect.DelegatingMethodAccessorImpl.invoke(DelegatingMethodAccessorImpl.java:43) ~[?:1.8.0_51]
	at java.lang.reflect.Method.invoke(Method.java:497) ~[?:1.8.0_51]
	at net.minecraft.launchwrapper.Launch.launch(Launch.java:135) [launchwrapper-1.12.jar:?]
	at net.minecraft.launchwrapper.Launch.main(Launch.java:28) [launchwrapper-1.12.jar:?]
Caused by: java.lang.NullPointerException
	at net.minecraft.scoreboard.Scoreboard.func_96511_d(SourceFile:229) ~[auo.class:?]
	at net.minecraft.client.network.NetHandlerPlayClient.func_147247_a(NetHandlerPlayClient.java:1813) ~[bcy.class:?]
	at net.minecraft.network.play.server.S3EPacketTeams.func_148833_a(SourceFile:113) ~[hr.class:?]
	at net.minecraft.network.play.server.S3EPacketTeams.func_148833_a(SourceFile:13) ~[hr.class:?]
	at net.minecraft.network.PacketThreadUtil$1.run(SourceFile:13) ~[fh$1.class:?]
	at java.util.concurrent.Executors$RunnableAdapter.call(Executors.java:511) ~[?:1.8.0_51]
	at java.util.concurrent.FutureTask.run(FutureTask.java:266) ~[?:1.8.0_51]
	at net.minecraft.util.Util.func_181617_a(SourceFile:44) ~[g.class:?]
	... 9 more
[17:43:11] [Client thread/FATAL]: Error executing task
java.util.concurrent.ExecutionException: java.lang.NullPointerException
	at java.util.concurrent.FutureTask.report(FutureTask.java:122) ~[?:1.8.0_51]
	at java.util.concurrent.FutureTask.get(FutureTask.java:192) ~[?:1.8.0_51]
	at net.minecraft.util.Util.func_181617_a(SourceFile:45) [g.class:?]
	at net.minecraft.client.Minecraft.func_71411_J(Minecraft.java:1014) [ave.class:?]
	at net.minecraft.client.Minecraft.func_99999_d(Minecraft.java:349) [ave.class:?]
	at net.minecraft.client.main.Main.main(SourceFile:124) [Main.class:?]
	at sun.reflect.NativeMethodAccessorImpl.invoke0(Native Method) ~[?:1.8.0_51]
	at sun.reflect.NativeMethodAccessorImpl.invoke(NativeMethodAccessorImpl.java:62) ~[?:1.8.0_51]
	at sun.reflect.DelegatingMethodAccessorImpl.invoke(DelegatingMethodAccessorImpl.java:43) ~[?:1.8.0_51]
	at java.lang.reflect.Method.invoke(Method.java:497) ~[?:1.8.0_51]
	at net.minecraft.launchwrapper.Launch.launch(Launch.java:135) [launchwrapper-1.12.jar:?]
	at net.minecraft.launchwrapper.Launch.main(Launch.java:28) [launchwrapper-1.12.jar:?]
Caused by: java.lang.NullPointerException
	at net.minecraft.scoreboard.Scoreboard.func_96511_d(SourceFile:229) ~[auo.class:?]
	at net.minecraft.client.network.NetHandlerPlayClient.func_147247_a(NetHandlerPlayClient.java:1813) ~[bcy.class:?]
	at net.minecraft.network.play.server.S3EPacketTeams.func_148833_a(SourceFile:113) ~[hr.class:?]
	at net.minecraft.network.play.server.S3EPacketTeams.func_148833_a(SourceFile:13) ~[hr.class:?]
	at net.minecraft.network.PacketThreadUtil$1.run(SourceFile:13) ~[fh$1.class:?]
	at java.util.concurrent.Executors$RunnableAdapter.call(Executors.java:511) ~[?:1.8.0_51]
	at java.util.concurrent.FutureTask.run(FutureTask.java:266) ~[?:1.8.0_51]
	at net.minecraft.util.Util.func_181617_a(SourceFile:44) ~[g.class:?]
	... 9 more
[17:43:11] [Client thread/FATAL]: Error executing task
java.util.concurrent.ExecutionException: java.lang.NullPointerException
	at java.util.concurrent.FutureTask.report(FutureTask.java:122) ~[?:1.8.0_51]
	at java.util.concurrent.FutureTask.get(FutureTask.java:192) ~[?:1.8.0_51]
	at net.minecraft.util.Util.func_181617_a(SourceFile:45) [g.class:?]
	at net.minecraft.client.Minecraft.func_71411_J(Minecraft.java:1014) [ave.class:?]
	at net.minecraft.client.Minecraft.func_99999_d(Minecraft.java:349) [ave.class:?]
	at net.minecraft.client.main.Main.main(SourceFile:124) [Main.class:?]
	at sun.reflect.NativeMethodAccessorImpl.invoke0(Native Method) ~[?:1.8.0_51]
	at sun.reflect.NativeMethodAccessorImpl.invoke(NativeMethodAccessorImpl.java:62) ~[?:1.8.0_51]
	at sun.reflect.DelegatingMethodAccessorImpl.invoke(DelegatingMethodAccessorImpl.java:43) ~[?:1.8.0_51]
	at java.lang.reflect.Method.invoke(Method.java:497) ~[?:1.8.0_51]
	at net.minecraft.launchwrapper.Launch.launch(Launch.java:135) [launchwrapper-1.12.jar:?]
	at net.minecraft.launchwrapper.Launch.main(Launch.java:28) [launchwrapper-1.12.jar:?]
Caused by: java.lang.NullPointerException
	at net.minecraft.scoreboard.Scoreboard.func_96511_d(SourceFile:229) ~[auo.class:?]
	at net.minecraft.client.network.NetHandlerPlayClient.func_147247_a(NetHandlerPlayClient.java:1813) ~[bcy.class:?]
	at net.minecraft.network.play.server.S3EPacketTeams.func_148833_a(SourceFile:113) ~[hr.class:?]
	at net.minecraft.network.play.server.S3EPacketTeams.func_148833_a(SourceFile:13) ~[hr.class:?]
	at net.minecraft.network.PacketThreadUtil$1.run(SourceFile:13) ~[fh$1.class:?]
	at java.util.concurrent.Executors$RunnableAdapter.call(Executors.java:511) ~[?:1.8.0_51]
	at java.util.concurrent.FutureTask.run(FutureTask.java:266) ~[?:1.8.0_51]
	at net.minecraft.util.Util.func_181617_a(SourceFile:44) ~[g.class:?]
	... 9 more
[17:43:11] [Client thread/INFO]: [CHAT] [»] mayorie (83s)
[17:43:11] [Client thread/INFO]: [CHAT] [UHC] Vous pourrez à nouveau bouger et mettre/recevoir des coups dans 3 secondes.
[17:43:11] [Client thread/INFO]: [CHAT] [?] Vous avez été déplacé vers le canal Game sur Mumble.
[17:43:11] [Client thread/INFO]: [CHAT] Wecylix was blown up by Creeper
[17:43:11] [Client thread/INFO]: [CHAT] [UHC] Wecylix a été ressuscité automatiquement.
[17:45:31] [Client thread/INFO]: [CHAT] Alex_943_lq was slain by Zombie
[17:45:32] [Client thread/INFO]: [CHAT] [UHC] Alex_943_lq a été ressuscité automatiquement.
[17:45:44] [Client thread/INFO]: [CHAT] YroGriffe fell from a high place
[17:45:45] [Client thread/INFO]: [CHAT] [UHC] YroGriffe a été ressuscité automatiquement.
[17:48:07] [Client thread/INFO]: [CHAT] Wecylix was blown up by Creeper
[17:48:08] [Client thread/INFO]: [CHAT] [UHC] Wecylix a été ressuscité automatiquement.
[17:48:24] [Client thread/INFO]: [CHAT] [UHC] FinalHeal dans 30 secondes.
[17:48:54] [Client thread/INFO]: [CHAT] [UHC] FinalHeal effectué, tous les joueurs ont été soignés !
[17:50:01] [Client thread/INFO]: [CHAT] Laser_Jump974 was blown up by Creeper
[17:50:02] [Client thread/INFO]: [CHAT] [UHC] Laser_Jump974 a été ressuscité automatiquement.
[17:54:41] [Client thread/INFO]: [CHAT] Wecylix fell from a high place
[17:54:42] [Client thread/INFO]: [CHAT] [UHC] Wecylix a été ressuscité automatiquement.
[17:56:47] [Client thread/INFO]: [CHAT] 1v1GeoGebra was blown up by Creeper
[17:56:48] [Client thread/INFO]: [CHAT] [UHC] 1v1GeoGebra a été ressuscité automatiquement.
[17:56:56] [Client thread/WARN]: Unable to play unknown soundEvent: minecraft:step.anvil
[17:56:56] [Client thread/WARN]: Unable to play unknown soundEvent: minecraft:step.anvil
[17:56:57] [Client thread/WARN]: Unable to play unknown soundEvent: minecraft:step.anvil
[17:57:54] [Client thread/INFO]: [CHAT] [UHC] FinalHeal dans 30 secondes.
[17:58:24] [Client thread/INFO]: [CHAT] [UHC] FinalHeal effectué, tous les joueurs ont été soignés !
[17:58:54] [Client thread/INFO]: [CHAT] [LG UHC] Attribution des rôles...
[17:58:55] [Client thread/INFO]: [CHAT] 
[17:58:55] [Client thread/INFO]: [CHAT]  ---- Début de l'épisode 2 ----
[17:58:55] [Client thread/INFO]: [CHAT]  
[17:58:56] [Client thread/INFO]: [CHAT] ---------- ?  Rôle ? ---------- 
[17:58:56] [Client thread/INFO]: [CHAT]  
[17:58:56] [Client thread/INFO]: [CHAT]  • Vous êtes Infect Père des Loups
[17:58:56] [Client thread/INFO]: [CHAT]  • Objectif : Vous devez gagner avec les Loups-Garous.
[17:58:56] [Client thread/INFO]: [CHAT]  • Aura : Obscure
[17:58:56] [Client thread/INFO]: [CHAT]  
[17:58:56] [Client thread/INFO]: [CHAT]  Vous possédez un effet Force la nuit.
[17:58:56] [Client thread/INFO]: [CHAT]  
[17:58:56] [Client thread/INFO]: [CHAT]  Votre présence terrifiante affecte les joueurs proches, augmentant leur taux de corruption (1%/5sec). Lorsqu'un joueur atteint le stade final de corruption, vous en êtes averti.
[17:58:56] [Client thread/INFO]: [CHAT]  
[17:58:56] [Client thread/INFO]: [CHAT]  Une fois dans la partie, vous pouvez ressusciter un joueur dont la corruption est terminée et mort des mains d'un Loup-Garou via un message cliquable dans le chat qui apparaît à sa mort. Le joueur ressuscité sera infecté et rejoindra alors le camp des Loups-Garous en conservant ses pouvoirs d'origine.
[17:58:56] [Client thread/INFO]: [CHAT]  
[17:58:56] [Client thread/INFO]: [CHAT]  Vous pouvez pousser un hurlement avec la commande /lg hurler (1x/partie).
[17:58:56] [Client thread/INFO]: [CHAT]  
[17:58:56] [Client thread/INFO]: [CHAT]  Lorsque vous tuez un joueur, vous gagnez l'effet Speed I ainsi que 2? d'Absorption pendant 1 minute.
[17:58:56] [Client thread/INFO]: [CHAT]  
[18:03:54] [Client thread/INFO]: [CHAT] [UHC] PvP activé dans 20 minutes.
[18:06:31] [Client thread/WARN]: Unable to play unknown soundEvent: minecraft:step.anvil
[18:06:31] [Client thread/WARN]: Unable to play unknown soundEvent: minecraft:step.anvil
[18:06:31] [Client thread/WARN]: Unable to play unknown soundEvent: minecraft:step.anvil
[18:08:23] [Client thread/INFO]: [CHAT] [LG UHC] La Voyante Bavarde a espionné le rôle d'un joueur qui figure parmi : Lapin et Mire.
[18:08:23] [Client thread/WARN]: Unable to play unknown soundEvent: minecraft:mob.enderman.idle
[18:08:48] [Client thread/INFO]: [CHAT] [«] Petite_Cuilleres
[18:08:52] [Client thread/INFO]: [CHAT] [»] Petite_Cuilleres (3s)
[18:09:39] [Client thread/INFO]: [CHAT] 
[18:09:39] [Client thread/INFO]: [CHAT]  HOST tntbb » le couple est pas aléatoire normalement d'ailleurs
[18:09:39] [Client thread/INFO]: [CHAT]  
[18:10:09] [Client thread/INFO]: [CHAT] ------------- ? -------------
[18:10:09] [Client thread/INFO]: [CHAT]  Le village a perdu un de ses membres : nerfoxx1020, qui était Conteuse.
[18:10:09] [Client thread/INFO]: [CHAT] ----------------------------
[18:10:14] [Client thread/INFO]: [CHAT] 
[18:10:14] [Client thread/INFO]: [CHAT]  HOST tntbb » bon
[18:10:14] [Client thread/INFO]: [CHAT]  
[18:12:03] [Client thread/INFO]: [CHAT] [UHC] L'enchantement que vous tentez d'appliquer n'est pas autorisé. L'enchantement maximal autorisé a été appliqué.
[18:12:14] [Client thread/INFO]: [CHAT] ------------- ? -------------
[18:12:14] [Client thread/INFO]: [CHAT]  Le village a perdu un de ses membres : Wecylix, qui était seikufnzieuio.
[18:12:14] [Client thread/INFO]: [CHAT] ----------------------------
[18:12:32] [Client thread/INFO]: [CHAT] 
[18:12:32] [Client thread/INFO]: [CHAT]  HOST tntbb » au bout d'un moment mdrrr
[18:12:32] [Client thread/INFO]: [CHAT]  
[18:12:47] [Client thread/WARN]: Unable to play unknown soundEvent: minecraft:step.anvil
[18:12:47] [Client thread/WARN]: Unable to play unknown soundEvent: minecraft:step.anvil
[18:12:47] [Client thread/WARN]: Unable to play unknown soundEvent: minecraft:step.anvil
[18:12:49] [Client thread/INFO]: [CHAT] 
[18:12:49] [Client thread/INFO]: [CHAT]  HOST tntbb » il était quoi ? jvais dire en /say le rôle a tout le monde
[18:12:49] [Client thread/INFO]: [CHAT]  
[18:13:04] [Client thread/INFO]: [CHAT] 
[18:13:04] [Client thread/INFO]: [CHAT]  HOST tntbb » ok donc conteuse et rebouteux mortd
[18:13:04] [Client thread/INFO]: [CHAT]  
[18:13:11] [Client thread/INFO]: [CHAT] 
[18:13:11] [Client thread/INFO]: [CHAT]  HOST tntbb » morts*
[18:13:11] [Client thread/INFO]: [CHAT]  
[18:13:24] [Client thread/INFO]: [CHAT] 
[18:13:24] [Client thread/INFO]: [CHAT]  HOST tntbb » blacklistez les svp
[18:13:24] [Client thread/INFO]: [CHAT]  
[18:13:55] [Client thread/INFO]: [CHAT] [UHC] PvP activé dans 10 minutes.
[18:14:15] [Client thread/WARN]: Unable to play unknown soundEvent: minecraft:step.anvil
[18:14:15] [Client thread/WARN]: Unable to play unknown soundEvent: minecraft:step.anvil
[18:14:16] [Client thread/WARN]: Unable to play unknown soundEvent: minecraft:step.anvil
[18:14:29] [Client thread/WARN]: Unable to play unknown soundEvent: minecraft:step.anvil
[18:14:29] [Client thread/WARN]: Unable to play unknown soundEvent: minecraft:step.anvil
[18:14:30] [Client thread/WARN]: Unable to play unknown soundEvent: minecraft:step.anvil
[18:14:54] [Client thread/INFO]: [CHAT] 
[18:14:54] [Client thread/INFO]: [CHAT]  HOST tntbb » kill 50
[18:14:54] [Client thread/INFO]: [CHAT]  
[18:15:11] [Client thread/WARN]: Unable to play unknown soundEvent: minecraft:step.anvil
[18:15:12] [Client thread/WARN]: Unable to play unknown soundEvent: minecraft:step.anvil
[18:15:12] [Client thread/WARN]: Unable to play unknown soundEvent: minecraft:step.anvil
[18:15:14] [Client thread/INFO]: [CHAT] 
[18:15:14] [Client thread/INFO]: [CHAT]  HOST tntbb » pas de freekill, sanglier, kill maison
[18:15:14] [Client thread/INFO]: [CHAT]  
[18:15:49] [Client thread/INFO]: [CHAT] 
[18:15:49] [Client thread/INFO]: [CHAT]  HOST tntbb » pas d'ender pearl, vous pouvez digdown de 4-5 blocs mais pas plus svp
[18:15:49] [Client thread/INFO]: [CHAT]  
[18:15:58] [Client thread/WARN]: Unable to play unknown soundEvent: minecraft:step.anvil
[18:15:58] [Client thread/WARN]: Unable to play unknown soundEvent: minecraft:step.anvil
[18:15:58] [Client thread/WARN]: Unable to play unknown soundEvent: minecraft:step.anvil
[18:18:56] [Client thread/INFO]: [CHAT] 
[18:18:56] [Client thread/INFO]: [CHAT]  ---- Début de l'épisode 3 ----
[18:18:56] [Client thread/INFO]: [CHAT]  
[18:19:07] [Client thread/INFO]: [CHAT] [LG UHC] La Voyante Bavarde a espionné le rôle d'un joueur qui figure parmi : Garde et Loup-Garou Déloyal.
[18:19:07] [Client thread/WARN]: Unable to play unknown soundEvent: minecraft:mob.enderman.idle
[18:20:55] [Client thread/INFO]: [CHAT] [UHC] PvP activé dans 3 minutes.
[18:21:11] [Client thread/INFO]: [CHAT] [«] Yannnix
[18:21:20] [Client thread/INFO]: [CHAT] [»] Yannnix (9s)
[18:22:07] [Client thread/INFO]: [CHAT] [«] _khalamite_
[18:22:11] [Client thread/INFO]: [CHAT] [»] _khalamite_ (4s)
[18:22:40] [Chunk Batcher 0/WARN]: Needed to grow BufferBuilder buffer: Old size 524288 bytes, new size 2621440 bytes.
[18:22:40] [Chunk Batcher 1/WARN]: Needed to grow BufferBuilder buffer: Old size 524288 bytes, new size 2621440 bytes.
[18:22:44] [Chunk Batcher 1/WARN]: Needed to grow BufferBuilder buffer: Old size 524288 bytes, new size 2621440 bytes.
[18:22:44] [Chunk Batcher 0/WARN]: Needed to grow BufferBuilder buffer: Old size 524288 bytes, new size 2621440 bytes.
[18:22:47] [Chunk Batcher 0/WARN]: Needed to grow BufferBuilder buffer: Old size 524288 bytes, new size 2621440 bytes.
[18:22:55] [Client thread/INFO]: [CHAT] [UHC] PvP activé dans 1 minute.
[18:23:47] [Client thread/INFO]: [CHAT] ---------- ?  Rôle ? ---------- 
[18:23:47] [Client thread/INFO]: [CHAT]  
[18:23:47] [Client thread/INFO]: [CHAT]  • Vous êtes Infect Père des Loups
[18:23:47] [Client thread/INFO]: [CHAT]  • Objectif : Vous devez gagner avec les Loups-Garous.
[18:23:47] [Client thread/INFO]: [CHAT]  • Aura : Obscure
[18:23:47] [Client thread/INFO]: [CHAT]  
[18:23:47] [Client thread/INFO]: [CHAT]  Vous possédez un effet Force la nuit.
[18:23:47] [Client thread/INFO]: [CHAT]  
[18:23:47] [Client thread/INFO]: [CHAT]  Votre présence terrifiante affecte les joueurs proches, augmentant leur taux de corruption (1%/5sec). Lorsqu'un joueur atteint le stade final de corruption, vous en êtes averti.
[18:23:47] [Client thread/INFO]: [CHAT]  
[18:23:47] [Client thread/INFO]: [CHAT]  Une fois dans la partie, vous pouvez ressusciter un joueur dont la corruption est terminée et mort des mains d'un Loup-Garou via un message cliquable dans le chat qui apparaît à sa mort. Le joueur ressuscité sera infecté et rejoindra alors le camp des Loups-Garous en conservant ses pouvoirs d'origine.
[18:23:47] [Client thread/INFO]: [CHAT]  
[18:23:47] [Client thread/INFO]: [CHAT]  Vous pouvez pousser un hurlement avec la commande /lg hurler (1x/partie).
[18:23:47] [Client thread/INFO]: [CHAT]  
[18:23:47] [Client thread/INFO]: [CHAT]  Lorsque vous tuez un joueur, vous gagnez l'effet Speed I ainsi que 2? d'Absorption pendant 1 minute.
[18:23:47] [Client thread/INFO]: [CHAT]  
[18:23:55] [Client thread/INFO]: [CHAT] [UHC] PvP activé !
[18:23:55] [Client thread/INFO]: [CHAT] [LG UHC] Vous avez désormais accès à la liste des Loups-Garous et à un hurlement. Tapez /lg role pour en savoir plus.
[18:23:56] [Client thread/INFO]: [CHAT] ---------- ?  Rôle ? ---------- 
[18:23:56] [Client thread/INFO]: [CHAT]  
[18:23:56] [Client thread/INFO]: [CHAT]  • Vous êtes Infect Père des Loups
[18:23:56] [Client thread/INFO]: [CHAT]  • Objectif : Vous devez gagner avec les Loups-Garous.
[18:23:56] [Client thread/INFO]: [CHAT]  • Aura : Obscure
[18:23:56] [Client thread/INFO]: [CHAT]  
[18:23:56] [Client thread/INFO]: [CHAT]  Vous possédez un effet Force la nuit.
[18:23:56] [Client thread/INFO]: [CHAT]  
[18:23:56] [Client thread/INFO]: [CHAT]  Votre présence terrifiante affecte les joueurs proches, augmentant leur taux de corruption (1%/5sec). Lorsqu'un joueur atteint le stade final de corruption, vous en êtes averti.
[18:23:56] [Client thread/INFO]: [CHAT]  
[18:23:56] [Client thread/INFO]: [CHAT]  Une fois dans la partie, vous pouvez ressusciter un joueur dont la corruption est terminée et mort des mains d'un Loup-Garou via un message cliquable dans le chat qui apparaît à sa mort. Le joueur ressuscité sera infecté et rejoindra alors le camp des Loups-Garous en conservant ses pouvoirs d'origine.
[18:23:56] [Client thread/INFO]: [CHAT]  
[18:23:56] [Client thread/INFO]: [CHAT]  Vous pouvez pousser un hurlement avec la commande /lg hurler (1x/partie).
[18:23:56] [Client thread/INFO]: [CHAT]  
[18:23:56] [Client thread/INFO]: [CHAT]  Lorsque vous tuez un joueur, vous gagnez l'effet Speed I ainsi que 2? d'Absorption pendant 1 minute.
[18:23:56] [Client thread/INFO]: [CHAT]    
[18:23:56] [Client thread/INFO]: [CHAT] --- ?  A la queue-leu-loup ? ---
[18:23:56] [Client thread/INFO]: [CHAT]  
[18:23:56] [Client thread/INFO]: [CHAT]  tropblatant   tntbb   mayorie   JulozTag   Alex_943_lq   
[18:23:56] [Client thread/INFO]: [CHAT]  
[18:25:24] [Client thread/INFO]: [CHAT] [UHC] Le chat est bloqué.
[18:27:52] [Client thread/WARN]: Unable to play unknown soundEvent: minecraft:step.anvil
[18:27:52] [Client thread/WARN]: Unable to play unknown soundEvent: minecraft:step.anvil
[18:27:52] [Client thread/WARN]: Unable to play unknown soundEvent: minecraft:step.anvil
[18:29:38] [Client thread/WARN]: Needed to grow BufferBuilder buffer: Old size 524288 bytes, new size 2621440 bytes.
[18:32:07] [Client thread/INFO]: [CHAT] [LG UHC] Le joueur Omiscaketi possède le niveau d'Honneur suivant : 1
[18:32:35] [Client thread/INFO]: [CHAT] [LG UHC] Un vote est lancé ! (Vote #1)
[18:32:35] [Client thread/INFO]: [CHAT] [LG UHC] Vous avez 10 minutes pour voter contre un joueur en vous rendant dans un bâtiment prévu à cet effet. La capacité des urnes est de : 5 !
[18:32:35] [Client thread/INFO]: [CHAT] ------------- ? -------------
[18:32:35] [Client thread/INFO]: [CHAT]  Le village a perdu un de ses membres : aaiaaiaaa, qui était seikufnzieuio.
[18:32:35] [Client thread/INFO]: [CHAT] ----------------------------
[18:33:34] [Client thread/INFO]: [CHAT] [«] Bando_violet
[18:33:34] [Client thread/INFO]: [CHAT] ------------- ? -------------
[18:33:34] [Client thread/INFO]: [CHAT]  Le village a perdu un de ses membres : Bando_violet, qui était seikufnzieuio.
[18:33:34] [Client thread/INFO]: [CHAT] ----------------------------
[18:34:10] [Client thread/INFO]: [CHAT] ------------- ? -------------
[18:34:10] [Client thread/INFO]: [CHAT]  Le village a perdu un de ses membres : Airdowx, qui était seikufnzieuio.
[18:34:10] [Client thread/INFO]: [CHAT] ----------------------------
[18:34:33] [Client thread/INFO]: [CHAT] [LG UHC] Vous portez votre vote sur HayZunette.
[18:36:53] [Client thread/INFO]: [CHAT] ------------- ? -------------
[18:36:53] [Client thread/INFO]: [CHAT]  Le village a perdu un de ses membres : aaiaaiaaa, qui était Analyste.
[18:36:53] [Client thread/INFO]: [CHAT] ----------------------------
[18:36:56] [Client thread/INFO]: [CHAT] [LG UHC] Un nouveau joueur peut être infecté : Omiscaketi
[18:37:25] [Client thread/INFO]: [CHAT] [LG UHC] Un nouveau joueur peut être infecté : aZakryto
[18:37:33] [Client thread/INFO]: [CHAT] [LG - AURORE] La couleur des cieux change et parmi ces lumières, vous distinguez les noms de trois duos qui partagent actuellement la même aura : LixDu333 et HayZunette // Laser_Jump974 et 1v1PowerPoint // YroGriffe et NHaache
[18:37:33] [Client thread/INFO]: [CHAT] ------------- ? -------------
[18:37:33] [Client thread/INFO]: [CHAT]  Le village a perdu un de ses membres : CosmoPingui, qui était Ange Gardien.
[18:37:33] [Client thread/INFO]: [CHAT] ----------------------------
[18:38:56] [Client thread/INFO]: [CHAT] 
[18:38:56] [Client thread/INFO]: [CHAT]  ---- Début de l'épisode 4 ----
[18:38:56] [Client thread/INFO]: [CHAT]  
[18:39:04] [Client thread/INFO]: [CHAT] ------------- ? -------------
[18:39:04] [Client thread/INFO]: [CHAT]  Le village a perdu un de ses membres : Alex_943_lq, qui était seikufnzieuio.
[18:39:04] [Client thread/INFO]: [CHAT] ----------------------------
[18:39:23] [Client thread/INFO]: [CHAT] [LG UHC] La Voyante Bavarde a espionné le rôle d'un joueur qui figure parmi : Vilain Petit Loup et Aubergiste.
[18:39:23] [Client thread/WARN]: Unable to play unknown soundEvent: minecraft:mob.enderman.idle
[18:39:29] [Client thread/INFO]: [CHAT] [UHC] Le chat est bloqué.
[18:39:35] [Client thread/INFO]: [CHAT] [LG UHC] Le vote se termine dans 3m00s ! N'oubliez pas de voter !
[18:42:35] [Client thread/INFO]: [CHAT] [LG UHC] Fin de la période de vote.
[18:42:45] [Client thread/INFO]: [CHAT] [LG UHC] Résultat du vote #1
[18:42:45] [Client thread/INFO]: [CHAT] [LG UHC] Le joueur HayZunette est la cible majoritaire des votes avec 4 votes. Il perd donc 2 niveaux d'Honneur !
[18:42:45] [Client thread/INFO]: [CHAT] [LG - EXPOSED] Le rôle de HayZunette se trouve parmi les rôles suivants : Voyante Bavarde   Chasseur   Cupidon  Vilain Petit Loup
[18:43:24] [Client thread/INFO]: [CHAT] ------------- ? -------------
[18:43:24] [Client thread/INFO]: [CHAT]  Le village a perdu un de ses membres : Yannnix, qui était seikufnzieuio.
[18:43:24] [Client thread/INFO]: [CHAT] ----------------------------
[18:43:45] [Client thread/INFO]: [CHAT] ------------- ? -------------
[18:43:45] [Client thread/INFO]: [CHAT]  Le village a perdu un de ses membres : JulozTag, qui était seikufnzieuio.
[18:43:45] [Client thread/INFO]: [CHAT] ----------------------------
[18:43:54] [Client thread/INFO]: [CHAT] [LG UHC] Un nouveau joueur peut être infecté : 1v1GeoGebra
[18:44:43] [Client thread/INFO]: [CHAT] 1v1GeoGebra, 1v1PowerPoint
[18:44:44] [Client thread/INFO]: [CHAT] 1v1GeoGebra, 1v1PowerPoint
[18:45:23] [Client thread/INFO]: [CHAT] [LG UHC] Un vote est lancé ! (Vote #2)
[18:45:23] [Client thread/INFO]: [CHAT] [LG UHC] Vous avez 10 minutes pour voter contre un joueur en vous rendant dans un bâtiment prévu à cet effet. La capacité des urnes est de : 5 !
[18:45:23] [Client thread/INFO]: [CHAT] ------------- ? -------------
[18:45:23] [Client thread/INFO]: [CHAT]  Le village a perdu un de ses membres : glisse_a_gogo, qui était seikufnzieuio.
[18:45:23] [Client thread/INFO]: [CHAT] ----------------------------
[18:46:02] [Client thread/INFO]: [CHAT] 
[18:46:02] [Client thread/INFO]: [CHAT] [UHC] Les groupes sont désormais limités à 4 joueurs.
[18:46:02] [Client thread/INFO]: [CHAT]  
[18:46:02] [Client thread/INFO]: [CHAT] ------------- ? -------------
[18:46:02] [Client thread/INFO]: [CHAT]  Le village a perdu un de ses membres : aaiaaiaaa, qui était seikufnzieuio.
[18:46:02] [Client thread/INFO]: [CHAT] ----------------------------
[18:48:15] [Client thread/INFO]: [CHAT] ------------- ? -------------
[18:48:15] [Client thread/INFO]: [CHAT]  Le village a perdu un de ses membres : Iz_svulp, qui était Garde.
[18:48:15] [Client thread/INFO]: [CHAT] ----------------------------
[18:48:22] [Client thread/INFO]: [CHAT] [LG UHC] Le Loup-Garou Déloyal vous a fait baisser votre Honneur !
[18:52:12] [Client thread/INFO]: [CHAT] §8[§c§lLG UHC§8] §eLe joueur §cOmiscaketi §eest mort. Vous avez §c5 secondes §epour l'§cinfecter §een §ccliquant sur ce message§e.
[18:52:15] [Client thread/INFO]: [CHAT] [LG UHC] Un nouveau joueur a rejoint votre camp ! Tapez /lg role pour en savoir plus.
[18:52:23] [Client thread/INFO]: [CHAT] [LG UHC] Le vote se termine dans 3m00s ! N'oubliez pas de voter !
[18:52:23] [Client thread/INFO]: [CHAT] [LG UHC] Le Trublion a téléporté tous les joueurs aléatoirement sur la carte.
[18:52:30] [Client thread/INFO]: [CHAT] [LG - EXPOSED ?] Le rôle Renégat se trouve parmi les joueurs : BTFE, 1v1PowerPoint, 1v1GeoGebra, Omiscaketi, HayZunette
[18:52:32] [Client thread/INFO]: [CHAT] ---------- ?  Rôle ? ---------- 
[18:52:32] [Client thread/INFO]: [CHAT]  
[18:52:32] [Client thread/INFO]: [CHAT]  • Vous êtes Infect Père des Loups
[18:52:32] [Client thread/INFO]: [CHAT]  • Objectif : Vous devez gagner avec les Loups-Garous.
[18:52:32] [Client thread/INFO]: [CHAT]  • Aura : Obscure
[18:52:32] [Client thread/INFO]: [CHAT]  
[18:52:32] [Client thread/INFO]: [CHAT]  Vous possédez un effet Force la nuit.
[18:52:32] [Client thread/INFO]: [CHAT]  
[18:52:32] [Client thread/INFO]: [CHAT]  Votre présence terrifiante affecte les joueurs proches, augmentant leur taux de corruption (1%/5sec). Lorsqu'un joueur atteint le stade final de corruption, vous en êtes averti.
[18:52:32] [Client thread/INFO]: [CHAT]  
[18:52:32] [Client thread/INFO]: [CHAT]  Une fois dans la partie, vous pouvez ressusciter un joueur dont la corruption est terminée et mort des mains d'un Loup-Garou via un message cliquable dans le chat qui apparaît à sa mort. Le joueur ressuscité sera infecté et rejoindra alors le camp des Loups-Garous en conservant ses pouvoirs d'origine.
[18:52:32] [Client thread/INFO]: [CHAT]  
[18:52:32] [Client thread/INFO]: [CHAT]  Vous pouvez pousser un hurlement avec la commande /lg hurler (1x/partie).
[18:52:32] [Client thread/INFO]: [CHAT]  
[18:52:32] [Client thread/INFO]: [CHAT]  Lorsque vous tuez un joueur, vous gagnez l'effet Speed I ainsi que 2? d'Absorption pendant 1 minute.
[18:52:32] [Client thread/INFO]: [CHAT]    
[18:52:32] [Client thread/INFO]: [CHAT] --- ?  A la queue-leu-loup ? ---
[18:52:32] [Client thread/INFO]: [CHAT]  
[18:52:32] [Client thread/INFO]: [CHAT]  1v1PowerPoint   Shimakup   tropblatant   tntbb   mayorie   Omiscaketi   
[18:52:32] [Client thread/INFO]: [CHAT]  
[18:53:05] [Client thread/INFO]: [CHAT] [LG UHC] Un hurlement glaçant se fait entendre au loin... Seuls les Loups-Garous et la Petite Fille invisible peuvent l'entendre !
[18:53:56] [Client thread/INFO]: [CHAT] [UHC] Début du Meetup dans 5 minutes.
[18:53:56] [Client thread/INFO]: [CHAT] [LG UHC] Une Lune ensanglantée perce l'obscurité. Les Loups-Garous voient leurs compères entourés de particules et les joueurs morts pendant cette nuit resteront cachés jusqu'à l'aube...
[18:54:40] [Client thread/INFO]: [CHAT] [LG UHC] Quatre sanctuaires viennent d'apparaître sur la carte !
[18:55:14] [Client thread/INFO]: [CHAT] [LG UHC] Un hurlement glaçant se fait entendre au loin... Seuls les Loups-Garous et la Petite Fille invisible peuvent l'entendre !
[18:55:23] [Client thread/INFO]: [CHAT] [LG UHC] Fin de la période de vote.
[18:55:23] [Client thread/INFO]: [CHAT] [LG UHC] Le nombre de votes recueilli n'est pas suffisant pour cibler un joueur.
[18:55:56] [Client thread/INFO]: [CHAT] [UHC] Début du Meetup dans 3 minutes.
[18:56:26] [Client thread/INFO]: [CHAT] Saved screenshot as 2025-08-23_18.56.26.png
[18:57:41] [Client thread/WARN]: Unable to play unknown soundEvent: minecraft:step.anvil
[18:57:41] [Client thread/WARN]: Unable to play unknown soundEvent: minecraft:step.anvil
[18:57:42] [Client thread/WARN]: Unable to play unknown soundEvent: minecraft:step.anvil
[18:57:42] [Client thread/WARN]: Unable to play unknown soundEvent: minecraft:step.anvil
[18:57:43] [Client thread/WARN]: Unable to play unknown soundEvent: minecraft:step.anvil
[18:57:56] [Client thread/INFO]: [CHAT] [UHC] Début du Meetup dans 1 minute.
[18:58:01] [Client thread/INFO]: [CHAT] 1v1GeoGebra, 1v1PowerPoint
[18:58:01] [Client thread/INFO]: [CHAT] 1v1GeoGebra, 1v1PowerPoint
[18:58:55] [Client thread/INFO]: [CHAT] [LG UHC] Le village se réveille après une nuit ensanglantée ; les joueurs morts pendant cette nuit ne sont affichés que maintenant.
[18:58:56] [Client thread/INFO]: [CHAT] [UHC] Meetup activé !
[18:58:57] [Client thread/INFO]: [CHAT] 
[18:58:57] [Client thread/INFO]: [CHAT]  ---- Début de l'épisode 5 ----
[18:58:57] [Client thread/INFO]: [CHAT]  
[18:58:58] [Client thread/INFO]: [CHAT] ------------- ? -------------
[18:58:58] [Client thread/INFO]: [CHAT]  Le village a perdu un de ses membres : GlouTmon, qui était Voleur.
[18:58:58] [Client thread/INFO]: [CHAT] ----------------------------
[18:59:03] [Client thread/INFO]: [CHAT] ------------- ? -------------
[18:59:03] [Client thread/INFO]: [CHAT]  Le village a perdu un de ses membres : Omiscaketi, qui était seikufnzieuio.
[18:59:03] [Client thread/INFO]: [CHAT] ----------------------------
[19:02:26] [Client thread/INFO]: [CHAT] [LG UHC] Vous vous recueillez auprès de votre premier sanctuaire !
[19:02:36] [Client thread/INFO]: [CHAT] [LG UHC] Un hurlement glaçant se fait entendre au loin... Seuls les Loups-Garous et la Petite Fille invisible peuvent l'entendre !
[19:03:58] [Client thread/INFO]: [CHAT] [LG UHC] Un vote est lancé ! (Vote #3)
[19:03:58] [Client thread/INFO]: [CHAT] [LG UHC] Vous avez 10 minutes pour voter contre un joueur en vous rendant dans un bâtiment prévu à cet effet. La capacité des urnes est de : 5 !
[19:03:58] [Client thread/INFO]: [CHAT] [LG - FEU DE CAMP] Le village décide de discuter de ses suspicions autour d'un feu de camp ; le dernier vote s'y tiendra !
[19:06:28] [Client thread/INFO]: [CHAT] ------------- ? -------------
[19:06:28] [Client thread/INFO]: [CHAT]  Le village a perdu un de ses membres : Petite_Cuilleres, qui était Voyou.
[19:06:28] [Client thread/INFO]: [CHAT] ----------------------------
[19:06:29] [Client thread/INFO]: [CHAT] ------------- ? -------------
[19:06:29] [Client thread/INFO]: [CHAT]  ? Dans un élan de chagrin, BTFE, qui était seikufnzieuio, a décidé de rejoindre son âme soeur dans sa tombe.
[19:06:29] [Client thread/INFO]: [CHAT] ----------------------------
[19:08:22] [Client thread/INFO]: [CHAT] 
[19:08:22] [Client thread/INFO]: [CHAT] [UHC] Les groupes sont désormais limités à 3 joueurs.
[19:08:22] [Client thread/INFO]: [CHAT]  
[19:08:22] [Client thread/INFO]: [CHAT] ------------- ? -------------
[19:08:22] [Client thread/INFO]: [CHAT]  Le village a perdu un de ses membres : aZakryto, qui était seikufnzieuio.
[19:08:22] [Client thread/INFO]: [CHAT] ----------------------------
[19:10:53] [Client thread/INFO]: [CHAT] ------------- ? -------------
[19:10:53] [Client thread/INFO]: [CHAT]  Le village a perdu un de ses membres : tntbb, qui était Loup-Garou Mystique.
[19:10:53] [Client thread/INFO]: [CHAT] ----------------------------
[19:10:58] [Client thread/INFO]: [CHAT] [LG UHC] Le vote se termine dans 3m00s ! N'oubliez pas de voter !
[19:11:34] [Client thread/WARN]: Unable to play unknown soundEvent: minecraft:step.anvil
[19:11:57] [Client thread/WARN]: Unable to play unknown soundEvent: minecraft:step.anvil
[19:12:00] [Client thread/WARN]: Unable to play unknown soundEvent: minecraft:step.anvil
[19:12:01] [Client thread/WARN]: Unable to play unknown soundEvent: minecraft:step.anvil
[19:12:03] [Client thread/WARN]: Unable to play unknown soundEvent: minecraft:step.anvil
[19:12:03] [Client thread/WARN]: Unable to play unknown soundEvent: minecraft:step.anvil
[19:12:03] [Client thread/WARN]: Unable to play unknown soundEvent: minecraft:step.anvil
[19:12:05] [Client thread/WARN]: Unable to play unknown soundEvent: minecraft:step.anvil
[19:12:10] [Client thread/WARN]: Unable to play unknown soundEvent: minecraft:step.anvil
[19:13:58] [Client thread/INFO]: [CHAT] [LG UHC] Fin de la période de vote.
[19:14:40] [Client thread/INFO]: [CHAT] [LG - EXPOSED] Le rôle de NHaache se trouve parmi les rôles suivants : Loup-Garou Blanc   Vilain Petit Loup   Mire  Lapin
[19:18:08] [Client thread/INFO]: [CHAT] ------------- ? -------------
[19:18:08] [Client thread/INFO]: [CHAT]  Le village a perdu un de ses membres : LixDu333, qui était seikufnzieuio.
[19:18:08] [Client thread/INFO]: [CHAT] ----------------------------
[19:18:57] [Client thread/INFO]: [CHAT] 
[19:18:57] [Client thread/INFO]: [CHAT]  ---- Début de l'épisode 6 ----
[19:18:57] [Client thread/INFO]: [CHAT]  
[19:19:34] [Client thread/INFO]: [CHAT] [LG UHC] La Voyante Bavarde a espionné le rôle d'un joueur qui figure parmi : Loup-Garou Déloyal et Cupidon.
[19:19:34] [Client thread/WARN]: Unable to play unknown soundEvent: minecraft:mob.enderman.idle
[19:20:17] [Client thread/INFO]: [CHAT] [LG UHC] Vous vous recueillez auprès de votre deuxième sanctuaire !
[19:23:03] [Client thread/INFO]: [CHAT] ------------- ? -------------
[19:23:03] [Client thread/INFO]: [CHAT]  Le village a perdu un de ses membres : YroGriffe, qui était seikufnzieuio.
[19:23:03] [Client thread/INFO]: [CHAT] ----------------------------
[19:23:07] [Client thread/INFO]: [CHAT] ------------- ? -------------
[19:23:07] [Client thread/INFO]: [CHAT]  Le village a perdu un de ses membres : HayZunette, qui était seikufnzieuio.
[19:23:07] [Client thread/INFO]: [CHAT] ----------------------------
[19:23:08] [Client thread/INFO]: [CHAT] ------------- ? -------------
[19:23:08] [Client thread/INFO]: [CHAT]  Le village a perdu un de ses membres : NHaache, qui était Mire.
[19:23:08] [Client thread/INFO]: [CHAT] ----------------------------
[19:23:12] [Client thread/INFO]: [CHAT] Saved screenshot as 2025-08-23_19.23.11.png
[19:27:16] [Client thread/INFO]: [CHAT] [UHC] Votre question a été envoyée aux organisateurs de la partie.
[19:30:14] [Client thread/INFO]: [CHAT] [LG UHC] Vous venez de mourir mais vous avez encore une chance d'être ressuscité. Dans le cas contraire, vous mourrez définitivement dans 10 secondes.
[19:30:25] [Client thread/INFO]: [CHAT] ------------- ? -------------
[19:30:25] [Client thread/INFO]: [CHAT]  Le village a perdu un de ses membres : mayorie, qui était Infect Père des Loups.
[19:30:25] [Client thread/INFO]: [CHAT] ----------------------------
[19:30:27] [Client thread/INFO]: [CHAT] [?] Vous avez été déplacé vers le canal Spectateurs sur Mumble.
[19:30:36] [Client thread/INFO]: [CHAT] ------------- ? -------------
[19:30:36] [Client thread/INFO]: [CHAT]  Le village a perdu un de ses membres : tropblatant, qui était Loup-Garou Blanc.
[19:30:36] [Client thread/INFO]: [CHAT] ----------------------------
[19:30:56] [Texture Downloader #10/ERROR]: Couldn't download http texture
java.net.UnknownHostException: skins.minecraft.net
	at java.net.AbstractPlainSocketImpl.connect(AbstractPlainSocketImpl.java:184) ~[?:1.8.0_51]
	at java.net.PlainSocketImpl.connect(PlainSocketImpl.java:172) ~[?:1.8.0_51]
	at java.net.SocksSocketImpl.connect(SocksSocketImpl.java:392) ~[?:1.8.0_51]
	at java.net.Socket.connect(Socket.java:589) ~[?:1.8.0_51]
	at java.net.Socket.connect(Socket.java:538) ~[?:1.8.0_51]
	at sun.net.NetworkClient.doConnect(NetworkClient.java:180) ~[?:1.8.0_51]
	at sun.net.www.http.HttpClient.openServer(HttpClient.java:432) ~[?:1.8.0_51]
	at sun.net.www.http.HttpClient.openServer(HttpClient.java:527) ~[?:1.8.0_51]
	at sun.net.www.http.HttpClient.<init>(HttpClient.java:211) ~[?:1.8.0_51]
	at sun.net.www.http.HttpClient.New(HttpClient.java:308) ~[?:1.8.0_51]
	at sun.net.www.http.HttpClient.New(HttpClient.java:326) ~[?:1.8.0_51]
	at sun.net.www.protocol.http.HttpURLConnection.getNewHttpClient(HttpURLConnection.java:1168) ~[?:1.8.0_51]
	at sun.net.www.protocol.http.HttpURLConnection.plainConnect0(HttpURLConnection.java:1147) ~[?:1.8.0_51]
	at sun.net.www.protocol.http.HttpURLConnection$6.run(HttpURLConnection.java:988) ~[?:1.8.0_51]
	at sun.net.www.protocol.http.HttpURLConnection$6.run(HttpURLConnection.java:986) ~[?:1.8.0_51]
	at java.security.AccessController.doPrivileged(Native Method) ~[?:1.8.0_51]
	at java.security.AccessController.doPrivileged(AccessController.java:713) ~[?:1.8.0_51]
	at sun.net.www.protocol.http.HttpURLConnection.plainConnect(HttpURLConnection.java:985) ~[?:1.8.0_51]
	at sun.net.www.protocol.http.HttpURLConnection.connect(HttpURLConnection.java:932) ~[?:1.8.0_51]
	at net.minecraft.client.renderer.ThreadDownloadImageData$1.run(SourceFile:106) [bma$1.class:?]
[19:30:56] [Texture Downloader #25/ERROR]: Couldn't download http texture
java.net.UnknownHostException: skins.minecraft.net
	at java.net.AbstractPlainSocketImpl.connect(AbstractPlainSocketImpl.java:184) ~[?:1.8.0_51]
	at java.net.PlainSocketImpl.connect(PlainSocketImpl.java:172) ~[?:1.8.0_51]
	at java.net.SocksSocketImpl.connect(SocksSocketImpl.java:392) ~[?:1.8.0_51]
	at java.net.Socket.connect(Socket.java:589) ~[?:1.8.0_51]
	at java.net.Socket.connect(Socket.java:538) ~[?:1.8.0_51]
	at sun.net.NetworkClient.doConnect(NetworkClient.java:180) ~[?:1.8.0_51]
	at sun.net.www.http.HttpClient.openServer(HttpClient.java:432) ~[?:1.8.0_51]
	at sun.net.www.http.HttpClient.openServer(HttpClient.java:527) ~[?:1.8.0_51]
	at sun.net.www.http.HttpClient.<init>(HttpClient.java:211) ~[?:1.8.0_51]
	at sun.net.www.http.HttpClient.New(HttpClient.java:308) ~[?:1.8.0_51]
	at sun.net.www.http.HttpClient.New(HttpClient.java:326) ~[?:1.8.0_51]
	at sun.net.www.protocol.http.HttpURLConnection.getNewHttpClient(HttpURLConnection.java:1168) ~[?:1.8.0_51]
	at sun.net.www.protocol.http.HttpURLConnection.plainConnect0(HttpURLConnection.java:1147) ~[?:1.8.0_51]
	at sun.net.www.protocol.http.HttpURLConnection$6.run(HttpURLConnection.java:988) ~[?:1.8.0_51]
	at sun.net.www.protocol.http.HttpURLConnection$6.run(HttpURLConnection.java:986) ~[?:1.8.0_51]
	at java.security.AccessController.doPrivileged(Native Method) ~[?:1.8.0_51]
	at java.security.AccessController.doPrivileged(AccessController.java:713) ~[?:1.8.0_51]
	at sun.net.www.protocol.http.HttpURLConnection.plainConnect(HttpURLConnection.java:985) ~[?:1.8.0_51]
	at sun.net.www.protocol.http.HttpURLConnection.connect(HttpURLConnection.java:932) ~[?:1.8.0_51]
	at net.minecraft.client.renderer.ThreadDownloadImageData$1.run(SourceFile:106) [bma$1.class:?]
[19:30:56] [Texture Downloader #33/ERROR]: Couldn't download http texture
java.net.UnknownHostException: skins.minecraft.net
	at java.net.AbstractPlainSocketImpl.connect(AbstractPlainSocketImpl.java:184) ~[?:1.8.0_51]
	at java.net.PlainSocketImpl.connect(PlainSocketImpl.java:172) ~[?:1.8.0_51]
	at java.net.SocksSocketImpl.connect(SocksSocketImpl.java:392) ~[?:1.8.0_51]
	at java.net.Socket.connect(Socket.java:589) ~[?:1.8.0_51]
	at java.net.Socket.connect(Socket.java:538) ~[?:1.8.0_51]
	at sun.net.NetworkClient.doConnect(NetworkClient.java:180) ~[?:1.8.0_51]
	at sun.net.www.http.HttpClient.openServer(HttpClient.java:432) ~[?:1.8.0_51]
	at sun.net.www.http.HttpClient.openServer(HttpClient.java:527) ~[?:1.8.0_51]
	at sun.net.www.http.HttpClient.<init>(HttpClient.java:211) ~[?:1.8.0_51]
	at sun.net.www.http.HttpClient.New(HttpClient.java:308) ~[?:1.8.0_51]
	at sun.net.www.http.HttpClient.New(HttpClient.java:326) ~[?:1.8.0_51]
	at sun.net.www.protocol.http.HttpURLConnection.getNewHttpClient(HttpURLConnection.java:1168) ~[?:1.8.0_51]
	at sun.net.www.protocol.http.HttpURLConnection.plainConnect0(HttpURLConnection.java:1147) ~[?:1.8.0_51]
	at sun.net.www.protocol.http.HttpURLConnection$6.run(HttpURLConnection.java:988) ~[?:1.8.0_51]
	at sun.net.www.protocol.http.HttpURLConnection$6.run(HttpURLConnection.java:986) ~[?:1.8.0_51]
	at java.security.AccessController.doPrivileged(Native Method) ~[?:1.8.0_51]
	at java.security.AccessController.doPrivileged(AccessController.java:713) ~[?:1.8.0_51]
	at sun.net.www.protocol.http.HttpURLConnection.plainConnect(HttpURLConnection.java:985) ~[?:1.8.0_51]
	at sun.net.www.protocol.http.HttpURLConnection.connect(HttpURLConnection.java:932) ~[?:1.8.0_51]
	at net.minecraft.client.renderer.ThreadDownloadImageData$1.run(SourceFile:106) [bma$1.class:?]
[19:30:56] [Texture Downloader #32/ERROR]: Couldn't download http texture
java.net.UnknownHostException: skins.minecraft.net
	at java.net.AbstractPlainSocketImpl.connect(AbstractPlainSocketImpl.java:184) ~[?:1.8.0_51]
	at java.net.PlainSocketImpl.connect(PlainSocketImpl.java:172) ~[?:1.8.0_51]
	at java.net.SocksSocketImpl.connect(SocksSocketImpl.java:392) ~[?:1.8.0_51]
	at java.net.Socket.connect(Socket.java:589) ~[?:1.8.0_51]
	at java.net.Socket.connect(Socket.java:538) ~[?:1.8.0_51]
	at sun.net.NetworkClient.doConnect(NetworkClient.java:180) ~[?:1.8.0_51]
	at sun.net.www.http.HttpClient.openServer(HttpClient.java:432) ~[?:1.8.0_51]
	at sun.net.www.http.HttpClient.openServer(HttpClient.java:527) ~[?:1.8.0_51]
	at sun.net.www.http.HttpClient.<init>(HttpClient.java:211) ~[?:1.8.0_51]
	at sun.net.www.http.HttpClient.New(HttpClient.java:308) ~[?:1.8.0_51]
	at sun.net.www.http.HttpClient.New(HttpClient.java:326) ~[?:1.8.0_51]
	at sun.net.www.protocol.http.HttpURLConnection.getNewHttpClient(HttpURLConnection.java:1168) ~[?:1.8.0_51]
	at sun.net.www.protocol.http.HttpURLConnection.plainConnect0(HttpURLConnection.java:1147) ~[?:1.8.0_51]
	at sun.net.www.protocol.http.HttpURLConnection$6.run(HttpURLConnection.java:988) ~[?:1.8.0_51]
	at sun.net.www.protocol.http.HttpURLConnection$6.run(HttpURLConnection.java:986) ~[?:1.8.0_51]
	at java.security.AccessController.doPrivileged(Native Method) ~[?:1.8.0_51]
	at java.security.AccessController.doPrivileged(AccessController.java:713) ~[?:1.8.0_51]
	at sun.net.www.protocol.http.HttpURLConnection.plainConnect(HttpURLConnection.java:985) ~[?:1.8.0_51]
	at sun.net.www.protocol.http.HttpURLConnection.connect(HttpURLConnection.java:932) ~[?:1.8.0_51]
	at net.minecraft.client.renderer.ThreadDownloadImageData$1.run(SourceFile:106) [bma$1.class:?]
[19:30:56] [Texture Downloader #27/ERROR]: Couldn't download http texture
java.net.UnknownHostException: skins.minecraft.net
	at java.net.AbstractPlainSocketImpl.connect(AbstractPlainSocketImpl.java:184) ~[?:1.8.0_51]
	at java.net.PlainSocketImpl.connect(PlainSocketImpl.java:172) ~[?:1.8.0_51]
	at java.net.SocksSocketImpl.connect(SocksSocketImpl.java:392) ~[?:1.8.0_51]
	at java.net.Socket.connect(Socket.java:589) ~[?:1.8.0_51]
	at java.net.Socket.connect(Socket.java:538) ~[?:1.8.0_51]
	at sun.net.NetworkClient.doConnect(NetworkClient.java:180) ~[?:1.8.0_51]
	at sun.net.www.http.HttpClient.openServer(HttpClient.java:432) ~[?:1.8.0_51]
	at sun.net.www.http.HttpClient.openServer(HttpClient.java:527) ~[?:1.8.0_51]
	at sun.net.www.http.HttpClient.<init>(HttpClient.java:211) ~[?:1.8.0_51]
	at sun.net.www.http.HttpClient.New(HttpClient.java:308) ~[?:1.8.0_51]
	at sun.net.www.http.HttpClient.New(HttpClient.java:326) ~[?:1.8.0_51]
	at sun.net.www.protocol.http.HttpURLConnection.getNewHttpClient(HttpURLConnection.java:1168) ~[?:1.8.0_51]
	at sun.net.www.protocol.http.HttpURLConnection.plainConnect0(HttpURLConnection.java:1147) ~[?:1.8.0_51]
	at sun.net.www.protocol.http.HttpURLConnection$6.run(HttpURLConnection.java:988) ~[?:1.8.0_51]
	at sun.net.www.protocol.http.HttpURLConnection$6.run(HttpURLConnection.java:986) ~[?:1.8.0_51]
	at java.security.AccessController.doPrivileged(Native Method) ~[?:1.8.0_51]
	at java.security.AccessController.doPrivileged(AccessController.java:713) ~[?:1.8.0_51]
	at sun.net.www.protocol.http.HttpURLConnection.plainConnect(HttpURLConnection.java:985) ~[?:1.8.0_51]
	at sun.net.www.protocol.http.HttpURLConnection.connect(HttpURLConnection.java:932) ~[?:1.8.0_51]
	at net.minecraft.client.renderer.ThreadDownloadImageData$1.run(SourceFile:106) [bma$1.class:?]
[19:30:56] [Texture Downloader #29/ERROR]: Couldn't download http texture
java.net.UnknownHostException: skins.minecraft.net
	at java.net.AbstractPlainSocketImpl.connect(AbstractPlainSocketImpl.java:184) ~[?:1.8.0_51]
	at java.net.PlainSocketImpl.connect(PlainSocketImpl.java:172) ~[?:1.8.0_51]
	at java.net.SocksSocketImpl.connect(SocksSocketImpl.java:392) ~[?:1.8.0_51]
	at java.net.Socket.connect(Socket.java:589) ~[?:1.8.0_51]
	at java.net.Socket.connect(Socket.java:538) ~[?:1.8.0_51]
	at sun.net.NetworkClient.doConnect(NetworkClient.java:180) ~[?:1.8.0_51]
	at sun.net.www.http.HttpClient.openServer(HttpClient.java:432) ~[?:1.8.0_51]
	at sun.net.www.http.HttpClient.openServer(HttpClient.java:527) ~[?:1.8.0_51]
	at sun.net.www.http.HttpClient.<init>(HttpClient.java:211) ~[?:1.8.0_51]
	at sun.net.www.http.HttpClient.New(HttpClient.java:308) ~[?:1.8.0_51]
	at sun.net.www.http.HttpClient.New(HttpClient.java:326) ~[?:1.8.0_51]
	at sun.net.www.protocol.http.HttpURLConnection.getNewHttpClient(HttpURLConnection.java:1168) ~[?:1.8.0_51]
	at sun.net.www.protocol.http.HttpURLConnection.plainConnect0(HttpURLConnection.java:1147) ~[?:1.8.0_51]
	at sun.net.www.protocol.http.HttpURLConnection$6.run(HttpURLConnection.java:988) ~[?:1.8.0_51]
	at sun.net.www.protocol.http.HttpURLConnection$6.run(HttpURLConnection.java:986) ~[?:1.8.0_51]
	at java.security.AccessController.doPrivileged(Native Method) ~[?:1.8.0_51]
	at java.security.AccessController.doPrivileged(AccessController.java:713) ~[?:1.8.0_51]
	at sun.net.www.protocol.http.HttpURLConnection.plainConnect(HttpURLConnection.java:985) ~[?:1.8.0_51]
	at sun.net.www.protocol.http.HttpURLConnection.connect(HttpURLConnection.java:932) ~[?:1.8.0_51]
	at net.minecraft.client.renderer.ThreadDownloadImageData$1.run(SourceFile:106) [bma$1.class:?]
[19:30:56] [Texture Downloader #22/ERROR]: Couldn't download http texture
java.net.UnknownHostException: skins.minecraft.net
	at java.net.AbstractPlainSocketImpl.connect(AbstractPlainSocketImpl.java:184) ~[?:1.8.0_51]
	at java.net.PlainSocketImpl.connect(PlainSocketImpl.java:172) ~[?:1.8.0_51]
	at java.net.SocksSocketImpl.connect(SocksSocketImpl.java:392) ~[?:1.8.0_51]
	at java.net.Socket.connect(Socket.java:589) ~[?:1.8.0_51]
	at java.net.Socket.connect(Socket.java:538) ~[?:1.8.0_51]
	at sun.net.NetworkClient.doConnect(NetworkClient.java:180) ~[?:1.8.0_51]
	at sun.net.www.http.HttpClient.openServer(HttpClient.java:432) ~[?:1.8.0_51]
	at sun.net.www.http.HttpClient.openServer(HttpClient.java:527) ~[?:1.8.0_51]
	at sun.net.www.http.HttpClient.<init>(HttpClient.java:211) ~[?:1.8.0_51]
	at sun.net.www.http.HttpClient.New(HttpClient.java:308) ~[?:1.8.0_51]
	at sun.net.www.http.HttpClient.New(HttpClient.java:326) ~[?:1.8.0_51]
	at sun.net.www.protocol.http.HttpURLConnection.getNewHttpClient(HttpURLConnection.java:1168) ~[?:1.8.0_51]
	at sun.net.www.protocol.http.HttpURLConnection.plainConnect0(HttpURLConnection.java:1147) ~[?:1.8.0_51]
	at sun.net.www.protocol.http.HttpURLConnection$6.run(HttpURLConnection.java:988) ~[?:1.8.0_51]
	at sun.net.www.protocol.http.HttpURLConnection$6.run(HttpURLConnection.java:986) ~[?:1.8.0_51]
	at java.security.AccessController.doPrivileged(Native Method) ~[?:1.8.0_51]
	at java.security.AccessController.doPrivileged(AccessController.java:713) ~[?:1.8.0_51]
	at sun.net.www.protocol.http.HttpURLConnection.plainConnect(HttpURLConnection.java:985) ~[?:1.8.0_51]
	at sun.net.www.protocol.http.HttpURLConnection.connect(HttpURLConnection.java:932) ~[?:1.8.0_51]
	at net.minecraft.client.renderer.ThreadDownloadImageData$1.run(SourceFile:106) [bma$1.class:?]
[19:30:56] [Texture Downloader #17/ERROR]: Couldn't download http texture
java.net.UnknownHostException: skins.minecraft.net
	at java.net.AbstractPlainSocketImpl.connect(AbstractPlainSocketImpl.java:184) ~[?:1.8.0_51]
	at java.net.PlainSocketImpl.connect(PlainSocketImpl.java:172) ~[?:1.8.0_51]
	at java.net.SocksSocketImpl.connect(SocksSocketImpl.java:392) ~[?:1.8.0_51]
	at java.net.Socket.connect(Socket.java:589) ~[?:1.8.0_51]
	at java.net.Socket.connect(Socket.java:538) ~[?:1.8.0_51]
	at sun.net.NetworkClient.doConnect(NetworkClient.java:180) ~[?:1.8.0_51]
	at sun.net.www.http.HttpClient.openServer(HttpClient.java:432) ~[?:1.8.0_51]
	at sun.net.www.http.HttpClient.openServer(HttpClient.java:527) ~[?:1.8.0_51]
	at sun.net.www.http.HttpClient.<init>(HttpClient.java:211) ~[?:1.8.0_51]
	at sun.net.www.http.HttpClient.New(HttpClient.java:308) ~[?:1.8.0_51]
	at sun.net.www.http.HttpClient.New(HttpClient.java:326) ~[?:1.8.0_51]
	at sun.net.www.protocol.http.HttpURLConnection.getNewHttpClient(HttpURLConnection.java:1168) ~[?:1.8.0_51]
	at sun.net.www.protocol.http.HttpURLConnection.plainConnect0(HttpURLConnection.java:1147) ~[?:1.8.0_51]
	at sun.net.www.protocol.http.HttpURLConnection$6.run(HttpURLConnection.java:988) ~[?:1.8.0_51]
	at sun.net.www.protocol.http.HttpURLConnection$6.run(HttpURLConnection.java:986) ~[?:1.8.0_51]
	at java.security.AccessController.doPrivileged(Native Method) ~[?:1.8.0_51]
	at java.security.AccessController.doPrivileged(AccessController.java:713) ~[?:1.8.0_51]
	at sun.net.www.protocol.http.HttpURLConnection.plainConnect(HttpURLConnection.java:985) ~[?:1.8.0_51]
	at sun.net.www.protocol.http.HttpURLConnection.connect(HttpURLConnection.java:932) ~[?:1.8.0_51]
	at net.minecraft.client.renderer.ThreadDownloadImageData$1.run(SourceFile:106) [bma$1.class:?]
[19:30:56] [Texture Downloader #28/ERROR]: Couldn't download http texture
java.net.UnknownHostException: skins.minecraft.net
	at java.net.AbstractPlainSocketImpl.connect(AbstractPlainSocketImpl.java:184) ~[?:1.8.0_51]
	at java.net.PlainSocketImpl.connect(PlainSocketImpl.java:172) ~[?:1.8.0_51]
	at java.net.SocksSocketImpl.connect(SocksSocketImpl.java:392) ~[?:1.8.0_51]
	at java.net.Socket.connect(Socket.java:589) ~[?:1.8.0_51]
	at java.net.Socket.connect(Socket.java:538) ~[?:1.8.0_51]
	at sun.net.NetworkClient.doConnect(NetworkClient.java:180) ~[?:1.8.0_51]
	at sun.net.www.http.HttpClient.openServer(HttpClient.java:432) ~[?:1.8.0_51]
	at sun.net.www.http.HttpClient.openServer(HttpClient.java:527) ~[?:1.8.0_51]
	at sun.net.www.http.HttpClient.<init>(HttpClient.java:211) ~[?:1.8.0_51]
	at sun.net.www.http.HttpClient.New(HttpClient.java:308) ~[?:1.8.0_51]
	at sun.net.www.http.HttpClient.New(HttpClient.java:326) ~[?:1.8.0_51]
	at sun.net.www.protocol.http.HttpURLConnection.getNewHttpClient(HttpURLConnection.java:1168) ~[?:1.8.0_51]
	at sun.net.www.protocol.http.HttpURLConnection.plainConnect0(HttpURLConnection.java:1147) ~[?:1.8.0_51]
	at sun.net.www.protocol.http.HttpURLConnection$6.run(HttpURLConnection.java:988) ~[?:1.8.0_51]
	at sun.net.www.protocol.http.HttpURLConnection$6.run(HttpURLConnection.java:986) ~[?:1.8.0_51]
	at java.security.AccessController.doPrivileged(Native Method) ~[?:1.8.0_51]
	at java.security.AccessController.doPrivileged(AccessController.java:713) ~[?:1.8.0_51]
	at sun.net.www.protocol.http.HttpURLConnection.plainConnect(HttpURLConnection.java:985) ~[?:1.8.0_51]
	at sun.net.www.protocol.http.HttpURLConnection.connect(HttpURLConnection.java:932) ~[?:1.8.0_51]
	at net.minecraft.client.renderer.ThreadDownloadImageData$1.run(SourceFile:106) [bma$1.class:?]
[19:30:56] [Texture Downloader #30/ERROR]: Couldn't download http texture
java.net.UnknownHostException: skins.minecraft.net
	at java.net.AbstractPlainSocketImpl.connect(AbstractPlainSocketImpl.java:184) ~[?:1.8.0_51]
	at java.net.PlainSocketImpl.connect(PlainSocketImpl.java:172) ~[?:1.8.0_51]
	at java.net.SocksSocketImpl.connect(SocksSocketImpl.java:392) ~[?:1.8.0_51]
	at java.net.Socket.connect(Socket.java:589) ~[?:1.8.0_51]
	at java.net.Socket.connect(Socket.java:538) ~[?:1.8.0_51]
	at sun.net.NetworkClient.doConnect(NetworkClient.java:180) ~[?:1.8.0_51]
	at sun.net.www.http.HttpClient.openServer(HttpClient.java:432) ~[?:1.8.0_51]
	at sun.net.www.http.HttpClient.openServer(HttpClient.java:527) ~[?:1.8.0_51]
	at sun.net.www.http.HttpClient.<init>(HttpClient.java:211) ~[?:1.8.0_51]
	at sun.net.www.http.HttpClient.New(HttpClient.java:308) ~[?:1.8.0_51]
	at sun.net.www.http.HttpClient.New(HttpClient.java:326) ~[?:1.8.0_51]
	at sun.net.www.protocol.http.HttpURLConnection.getNewHttpClient(HttpURLConnection.java:1168) ~[?:1.8.0_51]
	at sun.net.www.protocol.http.HttpURLConnection.plainConnect0(HttpURLConnection.java:1147) ~[?:1.8.0_51]
	at sun.net.www.protocol.http.HttpURLConnection$6.run(HttpURLConnection.java:988) ~[?:1.8.0_51]
	at sun.net.www.protocol.http.HttpURLConnection$6.run(HttpURLConnection.java:986) ~[?:1.8.0_51]
	at java.security.AccessController.doPrivileged(Native Method) ~[?:1.8.0_51]
	at java.security.AccessController.doPrivileged(AccessController.java:713) ~[?:1.8.0_51]
	at sun.net.www.protocol.http.HttpURLConnection.plainConnect(HttpURLConnection.java:985) ~[?:1.8.0_51]
	at sun.net.www.protocol.http.HttpURLConnection.connect(HttpURLConnection.java:932) ~[?:1.8.0_51]
	at net.minecraft.client.renderer.ThreadDownloadImageData$1.run(SourceFile:106) [bma$1.class:?]
[19:30:56] [Texture Downloader #14/ERROR]: Couldn't download http texture
java.net.UnknownHostException: skins.minecraft.net
	at java.net.AbstractPlainSocketImpl.connect(AbstractPlainSocketImpl.java:184) ~[?:1.8.0_51]
	at java.net.PlainSocketImpl.connect(PlainSocketImpl.java:172) ~[?:1.8.0_51]
	at java.net.SocksSocketImpl.connect(SocksSocketImpl.java:392) ~[?:1.8.0_51]
	at java.net.Socket.connect(Socket.java:589) ~[?:1.8.0_51]
	at java.net.Socket.connect(Socket.java:538) ~[?:1.8.0_51]
	at sun.net.NetworkClient.doConnect(NetworkClient.java:180) ~[?:1.8.0_51]
	at sun.net.www.http.HttpClient.openServer(HttpClient.java:432) ~[?:1.8.0_51]
	at sun.net.www.http.HttpClient.openServer(HttpClient.java:527) ~[?:1.8.0_51]
	at sun.net.www.http.HttpClient.<init>(HttpClient.java:211) ~[?:1.8.0_51]
	at sun.net.www.http.HttpClient.New(HttpClient.java:308) ~[?:1.8.0_51]
	at sun.net.www.http.HttpClient.New(HttpClient.java:326) ~[?:1.8.0_51]
	at sun.net.www.protocol.http.HttpURLConnection.getNewHttpClient(HttpURLConnection.java:1168) ~[?:1.8.0_51]
	at sun.net.www.protocol.http.HttpURLConnection.plainConnect0(HttpURLConnection.java:1147) ~[?:1.8.0_51]
	at sun.net.www.protocol.http.HttpURLConnection$6.run(HttpURLConnection.java:988) ~[?:1.8.0_51]
	at sun.net.www.protocol.http.HttpURLConnection$6.run(HttpURLConnection.java:986) ~[?:1.8.0_51]
	at java.security.AccessController.doPrivileged(Native Method) ~[?:1.8.0_51]
	at java.security.AccessController.doPrivileged(AccessController.java:713) ~[?:1.8.0_51]
	at sun.net.www.protocol.http.HttpURLConnection.plainConnect(HttpURLConnection.java:985) ~[?:1.8.0_51]
	at sun.net.www.protocol.http.HttpURLConnection.connect(HttpURLConnection.java:932) ~[?:1.8.0_51]
	at net.minecraft.client.renderer.ThreadDownloadImageData$1.run(SourceFile:106) [bma$1.class:?]
[19:30:56] [Texture Downloader #21/ERROR]: Couldn't download http texture
java.net.UnknownHostException: skins.minecraft.net
	at java.net.AbstractPlainSocketImpl.connect(AbstractPlainSocketImpl.java:184) ~[?:1.8.0_51]
	at java.net.PlainSocketImpl.connect(PlainSocketImpl.java:172) ~[?:1.8.0_51]
	at java.net.SocksSocketImpl.connect(SocksSocketImpl.java:392) ~[?:1.8.0_51]
	at java.net.Socket.connect(Socket.java:589) ~[?:1.8.0_51]
	at java.net.Socket.connect(Socket.java:538) ~[?:1.8.0_51]
	at sun.net.NetworkClient.doConnect(NetworkClient.java:180) ~[?:1.8.0_51]
	at sun.net.www.http.HttpClient.openServer(HttpClient.java:432) ~[?:1.8.0_51]
	at sun.net.www.http.HttpClient.openServer(HttpClient.java:527) ~[?:1.8.0_51]
	at sun.net.www.http.HttpClient.<init>(HttpClient.java:211) ~[?:1.8.0_51]
	at sun.net.www.http.HttpClient.New(HttpClient.java:308) ~[?:1.8.0_51]
	at sun.net.www.http.HttpClient.New(HttpClient.java:326) ~[?:1.8.0_51]
	at sun.net.www.protocol.http.HttpURLConnection.getNewHttpClient(HttpURLConnection.java:1168) ~[?:1.8.0_51]
	at sun.net.www.protocol.http.HttpURLConnection.plainConnect0(HttpURLConnection.java:1147) ~[?:1.8.0_51]
	at sun.net.www.protocol.http.HttpURLConnection$6.run(HttpURLConnection.java:988) ~[?:1.8.0_51]
	at sun.net.www.protocol.http.HttpURLConnection$6.run(HttpURLConnection.java:986) ~[?:1.8.0_51]
	at java.security.AccessController.doPrivileged(Native Method) ~[?:1.8.0_51]
	at java.security.AccessController.doPrivileged(AccessController.java:713) ~[?:1.8.0_51]
	at sun.net.www.protocol.http.HttpURLConnection.plainConnect(HttpURLConnection.java:985) ~[?:1.8.0_51]
	at sun.net.www.protocol.http.HttpURLConnection.connect(HttpURLConnection.java:932) ~[?:1.8.0_51]
	at net.minecraft.client.renderer.ThreadDownloadImageData$1.run(SourceFile:106) [bma$1.class:?]
[19:30:56] [Texture Downloader #26/ERROR]: Couldn't download http texture
java.net.UnknownHostException: skins.minecraft.net
	at java.net.AbstractPlainSocketImpl.connect(AbstractPlainSocketImpl.java:184) ~[?:1.8.0_51]
	at java.net.PlainSocketImpl.connect(PlainSocketImpl.java:172) ~[?:1.8.0_51]
	at java.net.SocksSocketImpl.connect(SocksSocketImpl.java:392) ~[?:1.8.0_51]
	at java.net.Socket.connect(Socket.java:589) ~[?:1.8.0_51]
	at java.net.Socket.connect(Socket.java:538) ~[?:1.8.0_51]
	at sun.net.NetworkClient.doConnect(NetworkClient.java:180) ~[?:1.8.0_51]
	at sun.net.www.http.HttpClient.openServer(HttpClient.java:432) ~[?:1.8.0_51]
	at sun.net.www.http.HttpClient.openServer(HttpClient.java:527) ~[?:1.8.0_51]
	at sun.net.www.http.HttpClient.<init>(HttpClient.java:211) ~[?:1.8.0_51]
	at sun.net.www.http.HttpClient.New(HttpClient.java:308) ~[?:1.8.0_51]
	at sun.net.www.http.HttpClient.New(HttpClient.java:326) ~[?:1.8.0_51]
	at sun.net.www.protocol.http.HttpURLConnection.getNewHttpClient(HttpURLConnection.java:1168) ~[?:1.8.0_51]
	at sun.net.www.protocol.http.HttpURLConnection.plainConnect0(HttpURLConnection.java:1147) ~[?:1.8.0_51]
	at sun.net.www.protocol.http.HttpURLConnection$6.run(HttpURLConnection.java:988) ~[?:1.8.0_51]
	at sun.net.www.protocol.http.HttpURLConnection$6.run(HttpURLConnection.java:986) ~[?:1.8.0_51]
	at java.security.AccessController.doPrivileged(Native Method) ~[?:1.8.0_51]
	at java.security.AccessController.doPrivileged(AccessController.java:713) ~[?:1.8.0_51]
	at sun.net.www.protocol.http.HttpURLConnection.plainConnect(HttpURLConnection.java:985) ~[?:1.8.0_51]
	at sun.net.www.protocol.http.HttpURLConnection.connect(HttpURLConnection.java:932) ~[?:1.8.0_51]
	at net.minecraft.client.renderer.ThreadDownloadImageData$1.run(SourceFile:106) [bma$1.class:?]
[19:30:56] [Texture Downloader #18/ERROR]: Couldn't download http texture
java.net.UnknownHostException: skins.minecraft.net
	at java.net.AbstractPlainSocketImpl.connect(AbstractPlainSocketImpl.java:184) ~[?:1.8.0_51]
	at java.net.PlainSocketImpl.connect(PlainSocketImpl.java:172) ~[?:1.8.0_51]
	at java.net.SocksSocketImpl.connect(SocksSocketImpl.java:392) ~[?:1.8.0_51]
	at java.net.Socket.connect(Socket.java:589) ~[?:1.8.0_51]
	at java.net.Socket.connect(Socket.java:538) ~[?:1.8.0_51]
	at sun.net.NetworkClient.doConnect(NetworkClient.java:180) ~[?:1.8.0_51]
	at sun.net.www.http.HttpClient.openServer(HttpClient.java:432) ~[?:1.8.0_51]
	at sun.net.www.http.HttpClient.openServer(HttpClient.java:527) ~[?:1.8.0_51]
	at sun.net.www.http.HttpClient.<init>(HttpClient.java:211) ~[?:1.8.0_51]
	at sun.net.www.http.HttpClient.New(HttpClient.java:308) ~[?:1.8.0_51]
	at sun.net.www.http.HttpClient.New(HttpClient.java:326) ~[?:1.8.0_51]
	at sun.net.www.protocol.http.HttpURLConnection.getNewHttpClient(HttpURLConnection.java:1168) ~[?:1.8.0_51]
	at sun.net.www.protocol.http.HttpURLConnection.plainConnect0(HttpURLConnection.java:1147) ~[?:1.8.0_51]
	at sun.net.www.protocol.http.HttpURLConnection$6.run(HttpURLConnection.java:988) ~[?:1.8.0_51]
	at sun.net.www.protocol.http.HttpURLConnection$6.run(HttpURLConnection.java:986) ~[?:1.8.0_51]
	at java.security.AccessController.doPrivileged(Native Method) ~[?:1.8.0_51]
	at java.security.AccessController.doPrivileged(AccessController.java:713) ~[?:1.8.0_51]
	at sun.net.www.protocol.http.HttpURLConnection.plainConnect(HttpURLConnection.java:985) ~[?:1.8.0_51]
	at sun.net.www.protocol.http.HttpURLConnection.connect(HttpURLConnection.java:932) ~[?:1.8.0_51]
	at net.minecraft.client.renderer.ThreadDownloadImageData$1.run(SourceFile:106) [bma$1.class:?]
[19:30:56] [Texture Downloader #23/ERROR]: Couldn't download http texture
java.net.UnknownHostException: skins.minecraft.net
	at java.net.AbstractPlainSocketImpl.connect(AbstractPlainSocketImpl.java:184) ~[?:1.8.0_51]
	at java.net.PlainSocketImpl.connect(PlainSocketImpl.java:172) ~[?:1.8.0_51]
	at java.net.SocksSocketImpl.connect(SocksSocketImpl.java:392) ~[?:1.8.0_51]
	at java.net.Socket.connect(Socket.java:589) ~[?:1.8.0_51]
	at java.net.Socket.connect(Socket.java:538) ~[?:1.8.0_51]
	at sun.net.NetworkClient.doConnect(NetworkClient.java:180) ~[?:1.8.0_51]
	at sun.net.www.http.HttpClient.openServer(HttpClient.java:432) ~[?:1.8.0_51]
	at sun.net.www.http.HttpClient.openServer(HttpClient.java:527) ~[?:1.8.0_51]
	at sun.net.www.http.HttpClient.<init>(HttpClient.java:211) ~[?:1.8.0_51]
	at sun.net.www.http.HttpClient.New(HttpClient.java:308) ~[?:1.8.0_51]
	at sun.net.www.http.HttpClient.New(HttpClient.java:326) ~[?:1.8.0_51]
	at sun.net.www.protocol.http.HttpURLConnection.getNewHttpClient(HttpURLConnection.java:1168) ~[?:1.8.0_51]
	at sun.net.www.protocol.http.HttpURLConnection.plainConnect0(HttpURLConnection.java:1147) ~[?:1.8.0_51]
	at sun.net.www.protocol.http.HttpURLConnection$6.run(HttpURLConnection.java:988) ~[?:1.8.0_51]
	at sun.net.www.protocol.http.HttpURLConnection$6.run(HttpURLConnection.java:986) ~[?:1.8.0_51]
	at java.security.AccessController.doPrivileged(Native Method) ~[?:1.8.0_51]
	at java.security.AccessController.doPrivileged(AccessController.java:713) ~[?:1.8.0_51]
	at sun.net.www.protocol.http.HttpURLConnection.plainConnect(HttpURLConnection.java:985) ~[?:1.8.0_51]
	at sun.net.www.protocol.http.HttpURLConnection.connect(HttpURLConnection.java:932) ~[?:1.8.0_51]
	at net.minecraft.client.renderer.ThreadDownloadImageData$1.run(SourceFile:106) [bma$1.class:?]
[19:30:56] [Texture Downloader #34/ERROR]: Couldn't download http texture
java.net.UnknownHostException: skins.minecraft.net
	at java.net.AbstractPlainSocketImpl.connect(AbstractPlainSocketImpl.java:184) ~[?:1.8.0_51]
	at java.net.PlainSocketImpl.connect(PlainSocketImpl.java:172) ~[?:1.8.0_51]
	at java.net.SocksSocketImpl.connect(SocksSocketImpl.java:392) ~[?:1.8.0_51]
	at java.net.Socket.connect(Socket.java:589) ~[?:1.8.0_51]
	at java.net.Socket.connect(Socket.java:538) ~[?:1.8.0_51]
	at sun.net.NetworkClient.doConnect(NetworkClient.java:180) ~[?:1.8.0_51]
	at sun.net.www.http.HttpClient.openServer(HttpClient.java:432) ~[?:1.8.0_51]
	at sun.net.www.http.HttpClient.openServer(HttpClient.java:527) ~[?:1.8.0_51]
	at sun.net.www.http.HttpClient.<init>(HttpClient.java:211) ~[?:1.8.0_51]
	at sun.net.www.http.HttpClient.New(HttpClient.java:308) ~[?:1.8.0_51]
	at sun.net.www.http.HttpClient.New(HttpClient.java:326) ~[?:1.8.0_51]
	at sun.net.www.protocol.http.HttpURLConnection.getNewHttpClient(HttpURLConnection.java:1168) ~[?:1.8.0_51]
	at sun.net.www.protocol.http.HttpURLConnection.plainConnect0(HttpURLConnection.java:1147) ~[?:1.8.0_51]
	at sun.net.www.protocol.http.HttpURLConnection$6.run(HttpURLConnection.java:988) ~[?:1.8.0_51]
	at sun.net.www.protocol.http.HttpURLConnection$6.run(HttpURLConnection.java:986) ~[?:1.8.0_51]
	at java.security.AccessController.doPrivileged(Native Method) ~[?:1.8.0_51]
	at java.security.AccessController.doPrivileged(AccessController.java:713) ~[?:1.8.0_51]
	at sun.net.www.protocol.http.HttpURLConnection.plainConnect(HttpURLConnection.java:985) ~[?:1.8.0_51]
	at sun.net.www.protocol.http.HttpURLConnection.connect(HttpURLConnection.java:932) ~[?:1.8.0_51]
	at net.minecraft.client.renderer.ThreadDownloadImageData$1.run(SourceFile:106) [bma$1.class:?]
[19:30:56] [Texture Downloader #13/ERROR]: Couldn't download http texture
java.net.UnknownHostException: skins.minecraft.net
	at java.net.AbstractPlainSocketImpl.connect(AbstractPlainSocketImpl.java:184) ~[?:1.8.0_51]
	at java.net.PlainSocketImpl.connect(PlainSocketImpl.java:172) ~[?:1.8.0_51]
	at java.net.SocksSocketImpl.connect(SocksSocketImpl.java:392) ~[?:1.8.0_51]
	at java.net.Socket.connect(Socket.java:589) ~[?:1.8.0_51]
	at java.net.Socket.connect(Socket.java:538) ~[?:1.8.0_51]
	at sun.net.NetworkClient.doConnect(NetworkClient.java:180) ~[?:1.8.0_51]
	at sun.net.www.http.HttpClient.openServer(HttpClient.java:432) ~[?:1.8.0_51]
	at sun.net.www.http.HttpClient.openServer(HttpClient.java:527) ~[?:1.8.0_51]
	at sun.net.www.http.HttpClient.<init>(HttpClient.java:211) ~[?:1.8.0_51]
	at sun.net.www.http.HttpClient.New(HttpClient.java:308) ~[?:1.8.0_51]
	at sun.net.www.http.HttpClient.New(HttpClient.java:326) ~[?:1.8.0_51]
	at sun.net.www.protocol.http.HttpURLConnection.getNewHttpClient(HttpURLConnection.java:1168) ~[?:1.8.0_51]
	at sun.net.www.protocol.http.HttpURLConnection.plainConnect0(HttpURLConnection.java:1147) ~[?:1.8.0_51]
	at sun.net.www.protocol.http.HttpURLConnection$6.run(HttpURLConnection.java:988) ~[?:1.8.0_51]
	at sun.net.www.protocol.http.HttpURLConnection$6.run(HttpURLConnection.java:986) ~[?:1.8.0_51]
	at java.security.AccessController.doPrivileged(Native Method) ~[?:1.8.0_51]
	at java.security.AccessController.doPrivileged(AccessController.java:713) ~[?:1.8.0_51]
	at sun.net.www.protocol.http.HttpURLConnection.plainConnect(HttpURLConnection.java:985) ~[?:1.8.0_51]
	at sun.net.www.protocol.http.HttpURLConnection.connect(HttpURLConnection.java:932) ~[?:1.8.0_51]
	at net.minecraft.client.renderer.ThreadDownloadImageData$1.run(SourceFile:106) [bma$1.class:?]
[19:30:56] [Texture Downloader #15/ERROR]: Couldn't download http texture
java.net.UnknownHostException: skins.minecraft.net
	at java.net.AbstractPlainSocketImpl.connect(AbstractPlainSocketImpl.java:184) ~[?:1.8.0_51]
	at java.net.PlainSocketImpl.connect(PlainSocketImpl.java:172) ~[?:1.8.0_51]
	at java.net.SocksSocketImpl.connect(SocksSocketImpl.java:392) ~[?:1.8.0_51]
	at java.net.Socket.connect(Socket.java:589) ~[?:1.8.0_51]
	at java.net.Socket.connect(Socket.java:538) ~[?:1.8.0_51]
	at sun.net.NetworkClient.doConnect(NetworkClient.java:180) ~[?:1.8.0_51]
	at sun.net.www.http.HttpClient.openServer(HttpClient.java:432) ~[?:1.8.0_51]
	at sun.net.www.http.HttpClient.openServer(HttpClient.java:527) ~[?:1.8.0_51]
	at sun.net.www.http.HttpClient.<init>(HttpClient.java:211) ~[?:1.8.0_51]
	at sun.net.www.http.HttpClient.New(HttpClient.java:308) ~[?:1.8.0_51]
	at sun.net.www.http.HttpClient.New(HttpClient.java:326) ~[?:1.8.0_51]
	at sun.net.www.protocol.http.HttpURLConnection.getNewHttpClient(HttpURLConnection.java:1168) ~[?:1.8.0_51]
	at sun.net.www.protocol.http.HttpURLConnection.plainConnect0(HttpURLConnection.java:1147) ~[?:1.8.0_51]
	at sun.net.www.protocol.http.HttpURLConnection$6.run(HttpURLConnection.java:988) ~[?:1.8.0_51]
	at sun.net.www.protocol.http.HttpURLConnection$6.run(HttpURLConnection.java:986) ~[?:1.8.0_51]
	at java.security.AccessController.doPrivileged(Native Method) ~[?:1.8.0_51]
	at java.security.AccessController.doPrivileged(AccessController.java:713) ~[?:1.8.0_51]
	at sun.net.www.protocol.http.HttpURLConnection.plainConnect(HttpURLConnection.java:985) ~[?:1.8.0_51]
	at sun.net.www.protocol.http.HttpURLConnection.connect(HttpURLConnection.java:932) ~[?:1.8.0_51]
	at net.minecraft.client.renderer.ThreadDownloadImageData$1.run(SourceFile:106) [bma$1.class:?]
[19:30:56] [Texture Downloader #31/ERROR]: Couldn't download http texture
java.net.UnknownHostException: skins.minecraft.net
	at java.net.AbstractPlainSocketImpl.connect(AbstractPlainSocketImpl.java:184) ~[?:1.8.0_51]
	at java.net.PlainSocketImpl.connect(PlainSocketImpl.java:172) ~[?:1.8.0_51]
	at java.net.SocksSocketImpl.connect(SocksSocketImpl.java:392) ~[?:1.8.0_51]
	at java.net.Socket.connect(Socket.java:589) ~[?:1.8.0_51]
	at java.net.Socket.connect(Socket.java:538) ~[?:1.8.0_51]
	at sun.net.NetworkClient.doConnect(NetworkClient.java:180) ~[?:1.8.0_51]
	at sun.net.www.http.HttpClient.openServer(HttpClient.java:432) ~[?:1.8.0_51]
	at sun.net.www.http.HttpClient.openServer(HttpClient.java:527) ~[?:1.8.0_51]
	at sun.net.www.http.HttpClient.<init>(HttpClient.java:211) ~[?:1.8.0_51]
	at sun.net.www.http.HttpClient.New(HttpClient.java:308) ~[?:1.8.0_51]
	at sun.net.www.http.HttpClient.New(HttpClient.java:326) ~[?:1.8.0_51]
	at sun.net.www.protocol.http.HttpURLConnection.getNewHttpClient(HttpURLConnection.java:1168) ~[?:1.8.0_51]
	at sun.net.www.protocol.http.HttpURLConnection.plainConnect0(HttpURLConnection.java:1147) ~[?:1.8.0_51]
	at sun.net.www.protocol.http.HttpURLConnection$6.run(HttpURLConnection.java:988) ~[?:1.8.0_51]
	at sun.net.www.protocol.http.HttpURLConnection$6.run(HttpURLConnection.java:986) ~[?:1.8.0_51]
	at java.security.AccessController.doPrivileged(Native Method) ~[?:1.8.0_51]
	at java.security.AccessController.doPrivileged(AccessController.java:713) ~[?:1.8.0_51]
	at sun.net.www.protocol.http.HttpURLConnection.plainConnect(HttpURLConnection.java:985) ~[?:1.8.0_51]
	at sun.net.www.protocol.http.HttpURLConnection.connect(HttpURLConnection.java:932) ~[?:1.8.0_51]
	at net.minecraft.client.renderer.ThreadDownloadImageData$1.run(SourceFile:106) [bma$1.class:?]
[19:30:56] [Texture Downloader #24/ERROR]: Couldn't download http texture
java.net.UnknownHostException: skins.minecraft.net
	at java.net.AbstractPlainSocketImpl.connect(AbstractPlainSocketImpl.java:184) ~[?:1.8.0_51]
	at java.net.PlainSocketImpl.connect(PlainSocketImpl.java:172) ~[?:1.8.0_51]
	at java.net.SocksSocketImpl.connect(SocksSocketImpl.java:392) ~[?:1.8.0_51]
	at java.net.Socket.connect(Socket.java:589) ~[?:1.8.0_51]
	at java.net.Socket.connect(Socket.java:538) ~[?:1.8.0_51]
	at sun.net.NetworkClient.doConnect(NetworkClient.java:180) ~[?:1.8.0_51]
	at sun.net.www.http.HttpClient.openServer(HttpClient.java:432) ~[?:1.8.0_51]
	at sun.net.www.http.HttpClient.openServer(HttpClient.java:527) ~[?:1.8.0_51]
	at sun.net.www.http.HttpClient.<init>(HttpClient.java:211) ~[?:1.8.0_51]
	at sun.net.www.http.HttpClient.New(HttpClient.java:308) ~[?:1.8.0_51]
	at sun.net.www.http.HttpClient.New(HttpClient.java:326) ~[?:1.8.0_51]
	at sun.net.www.protocol.http.HttpURLConnection.getNewHttpClient(HttpURLConnection.java:1168) ~[?:1.8.0_51]
	at sun.net.www.protocol.http.HttpURLConnection.plainConnect0(HttpURLConnection.java:1147) ~[?:1.8.0_51]
	at sun.net.www.protocol.http.HttpURLConnection$6.run(HttpURLConnection.java:988) ~[?:1.8.0_51]
	at sun.net.www.protocol.http.HttpURLConnection$6.run(HttpURLConnection.java:986) ~[?:1.8.0_51]
	at java.security.AccessController.doPrivileged(Native Method) ~[?:1.8.0_51]
	at java.security.AccessController.doPrivileged(AccessController.java:713) ~[?:1.8.0_51]
	at sun.net.www.protocol.http.HttpURLConnection.plainConnect(HttpURLConnection.java:985) ~[?:1.8.0_51]
	at sun.net.www.protocol.http.HttpURLConnection.connect(HttpURLConnection.java:932) ~[?:1.8.0_51]
	at net.minecraft.client.renderer.ThreadDownloadImageData$1.run(SourceFile:106) [bma$1.class:?]
[19:30:56] [Texture Downloader #12/ERROR]: Couldn't download http texture
java.net.UnknownHostException: skins.minecraft.net
	at java.net.AbstractPlainSocketImpl.connect(AbstractPlainSocketImpl.java:184) ~[?:1.8.0_51]
	at java.net.PlainSocketImpl.connect(PlainSocketImpl.java:172) ~[?:1.8.0_51]
	at java.net.SocksSocketImpl.connect(SocksSocketImpl.java:392) ~[?:1.8.0_51]
	at java.net.Socket.connect(Socket.java:589) ~[?:1.8.0_51]
	at java.net.Socket.connect(Socket.java:538) ~[?:1.8.0_51]
	at sun.net.NetworkClient.doConnect(NetworkClient.java:180) ~[?:1.8.0_51]
	at sun.net.www.http.HttpClient.openServer(HttpClient.java:432) ~[?:1.8.0_51]
	at sun.net.www.http.HttpClient.openServer(HttpClient.java:527) ~[?:1.8.0_51]
	at sun.net.www.http.HttpClient.<init>(HttpClient.java:211) ~[?:1.8.0_51]
	at sun.net.www.http.HttpClient.New(HttpClient.java:308) ~[?:1.8.0_51]
	at sun.net.www.http.HttpClient.New(HttpClient.java:326) ~[?:1.8.0_51]
	at sun.net.www.protocol.http.HttpURLConnection.getNewHttpClient(HttpURLConnection.java:1168) ~[?:1.8.0_51]
	at sun.net.www.protocol.http.HttpURLConnection.plainConnect0(HttpURLConnection.java:1147) ~[?:1.8.0_51]
	at sun.net.www.protocol.http.HttpURLConnection$6.run(HttpURLConnection.java:988) ~[?:1.8.0_51]
	at sun.net.www.protocol.http.HttpURLConnection$6.run(HttpURLConnection.java:986) ~[?:1.8.0_51]
	at java.security.AccessController.doPrivileged(Native Method) ~[?:1.8.0_51]
	at java.security.AccessController.doPrivileged(AccessController.java:713) ~[?:1.8.0_51]
	at sun.net.www.protocol.http.HttpURLConnection.plainConnect(HttpURLConnection.java:985) ~[?:1.8.0_51]
	at sun.net.www.protocol.http.HttpURLConnection.connect(HttpURLConnection.java:932) ~[?:1.8.0_51]
	at net.minecraft.client.renderer.ThreadDownloadImageData$1.run(SourceFile:106) [bma$1.class:?]
[19:30:56] [Texture Downloader #35/ERROR]: Couldn't download http texture
java.net.UnknownHostException: skins.minecraft.net
	at java.net.AbstractPlainSocketImpl.connect(AbstractPlainSocketImpl.java:184) ~[?:1.8.0_51]
	at java.net.PlainSocketImpl.connect(PlainSocketImpl.java:172) ~[?:1.8.0_51]
	at java.net.SocksSocketImpl.connect(SocksSocketImpl.java:392) ~[?:1.8.0_51]
	at java.net.Socket.connect(Socket.java:589) ~[?:1.8.0_51]
	at java.net.Socket.connect(Socket.java:538) ~[?:1.8.0_51]
	at sun.net.NetworkClient.doConnect(NetworkClient.java:180) ~[?:1.8.0_51]
	at sun.net.www.http.HttpClient.openServer(HttpClient.java:432) ~[?:1.8.0_51]
	at sun.net.www.http.HttpClient.openServer(HttpClient.java:527) ~[?:1.8.0_51]
	at sun.net.www.http.HttpClient.<init>(HttpClient.java:211) ~[?:1.8.0_51]
	at sun.net.www.http.HttpClient.New(HttpClient.java:308) ~[?:1.8.0_51]
	at sun.net.www.http.HttpClient.New(HttpClient.java:326) ~[?:1.8.0_51]
	at sun.net.www.protocol.http.HttpURLConnection.getNewHttpClient(HttpURLConnection.java:1168) ~[?:1.8.0_51]
	at sun.net.www.protocol.http.HttpURLConnection.plainConnect0(HttpURLConnection.java:1147) ~[?:1.8.0_51]
	at sun.net.www.protocol.http.HttpURLConnection$6.run(HttpURLConnection.java:988) ~[?:1.8.0_51]
	at sun.net.www.protocol.http.HttpURLConnection$6.run(HttpURLConnection.java:986) ~[?:1.8.0_51]
	at java.security.AccessController.doPrivileged(Native Method) ~[?:1.8.0_51]
	at java.security.AccessController.doPrivileged(AccessController.java:713) ~[?:1.8.0_51]
	at sun.net.www.protocol.http.HttpURLConnection.plainConnect(HttpURLConnection.java:985) ~[?:1.8.0_51]
	at sun.net.www.protocol.http.HttpURLConnection.connect(HttpURLConnection.java:932) ~[?:1.8.0_51]
	at net.minecraft.client.renderer.ThreadDownloadImageData$1.run(SourceFile:106) [bma$1.class:?]
[19:30:56] [Texture Downloader #11/ERROR]: Couldn't download http texture
java.net.UnknownHostException: skins.minecraft.net
	at java.net.AbstractPlainSocketImpl.connect(AbstractPlainSocketImpl.java:184) ~[?:1.8.0_51]
	at java.net.PlainSocketImpl.connect(PlainSocketImpl.java:172) ~[?:1.8.0_51]
	at java.net.SocksSocketImpl.connect(SocksSocketImpl.java:392) ~[?:1.8.0_51]
	at java.net.Socket.connect(Socket.java:589) ~[?:1.8.0_51]
	at java.net.Socket.connect(Socket.java:538) ~[?:1.8.0_51]
	at sun.net.NetworkClient.doConnect(NetworkClient.java:180) ~[?:1.8.0_51]
	at sun.net.www.http.HttpClient.openServer(HttpClient.java:432) ~[?:1.8.0_51]
	at sun.net.www.http.HttpClient.openServer(HttpClient.java:527) ~[?:1.8.0_51]
	at sun.net.www.http.HttpClient.<init>(HttpClient.java:211) ~[?:1.8.0_51]
	at sun.net.www.http.HttpClient.New(HttpClient.java:308) ~[?:1.8.0_51]
	at sun.net.www.http.HttpClient.New(HttpClient.java:326) ~[?:1.8.0_51]
	at sun.net.www.protocol.http.HttpURLConnection.getNewHttpClient(HttpURLConnection.java:1168) ~[?:1.8.0_51]
	at sun.net.www.protocol.http.HttpURLConnection.plainConnect0(HttpURLConnection.java:1147) ~[?:1.8.0_51]
	at sun.net.www.protocol.http.HttpURLConnection$6.run(HttpURLConnection.java:988) ~[?:1.8.0_51]
	at sun.net.www.protocol.http.HttpURLConnection$6.run(HttpURLConnection.java:986) ~[?:1.8.0_51]
	at java.security.AccessController.doPrivileged(Native Method) ~[?:1.8.0_51]
	at java.security.AccessController.doPrivileged(AccessController.java:713) ~[?:1.8.0_51]
	at sun.net.www.protocol.http.HttpURLConnection.plainConnect(HttpURLConnection.java:985) ~[?:1.8.0_51]
	at sun.net.www.protocol.http.HttpURLConnection.connect(HttpURLConnection.java:932) ~[?:1.8.0_51]
	at net.minecraft.client.renderer.ThreadDownloadImageData$1.run(SourceFile:106) [bma$1.class:?]
[19:30:56] [Texture Downloader #16/ERROR]: Couldn't download http texture
java.net.UnknownHostException: skins.minecraft.net
	at java.net.AbstractPlainSocketImpl.connect(AbstractPlainSocketImpl.java:184) ~[?:1.8.0_51]
	at java.net.PlainSocketImpl.connect(PlainSocketImpl.java:172) ~[?:1.8.0_51]
	at java.net.SocksSocketImpl.connect(SocksSocketImpl.java:392) ~[?:1.8.0_51]
	at java.net.Socket.connect(Socket.java:589) ~[?:1.8.0_51]
	at java.net.Socket.connect(Socket.java:538) ~[?:1.8.0_51]
	at sun.net.NetworkClient.doConnect(NetworkClient.java:180) ~[?:1.8.0_51]
	at sun.net.www.http.HttpClient.openServer(HttpClient.java:432) ~[?:1.8.0_51]
	at sun.net.www.http.HttpClient.openServer(HttpClient.java:527) ~[?:1.8.0_51]
	at sun.net.www.http.HttpClient.<init>(HttpClient.java:211) ~[?:1.8.0_51]
	at sun.net.www.http.HttpClient.New(HttpClient.java:308) ~[?:1.8.0_51]
	at sun.net.www.http.HttpClient.New(HttpClient.java:326) ~[?:1.8.0_51]
	at sun.net.www.protocol.http.HttpURLConnection.getNewHttpClient(HttpURLConnection.java:1168) ~[?:1.8.0_51]
	at sun.net.www.protocol.http.HttpURLConnection.plainConnect0(HttpURLConnection.java:1147) ~[?:1.8.0_51]
	at sun.net.www.protocol.http.HttpURLConnection$6.run(HttpURLConnection.java:988) ~[?:1.8.0_51]
	at sun.net.www.protocol.http.HttpURLConnection$6.run(HttpURLConnection.java:986) ~[?:1.8.0_51]
	at java.security.AccessController.doPrivileged(Native Method) ~[?:1.8.0_51]
	at java.security.AccessController.doPrivileged(AccessController.java:713) ~[?:1.8.0_51]
	at sun.net.www.protocol.http.HttpURLConnection.plainConnect(HttpURLConnection.java:985) ~[?:1.8.0_51]
	at sun.net.www.protocol.http.HttpURLConnection.connect(HttpURLConnection.java:932) ~[?:1.8.0_51]
	at net.minecraft.client.renderer.ThreadDownloadImageData$1.run(SourceFile:106) [bma$1.class:?]
[19:30:56] [Texture Downloader #20/ERROR]: Couldn't download http texture
java.net.UnknownHostException: skins.minecraft.net
	at java.net.AbstractPlainSocketImpl.connect(AbstractPlainSocketImpl.java:184) ~[?:1.8.0_51]
	at java.net.PlainSocketImpl.connect(PlainSocketImpl.java:172) ~[?:1.8.0_51]
	at java.net.SocksSocketImpl.connect(SocksSocketImpl.java:392) ~[?:1.8.0_51]
	at java.net.Socket.connect(Socket.java:589) ~[?:1.8.0_51]
	at java.net.Socket.connect(Socket.java:538) ~[?:1.8.0_51]
	at sun.net.NetworkClient.doConnect(NetworkClient.java:180) ~[?:1.8.0_51]
	at sun.net.www.http.HttpClient.openServer(HttpClient.java:432) ~[?:1.8.0_51]
	at sun.net.www.http.HttpClient.openServer(HttpClient.java:527) ~[?:1.8.0_51]
	at sun.net.www.http.HttpClient.<init>(HttpClient.java:211) ~[?:1.8.0_51]
	at sun.net.www.http.HttpClient.New(HttpClient.java:308) ~[?:1.8.0_51]
	at sun.net.www.http.HttpClient.New(HttpClient.java:326) ~[?:1.8.0_51]
	at sun.net.www.protocol.http.HttpURLConnection.getNewHttpClient(HttpURLConnection.java:1168) ~[?:1.8.0_51]
	at sun.net.www.protocol.http.HttpURLConnection.plainConnect0(HttpURLConnection.java:1147) ~[?:1.8.0_51]
	at sun.net.www.protocol.http.HttpURLConnection$6.run(HttpURLConnection.java:988) ~[?:1.8.0_51]
	at sun.net.www.protocol.http.HttpURLConnection$6.run(HttpURLConnection.java:986) ~[?:1.8.0_51]
	at java.security.AccessController.doPrivileged(Native Method) ~[?:1.8.0_51]
	at java.security.AccessController.doPrivileged(AccessController.java:713) ~[?:1.8.0_51]
	at sun.net.www.protocol.http.HttpURLConnection.plainConnect(HttpURLConnection.java:985) ~[?:1.8.0_51]
	at sun.net.www.protocol.http.HttpURLConnection.connect(HttpURLConnection.java:932) ~[?:1.8.0_51]
	at net.minecraft.client.renderer.ThreadDownloadImageData$1.run(SourceFile:106) [bma$1.class:?]
[19:30:56] [Texture Downloader #19/ERROR]: Couldn't download http texture
java.net.UnknownHostException: skins.minecraft.net
	at java.net.AbstractPlainSocketImpl.connect(AbstractPlainSocketImpl.java:184) ~[?:1.8.0_51]
	at java.net.PlainSocketImpl.connect(PlainSocketImpl.java:172) ~[?:1.8.0_51]
	at java.net.SocksSocketImpl.connect(SocksSocketImpl.java:392) ~[?:1.8.0_51]
	at java.net.Socket.connect(Socket.java:589) ~[?:1.8.0_51]
	at java.net.Socket.connect(Socket.java:538) ~[?:1.8.0_51]
	at sun.net.NetworkClient.doConnect(NetworkClient.java:180) ~[?:1.8.0_51]
	at sun.net.www.http.HttpClient.openServer(HttpClient.java:432) ~[?:1.8.0_51]
	at sun.net.www.http.HttpClient.openServer(HttpClient.java:527) ~[?:1.8.0_51]
	at sun.net.www.http.HttpClient.<init>(HttpClient.java:211) ~[?:1.8.0_51]
	at sun.net.www.http.HttpClient.New(HttpClient.java:308) ~[?:1.8.0_51]
	at sun.net.www.http.HttpClient.New(HttpClient.java:326) ~[?:1.8.0_51]
	at sun.net.www.protocol.http.HttpURLConnection.getNewHttpClient(HttpURLConnection.java:1168) ~[?:1.8.0_51]
	at sun.net.www.protocol.http.HttpURLConnection.plainConnect0(HttpURLConnection.java:1147) ~[?:1.8.0_51]
	at sun.net.www.protocol.http.HttpURLConnection$6.run(HttpURLConnection.java:988) ~[?:1.8.0_51]
	at sun.net.www.protocol.http.HttpURLConnection$6.run(HttpURLConnection.java:986) ~[?:1.8.0_51]
	at java.security.AccessController.doPrivileged(Native Method) ~[?:1.8.0_51]
	at java.security.AccessController.doPrivileged(AccessController.java:713) ~[?:1.8.0_51]
	at sun.net.www.protocol.http.HttpURLConnection.plainConnect(HttpURLConnection.java:985) ~[?:1.8.0_51]
	at sun.net.www.protocol.http.HttpURLConnection.connect(HttpURLConnection.java:932) ~[?:1.8.0_51]
	at net.minecraft.client.renderer.ThreadDownloadImageData$1.run(SourceFile:106) [bma$1.class:?]
[19:30:56] [Texture Downloader #36/ERROR]: Couldn't download http texture
java.net.UnknownHostException: skins.minecraft.net
	at java.net.AbstractPlainSocketImpl.connect(AbstractPlainSocketImpl.java:184) ~[?:1.8.0_51]
	at java.net.PlainSocketImpl.connect(PlainSocketImpl.java:172) ~[?:1.8.0_51]
	at java.net.SocksSocketImpl.connect(SocksSocketImpl.java:392) ~[?:1.8.0_51]
	at java.net.Socket.connect(Socket.java:589) ~[?:1.8.0_51]
	at java.net.Socket.connect(Socket.java:538) ~[?:1.8.0_51]
	at sun.net.NetworkClient.doConnect(NetworkClient.java:180) ~[?:1.8.0_51]
	at sun.net.www.http.HttpClient.openServer(HttpClient.java:432) ~[?:1.8.0_51]
	at sun.net.www.http.HttpClient.openServer(HttpClient.java:527) ~[?:1.8.0_51]
	at sun.net.www.http.HttpClient.<init>(HttpClient.java:211) ~[?:1.8.0_51]
	at sun.net.www.http.HttpClient.New(HttpClient.java:308) ~[?:1.8.0_51]
	at sun.net.www.http.HttpClient.New(HttpClient.java:326) ~[?:1.8.0_51]
	at sun.net.www.protocol.http.HttpURLConnection.getNewHttpClient(HttpURLConnection.java:1168) ~[?:1.8.0_51]
	at sun.net.www.protocol.http.HttpURLConnection.plainConnect0(HttpURLConnection.java:1147) ~[?:1.8.0_51]
	at sun.net.www.protocol.http.HttpURLConnection$6.run(HttpURLConnection.java:988) ~[?:1.8.0_51]
	at sun.net.www.protocol.http.HttpURLConnection$6.run(HttpURLConnection.java:986) ~[?:1.8.0_51]
	at java.security.AccessController.doPrivileged(Native Method) ~[?:1.8.0_51]
	at java.security.AccessController.doPrivileged(AccessController.java:713) ~[?:1.8.0_51]
	at sun.net.www.protocol.http.HttpURLConnection.plainConnect(HttpURLConnection.java:985) ~[?:1.8.0_51]
	at sun.net.www.protocol.http.HttpURLConnection.connect(HttpURLConnection.java:932) ~[?:1.8.0_51]
	at net.minecraft.client.renderer.ThreadDownloadImageData$1.run(SourceFile:106) [bma$1.class:?]
[19:30:56] [Texture Downloader #37/ERROR]: Couldn't download http texture
java.net.UnknownHostException: skins.minecraft.net
	at java.net.AbstractPlainSocketImpl.connect(AbstractPlainSocketImpl.java:184) ~[?:1.8.0_51]
	at java.net.PlainSocketImpl.connect(PlainSocketImpl.java:172) ~[?:1.8.0_51]
	at java.net.SocksSocketImpl.connect(SocksSocketImpl.java:392) ~[?:1.8.0_51]
	at java.net.Socket.connect(Socket.java:589) ~[?:1.8.0_51]
	at java.net.Socket.connect(Socket.java:538) ~[?:1.8.0_51]
	at sun.net.NetworkClient.doConnect(NetworkClient.java:180) ~[?:1.8.0_51]
	at sun.net.www.http.HttpClient.openServer(HttpClient.java:432) ~[?:1.8.0_51]
	at sun.net.www.http.HttpClient.openServer(HttpClient.java:527) ~[?:1.8.0_51]
	at sun.net.www.http.HttpClient.<init>(HttpClient.java:211) ~[?:1.8.0_51]
	at sun.net.www.http.HttpClient.New(HttpClient.java:308) ~[?:1.8.0_51]
	at sun.net.www.http.HttpClient.New(HttpClient.java:326) ~[?:1.8.0_51]
	at sun.net.www.protocol.http.HttpURLConnection.getNewHttpClient(HttpURLConnection.java:1168) ~[?:1.8.0_51]
	at sun.net.www.protocol.http.HttpURLConnection.plainConnect0(HttpURLConnection.java:1147) ~[?:1.8.0_51]
	at sun.net.www.protocol.http.HttpURLConnection$6.run(HttpURLConnection.java:988) ~[?:1.8.0_51]
	at sun.net.www.protocol.http.HttpURLConnection$6.run(HttpURLConnection.java:986) ~[?:1.8.0_51]
	at java.security.AccessController.doPrivileged(Native Method) ~[?:1.8.0_51]
	at java.security.AccessController.doPrivileged(AccessController.java:713) ~[?:1.8.0_51]
	at sun.net.www.protocol.http.HttpURLConnection.plainConnect(HttpURLConnection.java:985) ~[?:1.8.0_51]
	at sun.net.www.protocol.http.HttpURLConnection.connect(HttpURLConnection.java:932) ~[?:1.8.0_51]
	at net.minecraft.client.renderer.ThreadDownloadImageData$1.run(SourceFile:106) [bma$1.class:?]
[19:30:56] [Texture Downloader #38/ERROR]: Couldn't download http texture
java.net.UnknownHostException: skins.minecraft.net
	at java.net.AbstractPlainSocketImpl.connect(AbstractPlainSocketImpl.java:184) ~[?:1.8.0_51]
	at java.net.PlainSocketImpl.connect(PlainSocketImpl.java:172) ~[?:1.8.0_51]
	at java.net.SocksSocketImpl.connect(SocksSocketImpl.java:392) ~[?:1.8.0_51]
	at java.net.Socket.connect(Socket.java:589) ~[?:1.8.0_51]
	at java.net.Socket.connect(Socket.java:538) ~[?:1.8.0_51]
	at sun.net.NetworkClient.doConnect(NetworkClient.java:180) ~[?:1.8.0_51]
	at sun.net.www.http.HttpClient.openServer(HttpClient.java:432) ~[?:1.8.0_51]
	at sun.net.www.http.HttpClient.openServer(HttpClient.java:527) ~[?:1.8.0_51]
	at sun.net.www.http.HttpClient.<init>(HttpClient.java:211) ~[?:1.8.0_51]
	at sun.net.www.http.HttpClient.New(HttpClient.java:308) ~[?:1.8.0_51]
	at sun.net.www.http.HttpClient.New(HttpClient.java:326) ~[?:1.8.0_51]
	at sun.net.www.protocol.http.HttpURLConnection.getNewHttpClient(HttpURLConnection.java:1168) ~[?:1.8.0_51]
	at sun.net.www.protocol.http.HttpURLConnection.plainConnect0(HttpURLConnection.java:1147) ~[?:1.8.0_51]
	at sun.net.www.protocol.http.HttpURLConnection$6.run(HttpURLConnection.java:988) ~[?:1.8.0_51]
	at sun.net.www.protocol.http.HttpURLConnection$6.run(HttpURLConnection.java:986) ~[?:1.8.0_51]
	at java.security.AccessController.doPrivileged(Native Method) ~[?:1.8.0_51]
	at java.security.AccessController.doPrivileged(AccessController.java:713) ~[?:1.8.0_51]
	at sun.net.www.protocol.http.HttpURLConnection.plainConnect(HttpURLConnection.java:985) ~[?:1.8.0_51]
	at sun.net.www.protocol.http.HttpURLConnection.connect(HttpURLConnection.java:932) ~[?:1.8.0_51]
	at net.minecraft.client.renderer.ThreadDownloadImageData$1.run(SourceFile:106) [bma$1.class:?]
[19:30:56] [Texture Downloader #39/ERROR]: Couldn't download http texture
java.net.UnknownHostException: skins.minecraft.net
	at java.net.AbstractPlainSocketImpl.connect(AbstractPlainSocketImpl.java:184) ~[?:1.8.0_51]
	at java.net.PlainSocketImpl.connect(PlainSocketImpl.java:172) ~[?:1.8.0_51]
	at java.net.SocksSocketImpl.connect(SocksSocketImpl.java:392) ~[?:1.8.0_51]
	at java.net.Socket.connect(Socket.java:589) ~[?:1.8.0_51]
	at java.net.Socket.connect(Socket.java:538) ~[?:1.8.0_51]
	at sun.net.NetworkClient.doConnect(NetworkClient.java:180) ~[?:1.8.0_51]
	at sun.net.www.http.HttpClient.openServer(HttpClient.java:432) ~[?:1.8.0_51]
	at sun.net.www.http.HttpClient.openServer(HttpClient.java:527) ~[?:1.8.0_51]
	at sun.net.www.http.HttpClient.<init>(HttpClient.java:211) ~[?:1.8.0_51]
	at sun.net.www.http.HttpClient.New(HttpClient.java:308) ~[?:1.8.0_51]
	at sun.net.www.http.HttpClient.New(HttpClient.java:326) ~[?:1.8.0_51]
	at sun.net.www.protocol.http.HttpURLConnection.getNewHttpClient(HttpURLConnection.java:1168) ~[?:1.8.0_51]
	at sun.net.www.protocol.http.HttpURLConnection.plainConnect0(HttpURLConnection.java:1147) ~[?:1.8.0_51]
	at sun.net.www.protocol.http.HttpURLConnection$6.run(HttpURLConnection.java:988) ~[?:1.8.0_51]
	at sun.net.www.protocol.http.HttpURLConnection$6.run(HttpURLConnection.java:986) ~[?:1.8.0_51]
	at java.security.AccessController.doPrivileged(Native Method) ~[?:1.8.0_51]
	at java.security.AccessController.doPrivileged(AccessController.java:713) ~[?:1.8.0_51]
	at sun.net.www.protocol.http.HttpURLConnection.plainConnect(HttpURLConnection.java:985) ~[?:1.8.0_51]
	at sun.net.www.protocol.http.HttpURLConnection.connect(HttpURLConnection.java:932) ~[?:1.8.0_51]
	at net.minecraft.client.renderer.ThreadDownloadImageData$1.run(SourceFile:106) [bma$1.class:?]
[19:31:15] [Client thread/INFO]: [CHAT] Shikim0ry__, Shimakup, Shinda493_
[19:31:15] [Client thread/INFO]: [CHAT] [?] Vous avez bien envoyé une demande d'ami à Shikim0ry__.
[19:33:48] [Client thread/INFO]: [CHAT] Shikim0ry__ » mayorie : ?
[19:34:09] [Client thread/INFO]: [CHAT] mayorie » Shikim0ry__ : je tankais pour pouvoir tuer le lgb XD
[19:34:18] [Client thread/INFO]: [CHAT] Shikim0ry__ » mayorie : jte connais pas déso
[19:34:38] [Client thread/INFO]: [CHAT] ------------- ? -------------
[19:34:38] [Client thread/INFO]: [CHAT]  Le village a perdu un de ses membres : CamionToupie_, qui était Cupidon.
[19:34:38] [Client thread/INFO]: [CHAT] ----------------------------
[19:34:45] [Client thread/INFO]: [CHAT] [LG UHC] Les Loups-Garous remportent la partie !
[19:34:45] [Client thread/INFO]: [CHAT] ------------- ? -------------
[19:34:45] [Client thread/INFO]: [CHAT]  Le village a perdu un de ses membres : 1v1GeoGebra, qui était seikufnzieuio.
[19:34:45] [Client thread/INFO]: [CHAT] ----------------------------
[19:34:46] [Client thread/INFO]: [CHAT] 
[19:34:46] [Client thread/INFO]: [CHAT] Récapitulatif de la partie (temps total de jeu : 1h55m49s)
[19:34:46] [Client thread/INFO]: [CHAT]  
[19:34:46] [Client thread/INFO]: [CHAT] §8§m§lnerfoxx1020§8§m: §oConteuse§r 
[19:34:46] [Client thread/INFO]: [CHAT] §8§m§lWecylix§8§m: §oRebouteux§r 
[19:34:46] [Client thread/INFO]: [CHAT] §8§m§lMax51z§8§m: §oPetite Fille§r 
[19:34:46] [Client thread/INFO]: [CHAT] §8§m§lBando_violet§8§m: §oBienfaiteur§r 
[19:34:46] [Client thread/INFO]: [CHAT] §8§m§lAirdowx§8§m: §oSalvateur§r 
[19:34:46] [Client thread/INFO]: [CHAT] §8§m§l_khalamite_§8§m: §oAnalyste§r 
[19:34:46] [Client thread/INFO]: [CHAT] §8§m§lCosmoPingui§8§m: §oAnge Gardien§r 
[19:34:46] [Client thread/INFO]: [CHAT] §8§m§lLaser_Jump974§8§m: §oLoup-Garou Craintif§r §b? 
[19:34:46] [Client thread/INFO]: [CHAT] §8§m§lAlex_943_lq§8§m: §oLoup-Garou Feutré§r 
[19:34:46] [Client thread/INFO]: [CHAT] §8§m§lYannnix§8§m: §oAncien§r 
[19:34:46] [Client thread/INFO]: [CHAT] §8§m§lJulozTag§8§m: §oLoup-Garou§r 
[19:34:46] [Client thread/INFO]: [CHAT] §8§m§lglisse_a_gogo§8§m: §oImitateur§r §b? 
[19:34:46] [Client thread/INFO]: [CHAT] §8§m§lFirestromp_§8§m: §oChasseur§r 
[19:34:46] [Client thread/INFO]: [CHAT] §8§m§lIz_svulp§8§m: §oGarde§r 
[19:34:46] [Client thread/INFO]: [CHAT] §8§m§lGlouTmon§8§m: §oVoleur§r 
[19:34:46] [Client thread/INFO]: [CHAT] §8§m§lOmiscaketi§8§m: §oRenégat (Infecté)§r 
[19:34:46] [Client thread/INFO]: [CHAT] §8§m§lPetite_Cuilleres§8§m: §oVoyou§r §c?
[19:34:46] [Client thread/INFO]: [CHAT] §8§m§lBTFE§8§m: §oTrublion§r §c?
[19:34:46] [Client thread/INFO]: [CHAT] §8§m§laZakryto§8§m: §oAubergiste§r 
[19:34:46] [Client thread/INFO]: [CHAT] §8§m§ltntbb§8§m: §oLoup-Garou Mystique§r 
[19:34:46] [Client thread/INFO]: [CHAT] §8§m§lLixDu333§8§m: §oLapin§r 
[19:34:46] [Client thread/INFO]: [CHAT] §8§m§lYroGriffe§8§m: §oOracle§r 
[19:34:46] [Client thread/INFO]: [CHAT] §8§m§lHayZunette§8§m: §oVoyante Bavarde§r 
[19:34:46] [Client thread/INFO]: [CHAT] §8§m§lNHaache§8§m: §oMire§r 
[19:34:46] [Client thread/INFO]: [CHAT] §8§m§lmayorie§8§m: §oInfect Père des Loups§r 
[19:34:46] [Client thread/INFO]: [CHAT] §8§m§ltropblatant§8§m: §oLoup-Garou Blanc§r 
[19:34:46] [Client thread/INFO]: [CHAT] §8§m§lCamionToupie_§8§m: §oCupidon§r 
[19:34:46] [Client thread/INFO]: [CHAT] §8§m§l1v1GeoGebra§8§m: §oAssassin§r 
[19:34:46] [Client thread/INFO]: [CHAT] §c§lShimakup§c: §oLoup-Garou Déloyal§r 
[19:34:46] [Client thread/INFO]: [CHAT] §c§l1v1PowerPoint§c: §oVilain Petit Loup§r 
[19:34:46] [Client thread/INFO]: [CHAT] 
[19:34:46] [Client thread/INFO]: [CHAT] Evénements aléatoires déclenchés 
[19:34:46] [Client thread/INFO]: [CHAT]  
[19:34:46] [Client thread/INFO]: [CHAT] Feu de camp (100%)
[19:34:46] [Client thread/INFO]: [CHAT] Aurore Boréale (100%)
[19:34:46] [Client thread/INFO]: [CHAT] Exposed (100%)
[19:34:46] [Client thread/INFO]: [CHAT] Lune de sang (50%)
[19:34:47] [Client thread/INFO]: [CHAT]  
[19:34:47] [Client thread/INFO]: [CHAT] » Victoire de Shimakup and 1v1PowerPoint avec 15 kill(s) !
[19:34:47] [Client thread/INFO]: [CHAT]  
[19:34:47] [Client thread/INFO]: [CHAT] [?] Vous avez reçu 60 XP grâce à cette partie !
[19:34:50] [Client thread/INFO]: [CHAT] [?] Vous avez été déplacé vers le canal Game sur Mumble.
[19:35:44] [Client thread/INFO]: [CHAT] ------------- ? -------------
[19:35:44] [Client thread/INFO]: [CHAT]  Le village a perdu un de ses membres : Shimakup, qui était seikufnzieuio.
[19:35:44] [Client thread/INFO]: [CHAT] ----------------------------
[19:37:46] [Client thread/INFO]: [CHAT] [HOST] L'UHC va se fermer dans quelques secondes !
[19:37:49] [Client thread/INFO]: [CHAT] 1v1PowerPoint left the game.
[19:37:50] [Client thread/INFO]: [CHAT] You were kicked from lg-388: Server closed
[19:37:50] [Client thread/FATAL]: Error executing task
java.util.concurrent.ExecutionException: java.lang.NullPointerException
	at java.util.concurrent.FutureTask.report(FutureTask.java:122) ~[?:1.8.0_51]
	at java.util.concurrent.FutureTask.get(FutureTask.java:192) ~[?:1.8.0_51]
	at net.minecraft.util.Util.func_181617_a(SourceFile:45) [g.class:?]
	at net.minecraft.client.Minecraft.func_71411_J(Minecraft.java:1014) [ave.class:?]
	at net.minecraft.client.Minecraft.func_99999_d(Minecraft.java:349) [ave.class:?]
	at net.minecraft.client.main.Main.main(SourceFile:124) [Main.class:?]
	at sun.reflect.NativeMethodAccessorImpl.invoke0(Native Method) ~[?:1.8.0_51]
	at sun.reflect.NativeMethodAccessorImpl.invoke(NativeMethodAccessorImpl.java:62) ~[?:1.8.0_51]
	at sun.reflect.DelegatingMethodAccessorImpl.invoke(DelegatingMethodAccessorImpl.java:43) ~[?:1.8.0_51]
	at java.lang.reflect.Method.invoke(Method.java:497) ~[?:1.8.0_51]
	at net.minecraft.launchwrapper.Launch.launch(Launch.java:135) [launchwrapper-1.12.jar:?]
	at net.minecraft.launchwrapper.Launch.main(Launch.java:28) [launchwrapper-1.12.jar:?]
Caused by: java.lang.NullPointerException
	at net.minecraft.network.play.server.S0CPacketSpawnPlayer.func_148944_c(SourceFile:80) ~[fp.class:?]
	at net.minecraft.client.network.NetHandlerPlayClient.func_147237_a(NetHandlerPlayClient.java:501) ~[bcy.class:?]
	at net.minecraft.network.play.server.S0CPacketSpawnPlayer.func_148833_a(SourceFile:75) ~[fp.class:?]
	at net.minecraft.network.play.server.S0CPacketSpawnPlayer.func_148833_a(SourceFile:16) ~[fp.class:?]
	at net.minecraft.network.PacketThreadUtil$1.run(SourceFile:13) ~[fh$1.class:?]
	at java.util.concurrent.Executors$RunnableAdapter.call(Executors.java:511) ~[?:1.8.0_51]
	at java.util.concurrent.FutureTask.run(FutureTask.java:266) ~[?:1.8.0_51]
	at net.minecraft.util.Util.func_181617_a(SourceFile:44) ~[g.class:?]
	... 9 more
[19:37:50] [Client thread/FATAL]: Error executing task
java.util.concurrent.ExecutionException: java.lang.IllegalArgumentException: A team with the name 'citizen_team' already exists!
	at java.util.concurrent.FutureTask.report(FutureTask.java:122) ~[?:1.8.0_51]
	at java.util.concurrent.FutureTask.get(FutureTask.java:192) ~[?:1.8.0_51]
	at net.minecraft.util.Util.func_181617_a(SourceFile:45) [g.class:?]
	at net.minecraft.client.Minecraft.func_71411_J(Minecraft.java:1014) [ave.class:?]
	at net.minecraft.client.Minecraft.func_99999_d(Minecraft.java:349) [ave.class:?]
	at net.minecraft.client.main.Main.main(SourceFile:124) [Main.class:?]
	at sun.reflect.NativeMethodAccessorImpl.invoke0(Native Method) ~[?:1.8.0_51]
	at sun.reflect.NativeMethodAccessorImpl.invoke(NativeMethodAccessorImpl.java:62) ~[?:1.8.0_51]
	at sun.reflect.DelegatingMethodAccessorImpl.invoke(DelegatingMethodAccessorImpl.java:43) ~[?:1.8.0_51]
	at java.lang.reflect.Method.invoke(Method.java:497) ~[?:1.8.0_51]
	at net.minecraft.launchwrapper.Launch.launch(Launch.java:135) [launchwrapper-1.12.jar:?]
	at net.minecraft.launchwrapper.Launch.main(Launch.java:28) [launchwrapper-1.12.jar:?]
Caused by: java.lang.IllegalArgumentException: A team with the name 'citizen_team' already exists!
	at net.minecraft.scoreboard.Scoreboard.func_96527_f(SourceFile:218) ~[auo.class:?]
	at net.minecraft.client.network.NetHandlerPlayClient.func_147247_a(NetHandlerPlayClient.java:1773) ~[bcy.class:?]
	at net.minecraft.network.play.server.S3EPacketTeams.func_148833_a(SourceFile:113) ~[hr.class:?]
	at net.minecraft.network.play.server.S3EPacketTeams.func_148833_a(SourceFile:13) ~[hr.class:?]
	at net.minecraft.network.PacketThreadUtil$1.run(SourceFile:13) ~[fh$1.class:?]
	at java.util.concurrent.Executors$RunnableAdapter.call(Executors.java:511) ~[?:1.8.0_51]
	at java.util.concurrent.FutureTask.run(FutureTask.java:266) ~[?:1.8.0_51]
	at net.minecraft.util.Util.func_181617_a(SourceFile:44) ~[g.class:?]
	... 9 more
[19:37:50] [Client thread/FATAL]: Error executing task
java.util.concurrent.ExecutionException: java.lang.NullPointerException
	at java.util.concurrent.FutureTask.report(FutureTask.java:122) ~[?:1.8.0_51]
	at java.util.concurrent.FutureTask.get(FutureTask.java:192) ~[?:1.8.0_51]
	at net.minecraft.util.Util.func_181617_a(SourceFile:45) [g.class:?]
	at net.minecraft.client.Minecraft.func_71411_J(Minecraft.java:1014) [ave.class:?]
	at net.minecraft.client.Minecraft.func_99999_d(Minecraft.java:349) [ave.class:?]
	at net.minecraft.client.main.Main.main(SourceFile:124) [Main.class:?]
	at sun.reflect.NativeMethodAccessorImpl.invoke0(Native Method) ~[?:1.8.0_51]
	at sun.reflect.NativeMethodAccessorImpl.invoke(NativeMethodAccessorImpl.java:62) ~[?:1.8.0_51]
	at sun.reflect.DelegatingMethodAccessorImpl.invoke(DelegatingMethodAccessorImpl.java:43) ~[?:1.8.0_51]
	at java.lang.reflect.Method.invoke(Method.java:497) ~[?:1.8.0_51]
	at net.minecraft.launchwrapper.Launch.launch(Launch.java:135) [launchwrapper-1.12.jar:?]
	at net.minecraft.launchwrapper.Launch.main(Launch.java:28) [launchwrapper-1.12.jar:?]
Caused by: java.lang.NullPointerException
	at net.minecraft.network.play.server.S0CPacketSpawnPlayer.func_148944_c(SourceFile:80) ~[fp.class:?]
	at net.minecraft.client.network.NetHandlerPlayClient.func_147237_a(NetHandlerPlayClient.java:501) ~[bcy.class:?]
	at net.minecraft.network.play.server.S0CPacketSpawnPlayer.func_148833_a(SourceFile:75) ~[fp.class:?]
	at net.minecraft.network.play.server.S0CPacketSpawnPlayer.func_148833_a(SourceFile:16) ~[fp.class:?]
	at net.minecraft.network.PacketThreadUtil$1.run(SourceFile:13) ~[fh$1.class:?]
	at java.util.concurrent.Executors$RunnableAdapter.call(Executors.java:511) ~[?:1.8.0_51]
	at java.util.concurrent.FutureTask.run(FutureTask.java:266) ~[?:1.8.0_51]
	at net.minecraft.util.Util.func_181617_a(SourceFile:44) ~[g.class:?]
	... 9 more
[19:37:50] [Client thread/FATAL]: Error executing task
java.util.concurrent.ExecutionException: java.lang.NullPointerException
	at java.util.concurrent.FutureTask.report(FutureTask.java:122) ~[?:1.8.0_51]
	at java.util.concurrent.FutureTask.get(FutureTask.java:192) ~[?:1.8.0_51]
	at net.minecraft.util.Util.func_181617_a(SourceFile:45) [g.class:?]
	at net.minecraft.client.Minecraft.func_71411_J(Minecraft.java:1014) [ave.class:?]
	at net.minecraft.client.Minecraft.func_99999_d(Minecraft.java:349) [ave.class:?]
	at net.minecraft.client.main.Main.main(SourceFile:124) [Main.class:?]
	at sun.reflect.NativeMethodAccessorImpl.invoke0(Native Method) ~[?:1.8.0_51]
	at sun.reflect.NativeMethodAccessorImpl.invoke(NativeMethodAccessorImpl.java:62) ~[?:1.8.0_51]
	at sun.reflect.DelegatingMethodAccessorImpl.invoke(DelegatingMethodAccessorImpl.java:43) ~[?:1.8.0_51]
	at java.lang.reflect.Method.invoke(Method.java:497) ~[?:1.8.0_51]
	at net.minecraft.launchwrapper.Launch.launch(Launch.java:135) [launchwrapper-1.12.jar:?]
	at net.minecraft.launchwrapper.Launch.main(Launch.java:28) [launchwrapper-1.12.jar:?]
Caused by: java.lang.NullPointerException
	at net.minecraft.network.play.server.S0FPacketSpawnMob.func_149027_c(SourceFile:114) ~[fn.class:?]
	at net.minecraft.client.network.NetHandlerPlayClient.func_147281_a(NetHandlerPlayClient.java:840) ~[bcy.class:?]
	at net.minecraft.network.play.server.S0FPacketSpawnMob.func_148833_a(SourceFile:109) ~[fn.class:?]
	at net.minecraft.network.play.server.S0FPacketSpawnMob.func_148833_a(SourceFile:15) ~[fn.class:?]
	at net.minecraft.network.PacketThreadUtil$1.run(SourceFile:13) ~[fh$1.class:?]
	at java.util.concurrent.Executors$RunnableAdapter.call(Executors.java:511) ~[?:1.8.0_51]
	at java.util.concurrent.FutureTask.run(FutureTask.java:266) ~[?:1.8.0_51]
	at net.minecraft.util.Util.func_181617_a(SourceFile:44) ~[g.class:?]
	... 9 more
[19:37:51] [Client thread/INFO]: [CHAT] !!! ??? LixDu333 a rejoint le hub ! !!!
[19:37:51] [Client thread/FATAL]: Error executing task
java.util.concurrent.ExecutionException: java.lang.NullPointerException
	at java.util.concurrent.FutureTask.report(FutureTask.java:122) ~[?:1.8.0_51]
	at java.util.concurrent.FutureTask.get(FutureTask.java:192) ~[?:1.8.0_51]
	at net.minecraft.util.Util.func_181617_a(SourceFile:45) [g.class:?]
	at net.minecraft.client.Minecraft.func_71411_J(Minecraft.java:1014) [ave.class:?]
	at net.minecraft.client.Minecraft.func_99999_d(Minecraft.java:349) [ave.class:?]
	at net.minecraft.client.main.Main.main(SourceFile:124) [Main.class:?]
	at sun.reflect.NativeMethodAccessorImpl.invoke0(Native Method) ~[?:1.8.0_51]
	at sun.reflect.NativeMethodAccessorImpl.invoke(NativeMethodAccessorImpl.java:62) ~[?:1.8.0_51]
	at sun.reflect.DelegatingMethodAccessorImpl.invoke(DelegatingMethodAccessorImpl.java:43) ~[?:1.8.0_51]
	at java.lang.reflect.Method.invoke(Method.java:497) ~[?:1.8.0_51]
	at net.minecraft.launchwrapper.Launch.launch(Launch.java:135) [launchwrapper-1.12.jar:?]
	at net.minecraft.launchwrapper.Launch.main(Launch.java:28) [launchwrapper-1.12.jar:?]
Caused by: java.lang.NullPointerException
	at net.minecraft.network.play.server.S0FPacketSpawnMob.func_149027_c(SourceFile:114) ~[fn.class:?]
	at net.minecraft.client.network.NetHandlerPlayClient.func_147281_a(NetHandlerPlayClient.java:840) ~[bcy.class:?]
	at net.minecraft.network.play.server.S0FPacketSpawnMob.func_148833_a(SourceFile:109) ~[fn.class:?]
	at net.minecraft.network.play.server.S0FPacketSpawnMob.func_148833_a(SourceFile:15) ~[fn.class:?]
	at net.minecraft.network.PacketThreadUtil$1.run(SourceFile:13) ~[fh$1.class:?]
	at java.util.concurrent.Executors$RunnableAdapter.call(Executors.java:511) ~[?:1.8.0_51]
	at java.util.concurrent.FutureTask.run(FutureTask.java:266) ~[?:1.8.0_51]
	at net.minecraft.util.Util.func_181617_a(SourceFile:44) ~[g.class:?]
	... 9 more
[19:37:51] [Client thread/FATAL]: Error executing task
java.util.concurrent.ExecutionException: java.lang.NullPointerException
	at java.util.concurrent.FutureTask.report(FutureTask.java:122) ~[?:1.8.0_51]
	at java.util.concurrent.FutureTask.get(FutureTask.java:192) ~[?:1.8.0_51]
	at net.minecraft.util.Util.func_181617_a(SourceFile:45) [g.class:?]
	at net.minecraft.client.Minecraft.func_71411_J(Minecraft.java:1014) [ave.class:?]
	at net.minecraft.client.Minecraft.func_99999_d(Minecraft.java:349) [ave.class:?]
	at net.minecraft.client.main.Main.main(SourceFile:124) [Main.class:?]
	at sun.reflect.NativeMethodAccessorImpl.invoke0(Native Method) ~[?:1.8.0_51]
	at sun.reflect.NativeMethodAccessorImpl.invoke(NativeMethodAccessorImpl.java:62) ~[?:1.8.0_51]
	at sun.reflect.DelegatingMethodAccessorImpl.invoke(DelegatingMethodAccessorImpl.java:43) ~[?:1.8.0_51]
	at java.lang.reflect.Method.invoke(Method.java:497) ~[?:1.8.0_51]
	at net.minecraft.launchwrapper.Launch.launch(Launch.java:135) [launchwrapper-1.12.jar:?]
	at net.minecraft.launchwrapper.Launch.main(Launch.java:28) [launchwrapper-1.12.jar:?]
Caused by: java.lang.NullPointerException
	at net.minecraft.network.play.server.S0FPacketSpawnMob.func_149027_c(SourceFile:114) ~[fn.class:?]
	at net.minecraft.client.network.NetHandlerPlayClient.func_147281_a(NetHandlerPlayClient.java:840) ~[bcy.class:?]
	at net.minecraft.network.play.server.S0FPacketSpawnMob.func_148833_a(SourceFile:109) ~[fn.class:?]
	at net.minecraft.network.play.server.S0FPacketSpawnMob.func_148833_a(SourceFile:15) ~[fn.class:?]
	at net.minecraft.network.PacketThreadUtil$1.run(SourceFile:13) ~[fh$1.class:?]
	at java.util.concurrent.Executors$RunnableAdapter.call(Executors.java:511) ~[?:1.8.0_51]
	at java.util.concurrent.FutureTask.run(FutureTask.java:266) ~[?:1.8.0_51]
	at net.minecraft.util.Util.func_181617_a(SourceFile:44) ~[g.class:?]
	... 9 more
[19:37:55] [Client thread/INFO]: Applying holder lookups
[19:37:55] [Client thread/INFO]: Holder lookups applied
[19:37:55] [Netty Client IO #2/INFO]: Attempting connection with missing mods [mcp, FML, Forge, oneconfig, evergreenhud, MumbleLink, ExtendedPASupport] at SERVER
[19:37:58] [Client thread/INFO]: Stopping!
[19:37:58] [Client thread/INFO]: SoundSystem shutting down...
[19:37:58] [Client thread/WARN]: Author: Paul Lamb, www.paulscode.com
[19:37:58] [Client thread/ERROR]: The jar file C:\Users\matts\curseforge\minecraft\Install\libraries\org\lwjgl\lwjgl\lwjgl\2.9.4-nightly-20150209\lwjgl-2.9.4-nightly-20150209.jar has a security seal for path org.lwjgl.opengl, but that path is defined and not secure
[19:37:58] [Thread-17/INFO]: [ChatLog/TWK]Successfully closed chat log file.
